participant_id,date,fatigue,mood,readiness,stress,sleep_duration_h,sleep_quality,sleep_minutes_asleep,sleep_minutes_awake,sleep_efficiency,sleep_time_in_bed,sleep_minutes_to_fall,sleep_deep_min,sleep_light_min,sleep_rem_min,sleep_wake_min,sleep_start_hour,sleep_score_overall,sleep_score_composition,sleep_score_revitalization,sleep_score_duration,sleep_deep_min_score,sleep_restlessness,steps_total,steps_max_minute,calories_total,hr_mean,hr_std,hr_min,hr_max,hr_p05,rhr_value,rhr_error,active_light_min,active_moderate_min,active_very_min,sedentary_min,exercise_count,exercise_duration_min,exercise_calories,exercise_steps,exercise_avg_hr,day_of_week,is_weekend,high_fatigue
p01,2019-11-01,2,3,5,3,6,3,,,,,,,,,,,76.0,18.0,20.0,38.0,27.0,0.0536352800953516,17873.0,122.0,4009.1,61.39187945709685,10.251680800819008,46.0,120.0,51.0,53.74107360839844,6.7911224365234375,245.0,58,72,636,2.0,58.88333333333334,494.0,4664.0,94.0,4,0,0
p01,2019-11-02,2,3,6,3,6,3,378.0,52.0,97.0,430.0,0.0,36.0,259.0,83.0,52.0,0.0,79.0,20.0,22.0,37.0,36.0,0.0789779326364692,13118.0,118.0,3533.56,57.36841470765521,9.206157215647279,44.0,117.0,48.0,52.881497383117676,6.788424491882324,202.0,43,56,709,1.0,40.96666666666667,354.0,3035.0,98.0,5,1,0
p01,2019-11-03,3,3,8,3,6,3,378.0,44.0,96.0,422.0,0.0,38.0,289.0,51.0,44.0,0.0,71.0,16.0,17.0,38.0,38.0,0.093491124260355,14312.0,118.0,3748.73,59.88070132417852,9.78983896452691,45.0,107.0,50.0,53.22202396392822,6.787530899047852,262.0,63,45,648,,,,,,6,1,0
p01,2019-11-04,3,3,8,3,6,3,361.0,38.0,96.0,399.0,0.0,37.0,289.0,35.0,38.0,23.0,68.0,15.0,15.0,38.0,37.0,0.0648508430609598,10970.0,125.0,3353.38,59.72550626243709,9.081406283312186,44.0,123.0,48.0,54.31114101409912,6.787234306335449,230.0,23,28,760,1.0,17.066666666666666,145.0,1284.0,97.0,0,0,0
p01,2019-11-05,3,3,8,3,5,3,326.0,36.0,99.0,362.0,0.0,27.0,260.0,39.0,36.0,0.0,73.0,15.0,22.0,36.0,26.0,0.0931849791376912,16186.0,171.0,3794.63,64.19305348391221,23.55309848571517,44.0,163.0,48.0,52.25911045074463,6.787136077880859,263.0,22,56,737,2.0,40.63333333333333,517.0,4966.0,118.5,1,0,0
p01,2019-11-06,3,3,5,3,5,3,341.0,23.0,99.0,364.0,0.0,66.0,237.0,38.0,23.0,0.0,67.0,17.0,13.0,37.0,65.0,0.0644718792866941,8189.0,129.0,3192.41,62.21998990408884,8.111038034970909,46.0,125.0,53.0,54.2031888961792,6.787103652954102,206.0,10,11,849,,,,,,2,0,0
p01,2019-11-07,3,3,7,3,5,3,312.0,54.0,97.0,366.0,0.0,44.0,240.0,28.0,54.0,23.0,71.0,15.0,22.0,34.0,44.0,0.0681818181818181,8710.0,133.0,3143.87,61.963855421686745,9.74279146453568,46.0,141.0,50.0,53.09000301361084,6.787092208862305,182.0,11,15,866,,,,,,3,0,0
p01,2019-11-08,3,3,7,3,6,3,360.0,32.0,100.0,392.0,0.0,34.0,244.0,82.0,32.0,23.0,74.0,20.0,16.0,38.0,34.0,0.0564826700898587,12888.0,126.0,3640.23,62.17977261961156,9.918435006313606,47.0,127.0,52.0,53.342061042785645,6.787088394165039,212.0,38,54,744,1.0,30.733333333333334,252.0,2094.0,97.0,4,0,0
p01,2019-11-09,3,3,8,3,6,3,344.0,47.0,99.0,391.0,0.0,36.0,244.0,64.0,47.0,0.0,74.0,18.0,21.0,35.0,36.0,0.0664112388250319,16450.0,128.0,3912.61,61.258692781690144,11.149942043750078,46.0,116.0,49.0,53.04067897796631,6.787087440490723,305.0,31,60,653,1.0,52.05,454.0,4185.0,97.0,5,1,0
p01,2019-11-10,3,3,7,3,6,3,382.0,40.0,99.0,422.0,0.0,52.0,249.0,81.0,40.0,0.0,81.0,21.0,22.0,38.0,52.0,0.0616113744075829,17843.0,126.0,4014.13,60.20272839092027,12.155811371673096,45.0,130.0,49.0,52.42062187194824,6.787087440490723,263.0,34,92,629,1.0,47.78333333333333,470.0,4698.0,106.0,6,1,0
p01,2019-11-12,2,3,4,3,6,3,378.0,45.0,98.0,423.0,0.0,51.0,289.0,38.0,45.0,23.0,70.0,16.0,16.0,38.0,50.0,0.0809523809523809,10392.0,125.0,3386.19,60.4411268962196,8.852607455776788,45.0,118.0,49.0,52.115116119384766,6.787087440490723,221.0,16,36,744,1.0,15.366666666666667,104.0,867.0,88.0,1,0,0
p01,2019-11-13,3,3,7,2,5,3,320.0,41.0,97.0,361.0,0.0,28.0,210.0,82.0,41.0,0.0,76.0,19.0,22.0,35.0,28.0,0.056768558951965,11185.0,119.0,3312.92,59.359739807178535,8.946342564727317,44.0,112.0,48.0,51.88932704925537,6.787087440490723,197.0,24,33,825,,,,,,2,0,0
p01,2019-11-14,3,2,7,2,5,3,325.0,42.0,99.0,367.0,0.0,42.0,238.0,45.0,42.0,0.0,65.0,17.0,13.0,35.0,42.0,0.1075862068965517,19220.0,127.0,4556.2699999999995,63.35028104241186,11.362599441880368,46.0,151.0,52.0,51.93328094482422,6.787087440490723,208.0,53,121,691,3.0,110.94999999999999,1120.0,7742.0,105.66666666666667,3,0,0
p01,2019-11-15,2,3,5,3,6,3,342.0,43.0,95.0,385.0,0.0,58.0,198.0,86.0,43.0,0.0,74.0,21.0,16.0,37.0,58.0,0.1108108108108108,18259.0,125.0,4156.0599999999995,60.90806664269447,11.489607779354042,46.0,125.0,49.0,51.8710298538208,6.787087440490723,265.0,45,85,660,3.0,81.91666666666666,820.0,7178.0,108.33333333333333,4,0,0
p01,2019-11-16,2,3,6,3,5,2,317.0,42.0,93.0,359.0,0.0,20.0,251.0,46.0,42.0,0.0,67.0,15.0,18.0,34.0,20.0,0.1079545454545454,15305.0,125.0,4010.37,60.32619631110538,11.407410107348067,43.0,163.0,48.0,51.38984966278076,6.787087440490723,302.0,47,64,668,3.0,50.33333333333333,480.0,3485.0,104.0,5,1,0
p01,2019-11-17,3,4,6,3,5,4,337.0,40.0,96.0,377.0,0.0,49.0,221.0,67.0,40.0,0.0,71.0,20.0,15.0,36.0,49.0,0.1495327102803738,11916.0,139.0,3479.9,57.9440797186401,9.695543081062757,43.0,131.0,48.0,51.482625007629395,6.787087440490723,248.0,28,35,752,1.0,36.7,338.0,2395.0,104.0,6,1,0
p01,2019-11-18,2,3,8,2,5,2,330.0,42.0,98.0,372.0,0.0,8.0,262.0,60.0,42.0,0.0,72.0,16.0,21.0,35.0,8.0,0.0916552667578659,8241.0,170.0,3394.79,66.89138145911227,27.234790956886545,43.0,171.0,48.0,50.782002449035645,6.787087440490723,131.0,4,55,878,1.0,52.583333333333336,639.0,3288.0,127.0,0,0,0
p01,2019-11-19,2,3,5,3,5,2,318.0,43.0,96.0,361.0,0.0,43.0,212.0,63.0,43.0,0.0,67.0,20.0,13.0,34.0,43.0,0.0853146853146853,7134.0,122.0,3002.13,61.52887184849541,8.20124078278025,45.0,122.0,51.0,53.02547550201416,6.787087440490723,145.0,6,25,903,1.0,16.216666666666665,139.0,1164.0,98.0,1,0,0
p01,2019-11-20,2,3,7,2,6,3,383.0,39.0,97.0,422.0,0.0,39.0,278.0,66.0,39.0,23.0,74.0,18.0,18.0,38.0,39.0,0.0733727810650887,10116.0,122.0,3380.94,60.40191499299393,8.312453484834364,47.0,118.0,51.0,52.97533321380615,6.787087440490723,200.0,37,38,743,,,,,,2,0,0
p01,2019-11-21,3,3,7,3,5,3,327.0,44.0,98.0,371.0,0.0,33.0,236.0,58.0,44.0,0.0,70.0,18.0,18.0,34.0,32.0,0.0942126514131897,19747.0,132.0,4533.03,62.61093521675597,14.308831354572424,45.0,162.0,49.0,52.90737247467041,6.787087440490723,197.0,55,137,680,2.0,116.06666666666666,1281.0,8519.0,107.5,3,0,0
p01,2019-11-22,2,3,4,3,5,3,333.0,39.0,97.0,372.0,0.0,41.0,243.0,49.0,39.0,0.0,66.0,17.0,14.0,35.0,41.0,0.0939597315436241,10938.0,122.0,3372.09,59.65215931975833,8.939839479731539,45.0,118.0,50.0,53.683420181274414,6.787087440490723,187.0,43,41,797,3.0,48.65,407.0,3311.0,98.66666666666667,4,0,0
p01,2019-11-23,3,3,8,3,5,3,356.0,54.0,98.0,410.0,0.0,74.0,257.0,25.0,54.0,23.0,71.0,16.0,18.0,37.0,74.0,0.1027918781725888,20704.0,180.0,4451.29,69.41344556429283,25.573916620459286,46.0,178.0,50.0,53.23723602294922,6.787087440490723,226.0,44,121,639,2.0,120.63333333333334,1325.0,11770.0,121.5,5,1,0
p01,2019-11-24,3,3,6,3,6,2,421.0,67.0,95.0,488.0,0.0,56.0,282.0,83.0,67.0,0.0,80.0,20.0,19.0,41.0,55.0,0.0736949846468782,16517.0,170.0,3930.0699999999997,59.723113964686995,14.635902627053868,45.0,172.0,50.0,52.98031997680664,6.787087440490723,263.0,27,97,565,2.0,82.78333333333333,815.0,6842.0,106.5,6,1,0
p01,2019-11-25,2,3,7,3,5,3,332.0,35.0,98.0,367.0,0.0,22.0,277.0,33.0,35.0,0.0,71.0,14.0,21.0,36.0,22.0,0.0854341736694677,12481.0,124.0,3488.5499999999997,57.4717884418101,9.32348106087489,43.0,118.0,48.0,51.939348220825195,6.787087440490723,251.0,19,36,767,1.0,22.2,200.0,1825.0,100.0,0,0,0
p01,2019-11-26,3,3,7,3,5,3,318.0,53.0,98.0,371.0,0.0,41.0,246.0,31.0,53.0,23.0,66.0,15.0,19.0,32.0,41.0,0.1345895020188425,16428.0,169.0,4021.36,68.72380737566257,31.277821550437316,44.0,173.0,47.0,51.33994960784912,6.787087440490723,202.0,44,73,750,3.0,62.7,846.0,7728.0,123.33333333333333,1,0,0
p01,2019-11-27,2,3,5,3,5,3,365.0,45.0,97.0,410.0,0.0,27.0,280.0,58.0,45.0,23.0,75.0,16.0,22.0,37.0,27.0,0.0816077953714981,10556.0,124.0,3238.2599999999998,57.29718102569908,9.269703968465858,43.0,132.0,47.0,51.493072509765625,10.699845314025879,218.0,18,25,769,2.0,34.166666666666664,303.0,3028.0,94.0,2,0,0
p01,2019-11-28,3,3,7,3,5,2,341.0,50.0,94.0,391.0,0.0,25.0,289.0,27.0,50.0,23.0,70.0,14.0,22.0,34.0,25.0,0.0817369093231162,17535.0,125.0,4367.32,60.91350156087409,14.363434300295934,43.0,146.0,47.0,49.97160625457764,7.924250602722168,239.0,36,104,670,1.0,73.38333333333334,853.0,5397.0,117.0,3,0,0
p01,2019-11-29,2,3,4,3,5,2,309.0,52.0,93.0,361.0,0.0,43.0,183.0,83.0,52.0,0.0,67.0,20.0,13.0,34.0,42.0,0.0947521865889212,16209.0,128.0,3913.69,59.26753798033959,7.781913483864227,44.0,123.0,50.0,51.81002712249756,9.925408363342285,255.0,55,60,709,2.0,38.41666666666667,312.0,2859.0,88.5,4,0,0
p01,2019-11-30,2,3,6,3,5,3,402.0,33.0,97.0,435.0,0.0,41.0,318.0,43.0,33.0,0.0,74.0,16.0,17.0,41.0,40.0,0.0646298472385428,10782.0,130.0,3410.56,56.44088615924545,7.946180417189944,44.0,108.0,48.0,51.69850158691406,7.722016334533691,266.0,31,37,671,2.0,52.91666666666667,402.0,3264.0,89.0,5,1,0
p01,2019-12-01,3,3,7,3,6,3,387.0,41.0,96.0,428.0,0.0,35.0,298.0,54.0,41.0,0.0,72.0,16.0,18.0,38.0,34.0,0.1435239206534422,13736.0,123.0,3664.0499999999997,56.428751720972926,8.767165801593178,42.0,116.0,47.0,50.71304893493652,7.086976051330566,295.0,33,54,630,1.0,19.633333333333333,172.0,1468.0,102.0,6,1,0
p01,2019-12-02,3,3,8,3,5,2,190.0,23.0,95.0,213.0,0.0,10.0,150.0,30.0,23.0,0.0,65.0,15.0,22.0,28.0,10.0,0.0564705882352941,12224.0,126.0,3356.7799999999997,58.57762139338494,10.722068795834334,43.0,114.0,47.0,50.645761489868164,10.946383476257324,224.0,19,37,947,1.0,45.233333333333334,337.0,3183.0,89.0,0,0,0
p01,2019-12-03,3,3,7,3,5,3,345.0,35.0,98.0,380.0,0.0,21.0,262.0,62.0,35.0,0.0,76.0,17.0,22.0,37.0,21.0,0.0517928286852589,18142.0,165.0,4261.8,69.22525918944392,27.06469167284179,43.0,171.0,47.0,50.809428215026855,14.019183158874512,221.0,23,91,725,2.0,59.116666666666674,794.0,7142.0,119.5,1,0,0
p01,2019-12-04,2,3,5,3,5,2,335.0,42.0,94.0,377.0,0.0,42.0,251.0,42.0,42.0,0.0,67.0,16.0,15.0,36.0,42.0,0.0885200553250345,11745.0,124.0,3473.92,59.31060975609756,8.382881436422794,45.0,119.0,50.0,51.79905128479004,8.689720153808594,218.0,30,33,782,,,,,,2,0,0
p01,2019-12-05,2,3,6,3,5,2,314.0,39.0,95.0,353.0,0.0,36.0,219.0,59.0,39.0,0.0,66.0,19.0,13.0,34.0,36.0,0.0829756795422031,18234.0,130.0,4357.09,62.43530264588619,13.38751449271886,45.0,151.0,49.0,51.21220111846924,7.377486228942871,262.0,44,99,682,2.0,88.75,888.0,6239.0,106.5,3,0,0
p01,2019-12-06,2,3,3,3,4,2,290.0,69.0,89.0,359.0,0.0,24.0,179.0,87.0,69.0,0.0,54.0,19.0,10.0,25.0,24.0,0.1946778711484593,10401.0,127.0,3254.47,58.678479230227644,8.13762786910841,44.0,122.0,50.0,53.66781139373779,6.978763580322266,198.0,25,35,823,1.0,18.783333333333335,172.0,1620.0,96.0,4,0,0
p01,2019-12-07,2,3,6,3,7,3,424.0,48.0,94.0,472.0,0.0,74.0,288.0,62.0,48.0,23.0,81.0,18.0,20.0,43.0,74.0,0.0818083961248654,14898.0,125.0,3862.79,59.854679802955665,10.520894185605101,44.0,120.0,49.0,52.773488998413086,6.850202560424805,363.0,24,48,533,2.0,40.11666666666667,268.0,1976.0,88.5,5,1,0
p01,2019-12-08,3,3,6,3,6,3,402.0,38.0,97.0,440.0,0.0,21.0,276.0,105.0,38.0,0.0,80.0,19.0,21.0,40.0,21.0,0.0909090909090909,15805.0,123.0,3977.52,57.274305161656265,9.115144292370882,44.0,123.0,48.0,51.817320823669434,6.807966232299805,298.0,33,71,598,3.0,57.166666666666664,518.0,4837.0,99.0,6,1,0
p01,2019-12-09,2,3,4,3,5,2,332.0,50.0,94.0,382.0,0.0,38.0,259.0,35.0,50.0,23.0,62.0,15.0,12.0,35.0,38.0,0.1254901960784313,11223.0,122.0,3429.66,59.3378758869242,9.184293503908782,44.0,110.0,48.0,53.05702304840088,6.794004440307617,290.0,27,16,725,,,,,,0,0,0
p01,2019-12-10,2,3,4,3,5,3,336.0,24.0,99.0,360.0,0.0,20.0,225.0,91.0,24.0,0.0,78.0,19.0,22.0,37.0,20.0,0.0638002773925104,7708.0,125.0,3024.06,57.81626016260162,8.908538111083526,43.0,129.0,47.0,51.08981227874756,6.789380073547363,155.0,12,22,891,,,,,,1,0,0
p01,2019-12-13,2,3,6,3,5,2,337.0,32.0,96.0,369.0,0.0,58.0,262.0,17.0,32.0,0.0,68.0,15.0,16.0,37.0,57.0,0.0394366197183098,15910.0,127.0,3858.7599999999998,62.706896551724135,9.35935803725257,47.0,120.0,52.0,54.55725383758545,6.78717041015625,301.0,23,56,691,3.0,63.150000000000006,543.0,4776.0,98.0,4,0,0
p01,2019-12-14,3,3,6,3,6,3,386.0,41.0,97.0,427.0,0.0,34.0,322.0,30.0,41.0,0.0,71.0,14.0,18.0,39.0,34.0,0.0656324582338902,15348.0,125.0,3775.07,61.72700808625337,9.794496042986498,49.0,114.0,52.0,54.63343334197998,6.787115097045898,303.0,36,52,622,1.0,27.316666666666666,243.0,2175.0,97.0,5,1,0
p01,2019-12-15,2,3,7,3,6,3,369.0,32.0,97.0,401.0,0.0,28.0,256.0,85.0,32.0,0.0,74.0,20.0,16.0,38.0,28.0,0.1357409713574097,21362.0,118.0,4430.25,63.8406844510575,12.007554072482293,47.0,117.0,52.0,54.23077869415283,6.78709602355957,357.0,61,108,513,3.0,125.44999999999999,1079.0,10274.0,96.33333333333333,6,1,0
p01,2019-12-16,3,3,7,3,6,3,367.0,30.0,99.0,397.0,0.0,30.0,268.0,69.0,30.0,23.0,75.0,19.0,18.0,38.0,30.0,0.1169811320754717,10489.0,133.0,3357.84,59.74130628622381,8.700663555366418,46.0,113.0,50.0,53.99892807006836,6.787090301513672,222.0,36,30,755,1.0,17.933333333333334,157.0,1491.0,96.0,0,0,0
p01,2019-12-17,4,3,7,3,5,3,309.0,40.0,97.0,349.0,0.0,52.0,240.0,17.0,40.0,0.0,66.0,15.0,17.0,34.0,52.0,0.1411935953420669,12437.0,121.0,3598.69,60.70018034265104,9.701034764110025,44.0,122.0,49.0,53.865427017211914,6.787088394165039,235.0,24,46,786,2.0,40.1,367.0,3272.0,100.0,1,0,1
p01,2019-12-21,3,3,7,2,6,3,385.0,30.0,99.0,415.0,0.0,29.0,257.0,99.0,30.0,1.0,79.0,20.0,20.0,39.0,28.0,0.1227436823104693,17760.0,124.0,3938.75,60.739431289869174,12.772488603154413,44.0,120.0,48.0,53.94008731842041,10.699845314025879,227.0,36,106,656,3.0,133.13333333333333,1188.0,11109.0,101.33333333333333,5,1,0
p01,2019-12-22,3,3,7,3,6,3,403.0,41.0,97.0,444.0,0.0,37.0,305.0,61.0,41.0,0.0,78.0,17.0,22.0,39.0,36.0,0.0753655793025871,18170.0,117.0,4316.38,60.90296684118674,13.0153910535075,45.0,136.0,48.0,52.24936294555664,7.924250602722168,331.0,74,70,521,1.0,51.2,494.0,3813.0,106.0,6,1,0
p01,2019-12-23,3,3,7,3,5,3,430.0,48.0,95.0,478.0,0.0,37.0,329.0,64.0,48.0,0.0,79.0,17.0,20.0,42.0,37.0,0.1201671891327063,17227.0,147.0,3997.02,58.82600382409178,11.066006313276317,44.0,142.0,48.0,51.94980049133301,7.149294853210449,326.0,19,81,536,2.0,100.7,980.0,8660.0,100.0,0,0,0
p01,2019-12-25,3,3,8,3,7,3,423.0,57.0,97.0,480.0,0.0,57.0,279.0,87.0,57.0,1.0,82.0,21.0,19.0,42.0,57.0,0.0706006322444678,11804.0,125.0,3455.43,57.55385002516356,9.525986869866868,43.0,117.0,48.0,51.2878999710083,7.999366760253906,256.0,53,26,625,1.0,19.633333333333333,155.0,1457.0,87.0,2,0,0
p01,2019-12-26,3,3,7,3,7,3,406.0,44.0,96.0,450.0,0.0,23.0,288.0,95.0,44.0,0.0,78.0,19.0,20.0,39.0,22.0,0.0700778642936596,16891.0,176.0,4476.22,68.61449879359509,28.25957331524267,44.0,181.0,48.0,50.94650840759277,7.172220230102539,287.0,59,87,557,2.0,55.45,689.0,6020.0,127.5,3,0,0
p01,2019-12-27,2,3,4,3,7,2,417.0,43.0,94.0,460.0,0.0,69.0,270.0,78.0,43.0,0.0,78.0,20.0,18.0,40.0,69.0,0.1411509229098805,10161.0,126.0,3357.61,56.55450916163374,8.778342560138347,43.0,110.0,47.0,50.310153007507324,6.913033485412598,301.0,25,24,630,1.0,30.716666666666665,265.0,2597.0,92.0,4,0,0
p01,2019-12-28,2,3,5,3,6,2,439.0,47.0,94.0,486.0,0.0,39.0,331.0,69.0,47.0,0.0,75.0,17.0,16.0,42.0,38.0,0.1233299075025693,12445.0,124.0,3820.16,61.55524324324324,9.862632411173117,46.0,123.0,49.0,50.891639709472656,6.828657150268555,379.0,6,27,542,1.0,20.483333333333334,195.0,1828.0,100.0,5,1,0
p01,2019-12-29,2,3,6,3,6,3,418.0,54.0,96.0,472.0,0.0,56.0,278.0,84.0,54.0,0.0,74.0,20.0,15.0,39.0,56.0,0.0991471215351812,13699.0,134.0,3896.2799999999997,61.32057803468208,11.52124339066523,43.0,128.0,50.0,51.764832496643066,6.800848960876465,277.0,42,67,582,1.0,17.066666666666666,151.0,1511.0,92.0,6,1,0
p01,2019-12-30,2,3,6,3,5,3,338.0,40.0,98.0,378.0,0.0,43.0,253.0,42.0,40.0,2.0,65.0,16.0,13.0,36.0,43.0,0.095112285336856,10187.0,123.0,3149.58,59.01967344753747,7.880822474221413,45.0,117.0,50.0,53.47320365905762,6.791647911071777,292.0,5,13,752,,,,,,0,0,0
p01,2020-01-01,3,3,7,3,5,3,360.0,37.0,98.0,397.0,0.0,47.0,251.0,62.0,37.0,1.0,75.0,19.0,17.0,39.0,47.0,0.0600522193211488,11847.0,130.0,3563.43,57.21395647979419,9.429883334746982,44.0,124.0,48.0,53.09996032714844,6.787588119506836,309.0,27,20,687,,,,,,2,0,0
p01,2020-01-02,3,3,7,3,8,3,510.0,50.0,96.0,560.0,0.0,73.0,331.0,106.0,50.0,20.0,88.0,21.0,21.0,46.0,73.0,0.0660124888492417,10346.0,124.0,3169.72,57.875577049901075,8.55886479403993,46.0,125.0,50.0,52.00821113586426,6.787253379821777,196.0,11,37,636,1.0,23.9,222.0,2395.0,96.0,3,0,0
p01,2020-01-03,3,3,7,3,5,3,368.0,54.0,96.0,422.0,0.0,43.0,239.0,86.0,54.0,23.0,73.0,21.0,16.0,36.0,43.0,0.0887573964497041,17431.0,167.0,3954.62,66.94998917514613,24.50356491662709,44.0,164.0,49.0,51.82297134399414,10.699982643127441,170.0,33,102,713,3.0,99.0,1025.0,9751.0,111.66666666666667,4,0,0
p01,2020-01-04,2,2,5,3,7,3,459.0,61.0,99.0,520.0,0.0,16.0,368.0,75.0,61.0,23.0,78.0,16.0,20.0,42.0,16.0,0.0674373795761079,16170.0,174.0,4092.19,71.8308784571368,32.312458343208824,44.0,179.0,48.0,51.27910900115967,7.924284934997559,210.0,19,93,598,2.0,66.08333333333334,986.0,8855.0,126.0,5,1,0
p01,2020-01-06,2,3,5,2,5,2,318.0,31.0,99.0,349.0,0.0,65.0,217.0,36.0,31.0,0.0,72.0,17.0,18.0,37.0,64.0,0.1743666169895678,11322.0,124.0,3283.5099999999998,58.82146365422397,9.414952847368253,44.0,116.0,48.0,51.86006546020508,6.905636787414551,196.0,25,43,827,1.0,27.316666666666666,252.0,2535.0,97.0,0,0,0
p01,2020-01-07,2,3,6,3,5,2,315.0,37.0,98.0,352.0,0.0,12.0,242.0,61.0,37.0,0.0,66.0,17.0,15.0,34.0,12.0,0.0573888091822094,17638.0,174.0,4237.59,70.32159520106643,26.728049339123178,46.0,168.0,52.0,53.08741092681885,6.826225280761719,215.0,29,103,741,2.0,87.98333333333333,1022.0,8733.0,126.0,1,0,0
p01,2020-01-08,2,2,6,2,5,2,327.0,62.0,90.0,389.0,0.0,21.0,218.0,88.0,62.0,23.0,69.0,19.0,19.0,31.0,21.0,0.1492146596858638,8149.0,121.0,3045.5899999999997,57.83147533206831,8.767111140348721,44.0,118.0,48.0,52.446309089660645,6.800045013427734,146.0,14,38,853,1.0,26.45,264.0,2437.0,106.0,2,0,0
p01,2020-01-09,2,1,7,2,4,1,348.0,54.0,93.0,402.0,0.0,48.0,236.0,64.0,54.0,23.0,67.0,19.0,13.0,35.0,48.0,0.1130434782608695,13189.0,121.0,3794.84,62.10564296699397,10.71523291293418,46.0,151.0,52.0,53.418551445007324,6.791380882263184,165.0,33,92,748,2.0,81.91666666666667,852.0,5959.0,109.5,3,0,0
p01,2020-01-10,2,3,5,3,5,2,344.0,40.0,93.0,384.0,0.0,44.0,238.0,62.0,40.0,0.0,71.0,19.0,16.0,36.0,44.0,0.0806241872561768,13733.0,158.0,3556.25,61.18611570247934,10.140747715286869,45.0,123.0,49.0,52.682600021362305,6.788510322570801,171.0,33,70,782,2.0,75.96666666666667,687.0,6828.0,95.5,4,0,0
p01,2020-01-11,3,3,5,3,7,3,475.0,61.0,96.0,536.0,0.0,0.0,363.0,112.0,61.0,23.0,80.0,18.0,20.0,42.0,0.0,0.0858490566037735,13736.0,124.0,3463.39,57.905412977698084,9.760010687755656,45.0,121.0,49.0,52.313536643981934,6.787558555603027,231.0,37,50,586,3.0,50.35,474.0,4623.0,100.0,5,1,0
p01,2020-01-12,3,3,6,3,6,3,414.0,49.0,98.0,463.0,0.0,19.0,356.0,39.0,49.0,0.0,72.0,14.0,18.0,40.0,19.0,0.0825082508250825,8820.0,119.0,2981.41,55.12382373192564,7.292965896386054,42.0,111.0,48.0,52.44845104217529,6.787243843078613,181.0,20,34,742,1.0,29.866666666666667,248.0,2404.0,92.0,6,1,0
p01,2020-01-13,2,3,5,3,5,2,302.0,26.0,99.0,328.0,0.0,45.0,233.0,24.0,26.0,0.0,68.0,15.0,19.0,34.0,44.0,0.0410958904109589,8564.0,120.0,3354.7799999999997,61.41275121275121,11.420224054306956,45.0,123.0,50.0,52.526132583618164,6.787138938903809,209.0,53,15,835,1.0,28.166666666666668,197.0,1757.0,89.0,0,0,0
p01,2020-01-14,3,3,7,3,6,3,364.0,32.0,97.0,396.0,0.0,19.0,283.0,62.0,32.0,23.0,75.0,17.0,20.0,38.0,19.0,0.1047979797979797,17723.0,165.0,4091.36,66.71743756299698,28.25294988676665,44.0,174.0,47.0,51.67782211303711,6.787104606628418,208.0,38,85,713,2.0,58.36666666666667,740.0,6925.0,117.0,1,0,0
p01,2020-01-15,3,3,4,3,6,3,382.0,50.0,93.0,432.0,0.0,34.0,308.0,40.0,50.0,23.0,78.0,15.0,21.0,42.0,34.0,0.0630517023959646,14145.0,128.0,3597.65,59.36589440855424,10.47748870232734,45.0,128.0,48.0,51.18936061859131,6.787093162536621,204.0,26,61,717,2.0,81.05,707.0,6284.0,95.5,2,0,0
p01,2020-01-16,3,3,7,3,6,3,351.0,42.0,99.0,393.0,0.0,35.0,263.0,53.0,42.0,23.0,73.0,16.0,21.0,36.0,35.0,0.0546378653113087,13888.0,123.0,4078.73,61.99884125144843,12.827903596609746,44.0,161.0,48.0,51.059011459350586,6.7870893478393555,162.0,23,112,750,2.0,35.833333333333336,434.0,2811.0,118.5,3,0,0
p01,2020-01-17,3,3,6,3,6,3,350.0,48.0,96.0,398.0,0.0,76.0,181.0,93.0,48.0,23.0,73.0,21.0,15.0,37.0,75.0,0.071523178807947,12501.0,121.0,3499.56,60.00111271837098,8.406236416577164,45.0,130.0,50.0,52.1726016998291,6.787087440490723,237.0,27,39,739,2.0,41.81666666666666,355.0,3094.0,94.0,4,0,0
p01,2020-01-18,3,3,7,3,5,3,311.0,51.0,99.0,362.0,0.0,47.0,257.0,7.0,51.0,0.0,66.0,14.0,20.0,32.0,47.0,0.056551724137931,13480.0,174.0,3862.69,71.5224790949336,28.68205334925784,44.0,164.0,50.0,51.55383586883545,6.787087440490723,195.0,34,66,783,1.0,52.78333333333333,752.0,7150.0,139.0,5,1,0
p01,2020-01-19,2,3,4,3,6,3,337.0,39.0,97.0,376.0,0.0,66.0,238.0,33.0,39.0,2.0,66.0,16.0,14.0,36.0,66.0,0.0602409638554216,13255.0,119.0,3408.84,59.93347331196817,8.595371436917238,46.0,127.0,51.0,52.90525531768799,6.787087440490723,203.0,31,63,767,1.0,76.8,555.0,5689.0,85.0,6,1,0
p01,2020-01-20,3,3,5,2,6,3,359.0,53.0,99.0,412.0,0.0,41.0,269.0,49.0,53.0,23.0,73.0,16.0,20.0,37.0,41.0,0.079345088161209,7492.0,118.0,3110.58,58.702735124760075,9.305244102286526,43.0,116.0,48.0,51.91705894470215,6.787087440490723,206.0,9,18,795,1.0,15.366666666666667,141.0,1251.0,96.0,0,0,0
p01,2020-01-21,3,3,7,3,6,3,365.0,40.0,97.0,405.0,0.0,47.0,256.0,62.0,40.0,23.0,77.0,19.0,20.0,38.0,47.0,0.0668348045397225,11684.0,122.0,3381.5099999999998,56.835510887772195,8.768539232392817,42.0,118.0,46.0,50.55670738220215,6.787087440490723,227.0,10,41,757,1.0,28.15,268.0,2266.0,101.0,1,0,0
p01,2020-01-22,2,3,6,3,5,3,302.0,29.0,99.0,331.0,0.0,30.0,251.0,21.0,29.0,0.0,68.0,14.0,20.0,34.0,30.0,0.0552995391705069,10162.0,154.0,3375.48,58.12680705748435,8.262766361165216,43.0,104.0,48.0,50.63613224029541,6.787087440490723,247.0,20,23,819,1.0,17.066666666666666,131.0,1314.0,85.0,2,0,0
p01,2020-01-23,3,3,6,3,5,3,349.0,44.0,98.0,393.0,0.0,9.0,274.0,66.0,44.0,0.0,71.0,17.0,17.0,37.0,9.0,0.0571049136786188,15169.0,133.0,4139.55,62.98989048020219,12.111369092318354,46.0,190.0,50.0,51.25885772705078,6.787087440490723,212.0,41,95,699,1.0,71.68333333333334,782.0,4851.0,115.0,3,0,0
p01,2020-01-24,3,3,4,3,6,3,392.0,56.0,94.0,448.0,0.0,59.0,258.0,75.0,56.0,23.0,73.0,20.0,15.0,38.0,59.0,0.1206496519721577,10721.0,128.0,3429.5099999999998,61.00547258009349,9.690970402062693,45.0,108.0,49.0,51.3598108291626,6.787087440490723,253.0,23,20,696,,,,,,4,0,0
p01,2020-01-26,2,3,4,3,6,2,381.0,59.0,95.0,440.0,0.0,33.0,280.0,68.0,59.0,23.0,71.0,18.0,17.0,36.0,33.0,0.1237230419977298,18422.0,118.0,3863.71,57.81108990908071,10.243800979123206,44.0,119.0,48.0,52.47140407562256,6.787087440490723,284.0,27,79,610,1.0,77.65,748.0,7356.0,101.0,6,1,0
p01,2020-01-27,2,3,6,3,5,3,307.0,43.0,99.0,350.0,0.0,54.0,236.0,17.0,43.0,0.0,69.0,15.0,21.0,33.0,53.0,0.074820143884892,9026.0,123.0,3329.7999999999997,58.34524100807438,9.142105339436014,44.0,120.0,48.0,51.8798770904541,6.787087440490723,247.0,11,27,805,,,,,,0,0,0
p01,2020-01-28,3,3,7,3,5,3,326.0,38.0,97.0,364.0,0.0,27.0,261.0,38.0,38.0,0.0,66.0,15.0,16.0,35.0,27.0,0.0633802816901408,14473.0,122.0,3720.96,57.923067092651756,8.75618162003912,42.0,118.0,49.0,52.38985633850098,6.787087440490723,210.0,52,72,742,2.0,93.86666666666667,830.0,7586.0,96.5,1,0,0
p01,2020-01-29,2,3,7,3,5,3,325.0,36.0,99.0,361.0,0.0,57.0,211.0,57.0,36.0,0.0,72.0,19.0,18.0,35.0,57.0,0.0484094052558782,4749.0,118.0,2726.22,56.41143589146384,7.035295835338814,44.0,110.0,48.0,51.784568786621094,6.787087440490723,132.0,20,11,916,,,,,,2,0,0
p01,2020-01-30,3,3,8,3,5,3,343.0,42.0,98.0,385.0,0.0,44.0,269.0,30.0,42.0,0.0,73.0,15.0,22.0,36.0,43.0,0.0524246395806028,14398.0,124.0,4399.3099999999995,61.61163982430454,13.193518337460205,43.0,156.0,47.0,50.769968032836914,6.787087440490723,389.0,29,85,552,2.0,106.66666666666667,1157.0,7700.0,100.0,3,0,0
p01,2020-01-31,1,3,3,3,5,3,349.0,39.0,97.0,388.0,0.0,40.0,223.0,86.0,39.0,23.0,70.0,20.0,13.0,37.0,40.0,0.0785619174434087,12231.0,120.0,3785.5699999999997,62.65329608938548,9.52887981549192,47.0,124.0,52.0,53.197364807128906,6.787087440490723,333.0,30,42,647,1.0,35.85,316.0,2915.0,96.0,4,0,0
p01,2020-02-01,2,3,5,3,5,2,326.0,50.0,97.0,376.0,0.0,15.0,275.0,36.0,50.0,0.0,64.0,14.0,16.0,34.0,15.0,0.1166219839142091,14409.0,111.0,3889.7799999999997,62.78553450788184,11.923831864987713,47.0,129.0,51.0,53.65375518798828,6.787087440490723,402.0,36,28,598,1.0,25.6,123.0,523.0,88.0,5,1,0
p01,2020-02-02,3,4,7,3,6,3,372.0,35.0,99.0,407.0,0.0,32.0,288.0,52.0,35.0,0.0,69.0,16.0,15.0,38.0,32.0,0.072570725707257,11652.0,113.0,3784.27,61.43890639063906,10.113326718336378,46.0,128.0,52.0,54.55971145629883,6.787087440490723,505.0,11,16,501,2.0,32.43333333333334,254.0,2011.0,97.0,6,1,0
p01,2020-02-03,2,3,6,3,5,2,369.0,50.0,95.0,419.0,0.0,37.0,233.0,99.0,50.0,23.0,78.0,20.0,21.0,37.0,37.0,0.0948379351740696,10754.0,125.0,3719.74,59.36365818530965,9.004727520407377,45.0,125.0,49.0,53.74181079864502,6.787087440490723,432.0,29,26,534,1.0,21.333333333333332,195.0,1654.0,100.0,0,0,0
p01,2020-02-04,3,3,7,3,5,3,331.0,38.0,98.0,369.0,0.0,39.0,273.0,19.0,38.0,0.0,70.0,14.0,21.0,35.0,39.0,0.0663058186738836,8898.0,125.0,3043.42,57.10775132573621,8.00545752604436,44.0,122.0,49.0,52.82433891296387,6.787087440490723,222.0,5,14,830,,,,,,1,0,0
p01,2020-02-05,3,3,8,3,5,3,300.0,38.0,99.0,338.0,0.0,7.0,256.0,37.0,38.0,0.0,62.0,14.0,15.0,33.0,7.0,0.0605612998522895,18685.0,170.0,4362.76,71.23677494199536,29.70824942348947,45.0,177.0,50.0,53.6356086730957,6.787087440490723,237.0,35,101,729,2.0,84.66666666666667,1003.0,8788.0,129.5,2,0,0
p01,2020-02-06,3,3,6,3,5,3,317.0,41.0,96.0,358.0,0.0,32.0,255.0,30.0,41.0,0.0,72.0,15.0,23.0,34.0,32.0,0.0754985754985755,24846.0,166.0,5225.82,71.00023929169657,26.896915414514243,46.0,165.0,49.0,52.76318645477295,6.787087440490723,197.0,85,178,622,4.0,157.38333333333333,1811.0,14105.0,112.0,3,0,0
p01,2020-02-07,2,3,3,3,5,2,340.0,44.0,95.0,384.0,0.0,20.0,233.0,87.0,44.0,0.0,69.0,19.0,14.0,36.0,19.0,0.0756756756756756,8131.0,123.0,3006.66,58.45180169841634,7.373496082273691,45.0,109.0,50.0,54.046916007995605,6.787087440490723,198.0,14,11,833,,,,,,4,0,0
p01,2020-02-08,2,3,5,3,7,3,425.0,47.0,99.0,472.0,0.0,35.0,355.0,35.0,47.0,0.0,80.0,15.0,22.0,43.0,35.0,0.0597826086956521,14197.0,126.0,3578.37,56.91082251082251,9.16088991213048,46.0,125.0,50.0,53.446539878845215,6.787087440490723,279.0,22,31,636,1.0,15.366666666666667,156.0,1441.0,104.0,5,1,0
p01,2020-02-09,3,3,7,3,6,3,379.0,48.0,94.0,427.0,0.0,37.0,281.0,61.0,48.0,0.0,76.0,17.0,22.0,37.0,37.0,0.0930506478209658,8963.0,120.0,3140.46,50.696666666666665,4.176006587578704,44.0,92.0,46.0,51.761281967163086,6.787087440490723,229.0,18,15,751,1.0,24.733333333333334,189.0,1883.0,90.0,6,1,0
p01,2020-02-10,3,3,8,3,5,3,327.0,35.0,99.0,362.0,0.0,25.0,224.0,78.0,35.0,0.0,70.0,19.0,15.0,36.0,25.0,0.0808926080892608,15052.0,175.0,4160.98,59.449600412477444,8.151509744150705,46.0,113.0,50.0,51.68393611907959,6.787087440490723,257.0,28,70,723,1.0,35.733333333333334,567.0,4963.0,152.0,0,0,0
p01,2020-02-11,2,3,6,3,6,3,359.0,32.0,97.0,391.0,0.0,74.0,189.0,96.0,32.0,0.0,73.0,21.0,14.0,38.0,74.0,0.0716145833333333,10533.0,121.0,3559.41,54.588907014681894,3.983894749549649,46.0,87.0,50.0,52.53243827819824,6.787087440490723,361.0,28,30,630,,,,,,1,0,0
p01,2020-02-12,2,3,7,3,5,2,338.0,29.0,98.0,367.0,0.0,45.0,215.0,78.0,29.0,23.0,74.0,21.0,16.0,37.0,45.0,0.1037344398340249,10839.0,117.0,3473.77,53.98220946915352,4.927455852551354,43.0,97.0,46.0,53.02101135253906,6.787087440490723,350.0,9,46,668,2.0,41.81666666666666,410.0,3817.0,106.5,2,0,0
p01,2020-02-13,3,3,7,3,5,2,330.0,36.0,98.0,366.0,0.0,42.0,264.0,24.0,36.0,0.0,74.0,15.0,23.0,36.0,42.0,0.061711079943899,13617.0,168.0,3875.5,53.41123341800734,8.241173998497281,44.0,106.0,46.0,51.069740295410156,6.787087440490723,359.0,6,39,670,1.0,35.11666666666667,456.0,4360.0,123.0,3,0,0
p01,2020-02-14,1,3,3,3,4,2,247.0,39.0,100.0,286.0,0.0,22.0,198.0,27.0,39.0,1.0,55.0,14.0,12.0,29.0,22.0,0.0951526032315978,7819.0,116.0,3216.3399999999997,63.43265465935787,6.927946504223664,51.0,101.0,53.0,53.24045372009277,6.787087440490723,194.0,11,21,928,1.0,16.216666666666665,151.0,1390.0,102.0,4,0,0
p01,2020-02-15,2,3,4,3,7,3,423.0,56.0,94.0,479.0,0.0,39.0,370.0,14.0,56.0,0.0,69.0,14.0,13.0,42.0,38.0,0.0950888192267502,6833.0,123.0,2984.43,58.783462532299744,6.391196080215573,48.0,107.0,52.0,54.60454559326172,6.787087440490723,186.0,14,18,743,,,,,,5,1,0
p01,2020-02-17,3,3,5,3,5,3,289.0,55.0,95.0,344.0,0.0,39.0,238.0,12.0,55.0,0.0,66.0,14.0,21.0,31.0,39.0,0.1037037037037037,10674.0,123.0,3526.27,55.54556882463859,6.814026911745012,45.0,87.0,48.0,53.849595069885254,6.787087440490723,345.0,10,12,729,,,,,,0,0,0
p01,2020-02-18,3,3,6,3,6,3,389.0,39.0,97.0,428.0,0.0,30.0,337.0,22.0,39.0,0.0,68.0,14.0,15.0,39.0,30.0,0.1070588235294117,10533.0,130.0,3079.62,55.187998898981554,3.657658850784369,47.0,94.0,51.0,54.30708885192871,6.787087440490723,197.0,21,45,749,2.0,46.56666666666666,428.0,3920.0,102.0,1,0,0
p01,2020-02-19,3,3,7,3,6,3,352.0,33.0,99.0,385.0,0.0,15.0,315.0,22.0,33.0,0.0,74.0,13.0,22.0,39.0,15.0,0.0749665327978581,18691.0,121.0,4069.8199999999997,50.58742999377723,4.4708459123565145,43.0,104.0,46.0,52.256792068481445,6.787087440490723,415.0,14,51,575,2.0,60.583333333333336,505.0,4775.0,92.5,2,0,0
p01,2020-02-20,3,3,8,3,5,3,318.0,25.0,99.0,343.0,0.0,35.0,218.0,65.0,25.0,1.0,75.0,20.0,19.0,36.0,34.0,0.1099706744868035,7720.0,123.0,2981.19,52.269653052261745,4.3678051139775205,43.0,89.0,47.0,51.522735595703125,6.787087440490723,217.0,11,23,846,,,,,,3,0,0
p01,2020-02-21,3,3,8,3,4,3,263.0,43.0,98.0,306.0,0.0,0.0,238.0,25.0,43.0,1.0,58.0,12.0,17.0,29.0,0.0,0.199021207177814,17992.0,166.0,4415.45,55.771413557540725,9.494851358049205,44.0,111.0,47.0,51.10006046295166,6.787087440490723,358.0,34,64,678,2.0,55.7,557.0,4995.0,133.5,4,0,0
p01,2020-02-22,2,3,5,3,6,3,378.0,40.0,97.0,418.0,0.0,35.0,277.0,66.0,40.0,0.0,72.0,18.0,15.0,39.0,35.0,0.0761789600967352,15947.0,122.0,4015.1,55.09019706922688,6.399843622645043,44.0,111.0,48.0,52.19623851776123,6.787087440490723,459.0,8,16,539,1.0,25.583333333333332,165.0,1432.0,84.0,5,1,0
p01,2020-02-23,2,3,6,3,6,3,410.0,46.0,95.0,456.0,0.0,55.0,294.0,61.0,46.0,0.0,75.0,17.0,19.0,39.0,55.0,0.1500547645125958,12227.0,119.0,3582.77,51.652220154214305,4.584290472772566,44.0,82.0,47.0,51.04134941101074,6.787087440490723,378.0,27,3,576,,,,,,6,1,0
p01,2020-02-24,3,3,6,3,5,3,315.0,49.0,95.0,364.0,0.0,19.0,227.0,69.0,49.0,0.0,71.0,19.0,18.0,34.0,19.0,0.0910384068278805,7427.0,127.0,2908.61,53.99817050859861,5.507980063719929,45.0,87.0,47.0,50.822875022888184,6.787087440490723,178.0,7,7,884,,,,,,0,0,0
p01,2020-02-25,3,3,7,3,4,3,264.0,40.0,97.0,304.0,0.0,12.0,238.0,14.0,40.0,1.0,59.0,12.0,17.0,30.0,12.0,0.0623946037099494,7365.0,115.0,3385.63,57.37830161885828,8.777911687409178,44.0,109.0,49.0,51.163947105407715,6.787087440490723,267.0,30,8,831,,,,,,1,0,0
p01,2020-02-26,3,3,8,3,4,3,296.0,26.0,97.0,322.0,0.0,38.0,205.0,53.0,26.0,1.0,69.0,19.0,14.0,36.0,38.0,0.0555555555555555,12554.0,171.0,3747.61,59.651296111665005,5.632056520337122,48.0,109.0,53.0,53.30293560028076,8.04124927520752,264.0,16,37,801,1.0,28.616666666666667,486.0,4056.0,159.0,2,0,0
p01,2020-02-27,2,3,6,3,5,3,319.0,42.0,96.0,361.0,0.0,36.0,217.0,66.0,42.0,0.0,68.0,20.0,14.0,34.0,36.0,0.0671328671328671,19534.0,219.0,4697.96,65.75067750677506,16.307533622054386,49.0,154.0,53.0,54.84496307373047,7.1849517822265625,209.0,70,115,685,2.0,108.36666666666667,1387.0,9725.0,116.5,3,0,0
p01,2020-02-28,2,3,3,3,5,2,318.0,40.0,94.0,358.0,0.0,57.0,193.0,68.0,40.0,0.0,71.0,21.0,15.0,35.0,57.0,0.0827389443651925,12513.0,125.0,3630.11,60.251254953764864,7.165479417307275,48.0,97.0,51.0,55.253294944763184,6.91713809967041,347.0,9,16,710,,,,,,4,0,0
p01,2020-02-29,3,3,5,3,6,3,362.0,52.0,94.0,414.0,0.0,40.0,267.0,55.0,52.0,0.0,69.0,17.0,15.0,37.0,40.0,0.0887792848335388,21999.0,121.0,4958.07,60.81629349878608,7.84795297251384,50.0,113.0,53.0,55.9315185546875,6.830004692077637,418.0,125,63,420,1.0,22.183333333333334,194.0,1470.0,104.0,5,1,0
p01,2020-03-01,3,3,6,3,5,3,346.0,32.0,96.0,378.0,0.0,21.0,268.0,57.0,32.0,1.0,73.0,16.0,20.0,37.0,20.0,0.1228533685601056,21553.0,117.0,4790.81,56.511579434923576,7.154357574058458,46.0,116.0,50.0,54.52877616882324,6.801294326782227,340.0,146,70,506,1.0,24.75,180.0,1394.0,92.0,6,1,0
p01,2020-03-02,2,3,3,3,6,3,366.0,42.0,94.0,408.0,0.0,37.0,233.0,96.0,42.0,23.0,77.0,20.0,19.0,38.0,37.0,0.0726114649681528,11335.0,123.0,3266.5099999999998,53.9786432160804,4.923419184345555,45.0,94.0,47.0,54.61709690093994,6.791794776916504,252.0,13,19,748,1.0,22.183333333333334,193.0,1668.0,94.0,0,0,0
p01,2020-03-03,3,3,6,3,6,3,374.0,30.0,99.0,404.0,0.0,93.0,168.0,113.0,30.0,23.0,84.0,22.0,23.0,39.0,93.0,0.0406091370558375,10117.0,119.0,3221.1,53.10059542463178,4.757264989284688,46.0,108.0,48.0,53.060065269470215,6.788647651672363,194.0,22,39,781,1.0,16.216666666666665,107.0,997.0,83.0,1,0,0
p01,2020-03-04,3,3,7,3,5,2,300.0,42.0,96.0,342.0,0.0,43.0,214.0,43.0,42.0,0.0,67.0,17.0,19.0,31.0,43.0,0.1080291970802919,13093.0,123.0,4093.69,56.05507101918764,6.3432245611117875,45.0,124.0,49.0,52.8782901763916,6.787604331970215,605.0,24,16,453,,,,,,2,0,0
p01,2020-03-05,3,3,8,2,6,3,358.0,47.0,97.0,405.0,0.0,29.0,261.0,68.0,47.0,23.0,75.0,19.0,18.0,38.0,29.0,0.0508474576271186,20119.0,171.0,5053.12,59.395991332611054,14.48443012262365,47.0,153.0,50.0,52.32710361480713,6.787258148193359,416.0,41,127,451,2.0,103.3,1445.0,11063.0,139.5,3,0,0
p01,2020-03-06,2,3,2,3,6,2,369.0,50.0,94.0,419.0,0.0,58.0,252.0,59.0,50.0,23.0,71.0,18.0,16.0,37.0,57.0,0.0872235872235872,10480.0,142.0,3368.04,56.8657063197026,6.211815790529769,45.0,81.0,48.0,52.009737968444824,6.787143707275391,290.0,15,25,691,1.0,30.716666666666665,249.0,2146.0,95.0,4,0,0
p01,2020-03-07,3,3,6,3,6,3,392.0,59.0,97.0,451.0,0.0,40.0,316.0,36.0,59.0,0.0,68.0,15.0,16.0,37.0,39.0,0.0996677740863787,12847.0,128.0,3443.7,55.538021605592036,5.139812721679624,47.0,111.0,50.0,52.72003936767578,6.787105560302734,157.0,40,70,722,2.0,54.61666666666666,545.0,5056.0,103.0,5,1,0
p01,2020-03-08,3,3,7,3,6,2,371.0,42.0,96.0,413.0,0.0,32.0,285.0,54.0,42.0,0.0,71.0,16.0,18.0,37.0,32.0,0.0713422007255139,13115.0,119.0,3568.3199999999997,52.5523786641038,4.651546593646411,43.0,99.0,46.0,52.68251419067383,6.787093162536621,312.0,27,41,647,1.0,25.6,211.0,1678.0,95.0,6,1,0
p01,2020-03-09,3,3,7,3,5,3,334.0,40.0,98.0,374.0,0.0,60.0,237.0,37.0,40.0,0.0,73.0,16.0,21.0,36.0,59.0,0.0832214765100671,7240.0,112.0,2952.43,51.414646725116036,4.562783815616951,42.0,89.0,46.0,51.32135009765625,6.7870893478393555,250.0,0,0,816,1.0,15.366666666666667,102.0,932.0,81.0,0,0,0
p01,2020-03-10,3,3,8,3,5,3,326.0,44.0,97.0,370.0,0.0,22.0,250.0,54.0,44.0,23.0,70.0,17.0,17.0,36.0,22.0,0.0431654676258992,13280.0,175.0,3753.45,55.40193271295634,7.449643084402094,46.0,106.0,49.0,51.430620193481445,6.787087440490723,189.0,24,60,797,2.0,59.08333333333333,735.0,6351.0,120.5,1,0,0
p01,2020-03-12,3,3,7,3,5,3,331.0,44.0,97.0,375.0,0.0,37.0,288.0,6.0,44.0,0.0,64.0,13.0,15.0,36.0,37.0,0.0883590462833099,9835.0,123.0,3187.45,53.56757396449704,5.037241929652057,44.0,110.0,48.0,52.08916664123535,7.924250602722168,200.0,18,24,823,1.0,23.883333333333333,232.0,1748.0,107.0,3,0,0
p01,2020-03-13,3,3,8,3,6,3,389.0,44.0,94.0,433.0,0.0,80.0,215.0,94.0,44.0,0.0,82.0,21.0,22.0,39.0,80.0,0.0682080924855491,8744.0,125.0,3051.75,50.57029854554733,5.273005763141846,42.0,93.0,45.0,50.45013904571533,7.149294853210449,205.0,19,15,768,,,,,,4,0,0
p01,2020-03-14,3,3,8,3,7,3,446.0,42.0,98.0,488.0,0.0,64.0,320.0,62.0,42.0,0.0,76.0,17.0,16.0,43.0,64.0,0.0634595701125895,9026.0,175.0,3207.16,55.67880309688219,6.550636118793634,43.0,102.0,49.0,50.21042537689209,6.905632972717285,168.0,10,38,736,2.0,48.8,568.0,5176.0,118.5,5,1,0
p01,2020-03-15,2,3,4,3,5,2,301.0,51.0,95.0,352.0,0.0,57.0,195.0,49.0,51.0,0.0,64.0,18.0,15.0,31.0,57.0,0.0866477272727272,9937.0,127.0,3233.19,53.69258130081301,4.557079008666436,45.0,100.0,48.0,51.24338340759277,6.826224327087402,200.0,14,48,826,2.0,62.3,581.0,5220.0,96.0,6,1,0
p01,2020-03-16,2,3,6,3,5,2,345.0,57.0,98.0,402.0,0.0,25.0,249.0,71.0,57.0,23.0,76.0,19.0,21.0,36.0,25.0,0.0860495436766623,6939.0,119.0,2878.29,51.03281027104137,3.1985977970733703,44.0,79.0,47.0,50.49125576019287,6.800045013427734,137.0,31,25,845,1.0,16.216666666666665,128.0,915.0,96.0,0,0,0
p01,2020-03-17,2,3,7,2,7,3,473.0,62.0,100.0,535.0,0.0,36.0,378.0,59.0,62.0,21.0,76.0,16.0,19.0,41.0,36.0,0.0737628384687208,7952.0,128.0,2932.23,49.26471624955939,3.2592603286928012,43.0,82.0,45.0,50.059335708618164,6.791380882263184,145.0,11,38,711,2.0,41.81666666666666,385.0,3286.0,98.5,1,0,0
p01,2020-03-18,3,3,7,2,5,2,427.0,41.0,99.0,468.0,0.0,56.0,289.0,82.0,41.0,0.0,81.0,20.0,18.0,43.0,56.0,0.0513368983957219,6403.0,123.0,2838.67,52.19596962616822,3.768788917389676,43.0,88.0,47.0,50.257466316223145,6.788510322570801,112.0,16,33,811,,,,,,2,0,0
p01,2020-03-19,2,3,7,2,5,2,332.0,46.0,97.0,378.0,0.0,30.0,233.0,69.0,46.0,1.0,74.0,19.0,21.0,34.0,30.0,0.0728476821192053,8331.0,130.0,3178.23,50.412773359840955,4.932086210176622,41.0,88.0,45.0,49.03186798095703,6.787558555603027,204.0,29,22,807,2.0,38.71666666666667,268.0,2326.0,85.0,3,0,0
p01,2020-03-20,2,2,7,2,5,2,341.0,39.0,99.0,380.0,0.0,37.0,230.0,74.0,39.0,0.0,72.0,20.0,16.0,36.0,37.0,0.062251655629139,7189.0,117.0,2901.77,51.8871012482663,4.2990026141129505,43.0,91.0,47.0,49.66581630706787,6.787243843078613,156.0,15,30,859,,,,,,4,0,0
p01,2020-03-21,2,3,7,2,6,3,381.0,52.0,98.0,433.0,0.0,40.0,261.0,80.0,52.0,0.0,74.0,20.0,17.0,37.0,40.0,0.0490081680280046,14653.0,119.0,3748.94,53.91837697570182,5.698615912729138,43.0,99.0,48.0,50.4773588180542,6.787138938903809,249.0,31,70,657,1.0,109.61666666666666,971.0,8315.0,98.0,5,1,0
p01,2020-03-22,3,3,8,3,6,3,408.0,46.0,98.0,454.0,0.0,36.0,314.0,58.0,46.0,0.0,74.0,16.0,18.0,40.0,35.0,0.0809898762654668,4773.0,118.0,2785.38,52.819397993311036,4.567096351370938,45.0,82.0,47.0,50.55702304840088,6.787104606628418,168.0,14,11,793,,,,,,6,1,0
p01,2020-03-23,3,3,8,3,6,3,375.0,48.0,99.0,423.0,0.0,45.0,269.0,61.0,48.0,0.0,73.0,18.0,18.0,37.0,45.0,0.0782918149466192,5897.0,114.0,2854.75,51.116382699868936,3.035808235322393,44.0,70.0,47.0,50.543996810913086,6.787093162536621,149.0,13,31,824,,,,,,0,0,0
p01,2020-03-24,3,3,8,2,7,3,438.0,54.0,98.0,492.0,0.0,43.0,327.0,68.0,54.0,23.0,76.0,17.0,17.0,42.0,42.0,0.0588832487309644,5439.0,114.0,2798.69,53.99955486312041,5.1009837698905915,44.0,104.0,47.0,50.58268165588379,6.7870893478393555,151.0,3,13,781,,,,,,1,0,0
p01,2020-03-25,3,3,8,3,5,2,347.0,56.0,99.0,403.0,0.0,67.0,240.0,40.0,56.0,0.0,71.0,17.0,19.0,35.0,66.0,0.0674157303370786,9121.0,121.0,3160.4,53.87648360490847,6.362967572181296,43.0,98.0,47.0,50.29405879974365,6.787087440490723,186.0,11,43,797,2.0,57.18333333333333,517.0,5106.0,93.5,2,0,0
p01,2020-03-27,2,2,6,2,5,2,307.0,38.0,97.0,345.0,0.0,59.0,196.0,52.0,38.0,2.0,72.0,19.0,20.0,33.0,59.0,0.0969609261939218,11532.0,128.0,3383.74,52.506053935057786,5.680607359796192,44.0,93.0,46.0,50.23250770568848,6.787087440490723,181.0,28,65,821,3.0,83.63333333333333,759.0,6371.0,97.66666666666667,4,0,0
p01,2020-03-28,3,3,8,3,6,3,354.0,48.0,96.0,402.0,0.0,5.0,290.0,59.0,48.0,1.0,67.0,16.0,14.0,37.0,5.0,0.0871261378413524,16448.0,125.0,3967.7999999999997,55.40920716112532,6.944233304977734,46.0,129.0,49.0,51.125173568725586,6.787087440490723,207.0,69,83,679,1.0,93.01666666666667,846.0,7599.0,100.0,5,1,0
p01,2020-03-29,3,3,8,3,5,3,349.0,65.0,99.0,474.0,0.0,55.0,256.0,38.0,65.0,0.0,62.0,16.0,14.0,32.0,55.0,0.0569620253164556,6698.0,110.0,2832.94,54.80051948051948,3.6996485041919556,45.0,78.0,49.0,53.07050037384033,6.787087440490723,145.0,19,22,840,1.0,17.933333333333334,151.0,1279.0,96.0,6,1,0
p01,2020-03-30,3,3,8,3,6,3,386.0,37.0,98.0,423.0,0.0,35.0,281.0,70.0,37.0,0.0,78.0,19.0,20.0,39.0,34.0,0.1364734299516908,4761.0,112.0,2696.81,53.7940709370037,4.596616360639831,45.0,92.0,48.0,52.17508316040039,6.787087440490723,161.0,6,8,842,,,,,,0,0,0
p02,2019-11-03,3,4,8,4,9,4,,,,,,,,,,,,,,,,,,,1670.3999999999999,,,,,,,,0.0,0,0,1440,,,,,,6,1,0
p02,2019-11-06,4,3,7,3,7,2,387.0,66.0,93.0,453.0,0.0,61.0,250.0,76.0,66.0,23.0,,,,,,,17228.0,157.0,3134.3,74.61421253119664,36.79889878712193,40.0,182.0,41.0,,,183.0,20,77,707,2.0,87.28333333333333,649.0,11173.0,122.0,2,0,1
p02,2019-11-07,3,3,7,3,7,3,383.0,34.0,90.0,417.0,0.0,40.0,235.0,108.0,34.0,23.0,75.0,21.0,15.0,39.0,40.0,0.1521472392638037,16074.0,154.0,3404.18,58.618284357376076,20.92918794471986,39.0,157.0,41.0,,,222.0,14,98,689,3.0,75.08333333333333,641.0,6541.0,93.33333333333333,3,0,0
p02,2019-11-08,3,3,7,3,7,3,389.0,89.0,98.0,478.0,0.0,73.0,226.0,90.0,89.0,23.0,72.0,22.0,18.0,32.0,72.0,0.2016895459345301,17375.0,158.0,3557.44,65.95490514905148,29.831045707504984,37.0,167.0,41.0,,,227.0,17,80,638,2.0,78.5,992.0,10365.0,117.5,4,0,0
p02,2019-11-09,3,3,5,3,7,3,270.0,38.0,94.0,308.0,0.0,35.0,162.0,73.0,38.0,0.0,67.0,21.0,17.0,29.0,35.0,0.0755336617405583,18903.0,137.0,3598.74,52.29663212435233,13.886585158641882,38.0,129.0,44.0,,,177.0,28,128,799,2.0,124.58333333333334,1325.0,12825.0,103.5,5,1,0
p02,2019-11-10,3,3,6,3,6,3,417.0,52.0,99.0,469.0,0.0,76.0,220.0,121.0,52.0,1.0,80.0,22.0,19.0,39.0,76.0,0.2017167381974249,15647.0,122.0,3633.83,52.02997310106315,10.79638836978371,38.0,124.0,41.0,,,227.0,36,109,599,3.0,115.46666666666667,1096.0,8478.0,105.66666666666667,6,1,0
p02,2019-11-11,3,3,8,3,6,3,383.0,51.0,91.0,434.0,0.0,67.0,213.0,103.0,51.0,23.0,79.0,22.0,19.0,38.0,67.0,0.1378091872791519,21991.0,159.0,3968.62,72.36253776435045,39.1487602796742,37.0,183.0,40.0,,,113.0,39,143,711,3.0,122.83333333333333,1556.0,15858.0,109.0,0,0,0
p02,2019-11-13,3,2,6,3,7,3,359.0,81.0,98.0,440.0,0.0,28.0,270.0,61.0,81.0,23.0,67.0,17.0,19.0,31.0,28.0,0.1695501730103806,21369.0,156.0,4349.62,76.07432326709436,41.016012172445855,37.0,167.0,40.0,,,260.0,49,128,563,3.0,95.14999999999999,1203.0,11278.0,121.0,2,0,0
p02,2019-11-15,3,3,5,3,6,3,342.0,58.0,93.0,400.0,0.0,51.0,236.0,55.0,58.0,23.0,69.0,18.0,18.0,33.0,50.0,0.0961298377028714,14219.0,137.0,3802.89,54.055924912006255,9.279121390288049,40.0,112.0,44.0,,,250.0,32,108,650,3.0,107.65,1068.0,6324.0,106.0,4,0,0
p02,2019-11-17,3,3,4,3,7,3,320.0,43.0,96.0,363.0,0.0,40.0,213.0,67.0,43.0,2.0,69.0,21.0,14.0,34.0,39.0,0.0715268225584594,4918.0,93.0,2392.35,53.9575962865387,6.2019310096969065,41.0,95.0,45.0,,,191.0,7,4,875,,,,,,6,1,0
p02,2019-11-18,3,3,5,3,7,3,338.0,51.0,96.0,389.0,0.0,75.0,187.0,76.0,51.0,23.0,79.0,22.0,22.0,35.0,75.0,0.0883905013192612,24041.0,158.0,4714.26,74.4641173389209,43.65557156166916,38.0,170.0,41.0,,,126.0,34,215,676,4.0,205.06666666666666,2085.0,14307.0,115.25,0,0,0
p02,2019-11-19,2,3,4,3,7,3,393.0,37.0,96.0,430.0,0.0,36.0,276.0,81.0,37.0,23.0,80.0,21.0,19.0,40.0,36.0,0.1364175563463819,1409.0,155.0,1883.3799999999999,47.94261152416357,5.585471864029893,39.0,80.0,42.0,,,50.0,0,0,960,,,,,,1,0,0
p02,2019-11-20,3,3,6,3,7,3,322.0,53.0,91.0,375.0,0.0,62.0,229.0,31.0,53.0,23.0,65.0,16.0,17.0,32.0,62.0,0.1610738255033557,19635.0,120.0,3488.99,51.81264383376202,8.12442752729984,39.0,113.0,43.0,,,132.0,26,144,763,1.0,174.1,1404.0,14958.0,95.0,2,0,0
p02,2019-11-22,3,3,4,3,6,3,378.0,57.0,99.0,435.0,0.0,38.0,253.0,87.0,57.0,23.0,74.0,21.0,17.0,36.0,38.0,0.182237600922722,11579.0,119.0,3863.55,53.340042372881356,10.61690550258688,40.0,157.0,44.0,,,118.0,10,152,725,2.0,172.23333333333332,1875.0,8080.0,117.5,4,0,0
p02,2019-11-23,3,3,5,3,6,3,452.0,57.0,91.0,509.0,0.0,55.0,284.0,113.0,57.0,0.0,79.0,21.0,16.0,42.0,55.0,0.169774288518155,17081.0,115.0,3595.99,53.77315767805681,7.847696096063564,39.0,101.0,44.0,,,331.0,35,90,475,1.0,56.31666666666667,483.0,5399.0,97.0,5,1,0
p02,2019-11-24,3,3,2,3,6,3,245.0,38.0,94.0,283.0,0.0,21.0,167.0,57.0,38.0,4.0,58.0,19.0,13.0,26.0,20.0,0.0687830687830687,3132.0,131.0,2304.31,53.3356788556927,7.597582182636278,39.0,96.0,42.0,,,167.0,0,0,895,,,,,,6,1,0
p02,2019-11-25,3,3,6,3,6,3,418.0,30.0,96.0,448.0,0.0,58.0,219.0,141.0,30.0,23.0,82.0,20.0,21.0,41.0,58.0,0.124860646599777,22800.0,158.0,4074.19,69.92153814262024,34.89750070632921,38.0,157.0,39.0,,,97.0,38,178,679,4.0,198.66666666666669,1970.0,18870.0,106.0,0,0,0
p02,2019-11-26,3,3,6,3,6,3,354.0,78.0,97.0,432.0,0.0,46.0,240.0,68.0,78.0,23.0,74.0,20.0,20.0,34.0,46.0,0.0974421437271619,22487.0,122.0,3639.94,51.57391418105704,11.909594679864755,38.0,116.0,41.0,,,147.0,45,158,658,4.0,166.39999999999998,1433.0,16697.0,93.75,1,0,0
p02,2019-11-28,3,3,6,3,6,3,379.0,58.0,90.0,437.0,0.0,51.0,234.0,94.0,58.0,23.0,76.0,21.0,18.0,37.0,51.0,0.1746216530849825,9594.0,153.0,2721.52,52.15392120990364,13.533716137304266,38.0,147.0,41.0,,,110.0,12,63,818,,,,,,3,0,0
p02,2019-11-29,3,3,5,3,5,3,404.0,42.0,94.0,446.0,0.0,86.0,234.0,84.0,42.0,23.0,82.0,22.0,20.0,40.0,86.0,0.1201814058956916,16534.0,118.0,3269.56,52.57851999387161,10.978174015051042,37.0,109.0,40.0,,,204.0,36,94,660,2.0,107.53333333333333,901.0,10711.0,91.0,4,0,0
p02,2019-12-01,3,3,2,3,8,3,399.0,110.0,96.0,509.0,0.0,43.0,286.0,70.0,110.0,1.0,58.0,18.0,12.0,28.0,43.0,0.1825318940137389,20025.0,118.0,3629.05,54.19930154142582,9.46038448571096,38.0,116.0,43.0,,,161.0,17,165,588,3.0,180.93333333333334,1540.0,15990.0,96.33333333333333,6,1,0
p02,2019-12-02,3,3,2,3,6,3,376.0,49.0,93.0,425.0,0.0,87.0,202.0,87.0,49.0,23.0,81.0,22.0,22.0,37.0,87.0,0.1104582843713278,26116.0,117.0,4072.93,54.094525454080326,13.231464672272708,38.0,118.0,41.0,,,128.0,34,214,639,5.0,184.33333333333334,1684.0,17976.0,100.6,0,0,0
p02,2019-12-03,3,3,2,3,6,3,382.0,58.0,99.0,440.0,0.0,73.0,231.0,78.0,58.0,23.0,75.0,21.0,18.0,36.0,73.0,0.2088535754824063,14643.0,156.0,3530.66,50.20266878055225,10.282448163446475,37.0,133.0,39.0,,,196.0,26,117,661,3.0,95.31666666666666,986.0,6308.0,108.33333333333333,1,0,0
p02,2019-12-04,3,3,2,3,6,3,392.0,51.0,92.0,443.0,0.0,54.0,247.0,91.0,51.0,23.0,79.0,21.0,21.0,37.0,54.0,0.1354401805869074,10886.0,115.0,2927.13,51.05024509803921,8.456339056746241,37.0,108.0,39.0,,,269.0,12,40,676,1.0,52.05,429.0,4436.0,91.0,2,0,0
p02,2019-12-05,3,3,3,3,6,3,383.0,59.0,99.0,442.0,0.0,63.0,273.0,47.0,59.0,23.0,70.0,17.0,17.0,36.0,63.0,0.2020431328036322,19220.0,152.0,3963.94,64.88679656035703,29.37908176017523,38.0,152.0,42.0,,,194.0,21,130,653,3.0,125.26666666666667,1521.0,12600.0,116.33333333333333,3,0,0
p02,2019-12-07,3,3,4,3,6,3,372.0,54.0,92.0,426.0,0.0,74.0,204.0,94.0,54.0,23.0,71.0,22.0,13.0,36.0,74.0,0.1652989449003517,21078.0,112.0,4000.56,53.84107175628556,10.042917889347914,37.0,136.0,41.0,,,250.0,28,144,592,5.0,157.03333333333333,1414.0,12477.0,97.0,5,1,0
p02,2019-12-08,3,3,4,3,6,3,351.0,63.0,94.0,414.0,0.0,43.0,238.0,70.0,63.0,2.0,68.0,20.0,15.0,33.0,43.0,0.1097708082026538,21623.0,140.0,4116.59,70.38109491165396,29.893548773018832,40.0,146.0,45.0,,,189.0,29,165,643,2.0,166.46666666666664,1644.0,14541.0,109.5,6,1,0
p02,2019-12-10,3,3,5,3,6,3,317.0,57.0,94.0,374.0,0.0,50.0,203.0,64.0,57.0,1.0,71.0,20.0,20.0,31.0,50.0,0.1081441922563418,9379.0,122.0,2849.62,52.060348783845804,8.83829523142247,38.0,101.0,41.0,,,251.0,11,37,767,,,,,,1,0,0
p02,2019-12-12,3,3,5,3,6,3,355.0,78.0,91.0,433.0,0.0,70.0,258.0,27.0,78.0,23.0,66.0,16.0,18.0,32.0,69.0,0.171021377672209,19928.0,151.0,3972.73,52.93947799773043,11.583726406369314,38.0,121.0,42.0,,,171.0,42,160,634,6.0,190.53333333333333,1763.0,14676.0,100.83333333333333,3,0,0
p02,2019-12-14,3,3,4,3,7,3,368.0,79.0,93.0,447.0,0.0,25.0,272.0,71.0,79.0,2.0,58.0,18.0,9.0,31.0,25.0,0.1702127659574468,11890.0,113.0,3047.8,55.90701693743519,7.544933102313151,38.0,108.0,48.0,,,189.0,11,70,723,1.0,75.95,667.0,7287.0,96.0,5,1,0
p02,2019-12-15,3,3,4,3,7,3,479.0,47.0,98.0,526.0,0.0,102.0,278.0,99.0,47.0,23.0,79.0,23.0,14.0,42.0,101.0,0.110792741165234,19888.0,160.0,3738.68,68.80484289420582,29.998306435505288,41.0,159.0,45.0,,,153.0,25,135,601,2.0,181.01666666666665,1722.0,16071.0,106.0,6,1,0
p02,2019-12-19,3,3,5,3,6,3,349.0,52.0,83.0,401.0,0.0,18.0,234.0,97.0,52.0,0.0,63.0,19.0,9.0,35.0,18.0,0.1768368617683686,13145.0,114.0,3128.73,57.03005249343832,8.494558050259108,42.0,123.0,47.0,,,208.0,18,68,745,2.0,74.23333333333333,602.0,6686.0,96.5,3,0,0
p02,2019-12-20,3,3,4,3,7,3,372.0,35.0,97.0,407.0,0.0,72.0,221.0,79.0,35.0,0.0,75.0,22.0,15.0,38.0,72.0,0.0932515337423312,22707.0,158.0,4168.25,72.88696919233972,37.40936411414784,39.0,210.0,45.0,,,209.0,25,133,666,5.0,604.9333333333334,2831.0,27099.0,110.25,4,0,0
p02,2019-12-21,3,3,5,3,7,3,397.0,49.0,93.0,446.0,0.0,77.0,237.0,83.0,49.0,0.0,72.0,22.0,11.0,39.0,76.0,0.1786120591581342,10055.0,116.0,2970.63,53.727005995662715,6.756828578235675,41.0,108.0,45.0,,,287.0,14,34,659,1.0,16.216666666666665,78.0,735.0,79.0,5,1,0
p02,2019-12-23,3,3,3,3,7,3,217.0,17.0,95.0,234.0,0.0,25.0,120.0,72.0,17.0,0.0,70.0,18.0,17.0,35.0,24.0,0.066079295154185,9261.0,112.0,2845.46,51.92642499403768,8.640142919800335,38.0,109.0,42.0,,,263.0,20,25,722,,,,,,0,0,0
p02,2019-12-24,3,3,3,3,7,3,417.0,86.0,98.0,503.0,0.0,64.0,252.0,101.0,86.0,0.0,74.0,22.0,17.0,35.0,64.0,0.2193419740777667,15626.0,161.0,3763.03,66.00666173205033,32.07982340573174,36.0,156.0,40.0,,,273.0,48,74,542,1.0,44.016666666666666,652.0,6522.0,141.0,1,0,0
p02,2019-12-26,3,3,3,3,7,3,498.0,34.0,85.0,532.0,0.0,62.0,274.0,162.0,34.0,23.0,78.0,21.0,10.0,47.0,61.0,0.1573986804901036,18867.0,131.0,3878.0099999999998,56.34289159855286,8.79195756797948,40.0,128.0,45.0,,,237.0,33,135,503,2.0,133.25,1280.0,11992.0,107.0,3,0,0
p02,2019-12-27,3,3,4,3,7,3,426.0,55.0,85.0,481.0,0.0,75.0,287.0,64.0,55.0,2.0,72.0,18.0,12.0,42.0,74.0,0.1165966386554621,9417.0,117.0,2789.79,55.1281667434362,7.19962913819715,41.0,120.0,46.0,,,145.0,7,64,743,1.0,69.98333333333333,626.0,6557.0,100.0,4,0,0
p02,2019-12-28,3,3,4,3,7,3,414.0,56.0,91.0,470.0,0.0,68.0,252.0,94.0,56.0,1.0,80.0,22.0,18.0,40.0,68.0,0.198051948051948,16565.0,163.0,3682.73,66.4103227141084,32.942811743013834,36.0,157.0,39.0,,,181.0,17,111,661,2.0,116.51666666666667,1049.0,10247.0,117.5,5,1,0
p02,2019-12-29,3,3,3,3,7,3,407.0,41.0,98.0,448.0,0.0,65.0,221.0,121.0,41.0,1.0,70.0,22.0,9.0,39.0,65.0,0.2508361204013378,8065.0,119.0,2752.56,55.37525452149958,9.174683190258344,37.0,109.0,44.0,,,135.0,3,55,799,1.0,55.483333333333334,509.0,5436.0,97.0,6,1,0
p02,2019-12-31,3,3,5,3,7,3,387.0,69.0,98.0,456.0,0.0,59.0,246.0,82.0,69.0,0.0,73.0,21.0,17.0,35.0,59.0,0.1905805038335158,1058.0,107.0,1862.4099999999999,46.02214242968282,5.800235353733197,39.0,97.0,41.0,,,25.0,2,7,950,,,,,,1,0,0
p02,2020-01-01,3,3,2,3,7,3,,,,,,,,,,,,,,,,,239.0,55.0,1749.74,53.4786680541103,2.9150851715525317,45.0,75.0,49.0,0.0,0.0,6.0,0,0,1434,,,,,,2,0,0
p02,2020-01-02,3,3,6,3,7,3,425.0,83.0,95.0,508.0,0.0,56.0,279.0,90.0,83.0,23.0,72.0,21.0,13.0,38.0,56.0,0.1691248770894788,8414.0,100.0,2995.93,52.075660242683796,8.27562648553366,38.0,107.0,44.0,45.674418449401855,12.494966506958008,240.0,16,48,628,1.0,42.06666666666667,447.0,1445.0,120.0,3,0,0
p02,2020-01-05,3,3,5,3,7,3,464.0,80.0,99.0,544.0,0.0,70.0,304.0,90.0,80.0,1.0,74.0,20.0,15.0,39.0,70.0,0.1836547291092745,13684.0,122.0,3316.96,50.791587258371905,7.712939629306874,38.0,107.0,42.0,45.647817611694336,6.947595596313477,143.0,32,106,615,1.0,48.63333333333333,467.0,4006.0,104.0,6,1,0
p02,2020-01-07,3,3,5,3,6,2,381.0,46.0,93.0,427.0,0.0,50.0,245.0,86.0,46.0,23.0,77.0,21.0,18.0,38.0,50.0,0.1216374269005848,21214.0,157.0,4129.72,76.96423108601012,39.48883663948355,39.0,171.0,42.0,45.869194984436035,6.804596900939941,208.0,8,141,656,2.0,130.15,1236.0,11358.0,118.0,1,0,0
p02,2020-01-09,3,3,4,3,6,3,377.0,69.0,95.0,446.0,0.0,46.0,264.0,67.0,69.0,23.0,71.0,19.0,18.0,34.0,46.0,0.1516853932584269,12857.0,154.0,2962.92,52.94363310274148,13.167434050833519,40.0,147.0,43.0,46.297608375549316,6.789010047912598,136.0,22,85,751,1.0,69.11666666666666,565.0,6390.0,89.0,3,0,0
p02,2020-01-10,3,3,5,3,7,2,375.0,62.0,91.0,437.0,0.0,78.0,199.0,98.0,62.0,23.0,76.0,22.0,18.0,36.0,78.0,0.1738623103850641,20111.0,153.0,4373.83,70.94978846582053,35.75228453576867,40.0,165.0,43.0,46.51742649078369,6.787724494934082,160.0,14,172,657,3.0,142.43333333333334,1845.0,13061.0,124.33333333333333,4,0,0
p02,2020-01-11,3,3,4,3,6,3,296.0,62.0,99.0,358.0,0.0,10.0,226.0,60.0,62.0,1.0,57.0,17.0,13.0,27.0,10.0,0.2217573221757322,5824.0,102.0,2587.77,52.71652198662303,7.617467153528885,40.0,93.0,43.0,46.975510597229004,6.787298202514648,222.0,3,11,846,,,,,,5,1,0
p02,2020-01-13,3,3,5,3,6,3,370.0,50.0,90.0,420.0,0.0,72.0,195.0,103.0,50.0,23.0,79.0,22.0,20.0,37.0,72.0,0.1445929526123937,15668.0,149.0,3112.14,50.78500127975429,11.703780246270288,38.0,146.0,40.0,46.11589336395264,6.787110328674316,120.0,29,99,772,2.0,129.1,1124.0,12341.0,96.5,0,0,0
p02,2020-01-14,3,3,6,3,7,3,335.0,81.0,99.0,416.0,0.0,44.0,236.0,55.0,81.0,23.0,68.0,18.0,18.0,32.0,44.0,0.2037974683544303,21089.0,165.0,4162.63,70.73726595530502,36.32747055185918,37.0,159.0,40.0,44.81777095794678,6.787095069885254,145.0,26,159,694,4.0,167.36666666666667,1711.0,14300.0,116.75,1,0,0
p02,2020-01-17,3,3,7,3,6,3,233.0,29.0,97.0,262.0,0.0,27.0,173.0,33.0,29.0,23.0,62.0,16.0,18.0,28.0,26.0,0.1957364341085271,23550.0,155.0,4296.73,73.02986043492372,37.93338013618862,38.0,163.0,41.0,45.61652088165283,6.787087440490723,169.0,27,154,734,3.0,134.08333333333334,1760.0,17105.0,119.33333333333333,4,0,0
p02,2020-01-18,3,3,4,3,6,3,464.0,64.0,91.0,528.0,0.0,88.0,234.0,142.0,64.0,0.0,75.0,22.0,12.0,41.0,88.0,0.1450381679389313,15735.0,119.0,3733.87,55.33940459741238,8.406259100070079,41.0,115.0,46.0,47.96926212310791,6.787087440490723,223.0,13,135,541,2.0,102.93333333333334,1097.0,6087.0,112.0,5,1,0
p02,2020-01-20,2,3,3,3,6,3,406.0,52.0,98.0,458.0,0.0,31.0,283.0,92.0,52.0,23.0,78.0,20.0,19.0,39.0,30.0,0.1832402234636871,15403.0,151.0,3154.83,52.75209439528024,14.361939276388616,38.0,126.0,41.0,47.189125061035156,6.787087440490723,147.0,12,90,733,1.0,94.73333333333333,966.0,10239.0,107.0,0,0,0
p02,2020-01-23,3,3,5,3,5,3,278.0,45.0,93.0,323.0,0.0,33.0,203.0,42.0,45.0,23.0,66.0,17.0,19.0,30.0,33.0,0.1778471138845553,16213.0,161.0,3583.98,69.49902868243629,35.18676332574723,38.0,162.0,42.0,46.25107192993164,6.787087440490723,191.0,15,90,821,1.0,77.66666666666667,914.0,9070.0,134.0,3,0,0
p02,2020-01-24,3,3,4,3,6,3,368.0,55.0,95.0,423.0,0.0,82.0,200.0,86.0,55.0,0.0,72.0,22.0,15.0,35.0,81.0,0.0802833530106257,21309.0,158.0,3936.33,67.87943925233645,28.61930829433204,43.0,151.0,46.0,48.663825035095215,6.787087440490723,197.0,30,138,652,4.0,155.9,1493.0,6550.0,98.75,4,0,0
p02,2020-01-25,3,3,3,3,6,3,425.0,61.0,95.0,486.0,0.0,39.0,295.0,91.0,61.0,23.0,78.0,21.0,16.0,41.0,38.0,0.0888429752066115,7550.0,104.0,2657.36,54.39393611261505,6.597389074917256,41.0,110.0,45.0,49.623589515686035,6.787087440490723,269.0,1,15,669,1.0,19.633333333333333,155.0,1614.0,96.0,5,1,0
p02,2020-01-26,3,3,3,3,5,3,291.0,36.0,89.0,327.0,0.0,45.0,170.0,76.0,36.0,2.0,71.0,21.0,18.0,32.0,45.0,0.1053435114503816,4766.0,100.0,2283.96,53.64028403186699,7.306104051162112,41.0,96.0,44.0,49.143330574035645,6.787087440490723,139.0,4,11,959,1.0,17.066666666666666,125.0,1301.0,88.0,6,1,0
p02,2020-01-29,3,3,5,3,7,3,370.0,74.0,95.0,444.0,0.0,44.0,256.0,70.0,74.0,23.0,75.0,19.0,23.0,33.0,44.0,0.0961098398169336,20667.0,153.0,3793.66,51.382386799693016,16.5359926403541,38.0,149.0,39.0,46.46949100494385,6.8919878005981445,293.0,25,116,562,2.0,133.13333333333333,1206.0,12984.0,92.0,2,0,0
p02,2020-01-31,3,3,5,3,7,3,385.0,75.0,98.0,460.0,0.0,43.0,270.0,72.0,75.0,23.0,73.0,19.0,18.0,36.0,42.0,0.1616161616161616,14950.0,141.0,3455.37,53.26992672349335,10.689900505544482,39.0,153.0,42.0,47.205549240112305,6.798561096191406,213.0,16,96,655,2.0,86.2,972.0,8755.0,113.5,4,0,0
p02,2020-02-02,3,3,6,3,6,3,475.0,82.0,90.0,557.0,0.0,81.0,294.0,100.0,82.0,0.0,76.0,22.0,16.0,38.0,81.0,0.1162162162162162,17758.0,116.0,3491.48,50.70149003850661,7.400973360825731,39.0,100.0,41.0,47.866034507751465,6.788347244262695,230.0,62,85,506,2.0,48.63333333333333,366.0,4405.0,87.5,6,1,0
p02,2020-02-05,3,3,5,3,6,3,297.0,50.0,93.0,347.0,0.0,57.0,160.0,80.0,50.0,1.0,65.0,21.0,14.0,30.0,56.0,0.1001451378809869,17319.0,112.0,3768.82,50.824074074074076,8.055552466195394,39.0,119.0,43.0,47.77826976776123,6.78713321685791,337.0,23,98,635,2.0,87.9,831.0,6158.0,111.0,2,0,0
p02,2020-02-07,3,3,5,3,7,3,364.0,85.0,92.0,449.0,0.0,69.0,223.0,72.0,85.0,23.0,74.0,20.0,21.0,33.0,69.0,0.1290697674418604,16075.0,155.0,3562.67,57.99222316145393,28.004443226453283,37.0,169.0,39.0,45.44695472717285,6.787092208862305,219.0,3,99,670,2.0,94.71666666666667,1131.0,10376.0,126.5,4,0,0
p02,2020-02-08,3,3,5,3,6,2,403.0,72.0,94.0,475.0,0.0,49.0,297.0,57.0,72.0,0.0,65.0,17.0,12.0,36.0,49.0,0.1398527865404837,19941.0,152.0,3828.52,67.08770861249847,30.53873576763544,38.0,165.0,44.0,46.844218254089355,6.787088394165039,251.0,16,96,602,1.0,64.85,924.0,8875.0,136.0,5,1,0
p02,2020-02-09,3,3,5,3,7,3,441.0,58.0,91.0,499.0,0.0,44.0,245.0,152.0,58.0,0.0,74.0,19.0,12.0,43.0,44.0,0.155299055613851,10319.0,109.0,2818.79,52.43227910934619,5.142541431956763,37.0,83.0,45.0,48.77305030822754,6.787087440490723,234.0,19,40,648,1.0,16.216666666666665,87.0,972.0,80.0,6,1,0
p02,2020-02-10,3,3,5,3,7,3,392.0,65.0,90.0,457.0,0.0,72.0,253.0,67.0,65.0,23.0,70.0,19.0,15.0,36.0,72.0,0.1617486338797814,9845.0,136.0,2692.77,52.93229990509332,9.065800561076909,40.0,119.0,42.0,47.9880485534668,6.787087440490723,109.0,11,57,806,2.0,59.71666666666667,556.0,5767.0,99.0,0,0,0
p02,2020-02-11,3,3,5,3,6,3,388.0,50.0,97.0,438.0,0.0,35.0,262.0,91.0,50.0,23.0,79.0,21.0,20.0,38.0,35.0,0.13203214695752,19587.0,128.0,3656.34,53.5922971457061,12.55441114062935,38.0,119.0,41.0,47.226518630981445,6.787087440490723,150.0,41,149,662,4.0,174.06666666666666,1505.0,15055.0,98.25,1,0,0
p02,2020-02-12,3,3,5,3,6,3,346.0,48.0,99.0,394.0,0.0,62.0,216.0,68.0,48.0,23.0,75.0,21.0,19.0,35.0,62.0,0.159438775510204,26750.0,153.0,4130.74,60.117392295418284,22.292612467072065,38.0,136.0,41.0,46.475783348083496,6.787087440490723,161.0,36,185,664,6.0,180.05,1779.0,19504.0,105.66666666666667,2,0,0
p02,2020-02-14,3,3,4,3,5,3,349.0,83.0,96.0,432.0,0.0,57.0,225.0,67.0,83.0,23.0,67.0,19.0,20.0,28.0,56.0,0.1263035921205098,13895.0,152.0,3280.83,59.55940666764576,23.214134423142024,36.0,168.0,40.0,46.02413368225098,6.787087440490723,289.0,1,57,661,1.0,17.066666666666666,239.0,2153.0,141.0,4,0,0
p02,2020-02-16,3,3,6,3,6,3,306.0,53.0,93.0,359.0,0.0,69.0,166.0,71.0,53.0,3.0,66.0,22.0,13.0,31.0,69.0,0.0824022346368715,23982.0,118.0,4386.26,71.30356431700518,30.75961769419066,42.0,155.0,47.0,50.02049160003662,8.987010955810547,204.0,19,197,661,3.0,216.83333333333334,2113.0,19551.0,107.66666666666667,6,1,0
p02,2020-02-17,3,3,5,3,7,3,404.0,46.0,99.0,450.0,0.0,51.0,243.0,110.0,46.0,23.0,77.0,21.0,17.0,39.0,51.0,0.2390078917700112,12872.0,117.0,3273.34,50.909685677712986,11.815772004061792,38.0,122.0,40.0,48.11166572570801,7.462969779968262,121.0,23,116,730,3.0,158.55,1315.0,9366.0,101.66666666666667,0,0,0
p02,2020-02-18,3,3,5,3,6,3,371.0,75.0,89.0,446.0,0.0,57.0,290.0,24.0,75.0,23.0,70.0,15.0,20.0,35.0,57.0,0.1546391752577319,14934.0,144.0,3066.23,49.74980959634425,9.412943926167108,38.0,119.0,41.0,47.61575126647949,11.253861427307129,95.0,25,114,760,3.0,123.73333333333332,1095.0,11936.0,97.66666666666667,1,0,0
p02,2020-02-19,3,3,7,3,7,3,364.0,78.0,98.0,442.0,0.0,57.0,234.0,73.0,78.0,23.0,70.0,20.0,20.0,30.0,57.0,0.151412429378531,25436.0,154.0,4669.59,51.81605465414176,11.560116712427153,38.0,152.0,40.0,46.5058708190918,8.062965393066406,186.0,55,194,563,2.0,192.0,2165.0,18397.0,118.0,2,0,0
p02,2020-02-21,3,3,6,3,6,3,373.0,39.0,98.0,412.0,0.0,57.0,248.0,68.0,39.0,23.0,73.0,20.0,15.0,38.0,57.0,0.2387878787878788,17634.0,155.0,4098.26,54.53984,15.255683875752107,40.0,157.0,43.0,48.56175518035889,6.9192609786987305,221.0,43,144,620,3.0,141.5,1384.0,6557.0,118.0,4,0,0
p02,2020-02-22,3,4,5,4,6,3,395.0,79.0,94.0,474.0,0.0,46.0,274.0,75.0,79.0,23.0,64.0,19.0,11.0,34.0,46.0,0.1970495258166491,13643.0,131.0,2965.65,55.26520438683948,6.762363139215841,43.0,97.0,48.0,51.05933380126953,6.830702781677246,280.0,39,22,625,1.0,21.333333333333332,160.0,1448.0,98.0,5,1,0
p02,2020-02-23,3,3,6,3,7,3,359.0,52.0,90.0,411.0,0.0,88.0,191.0,80.0,52.0,1.0,76.0,22.0,18.0,36.0,87.0,0.1401985111662531,17558.0,156.0,3425.82,60.42435510109226,24.13948006867895,40.0,169.0,45.0,52.17962646484375,6.801525115966797,140.0,8,125,756,2.0,106.65,1178.0,12729.0,117.0,6,1,0
p02,2020-02-24,3,3,5,3,7,3,417.0,55.0,95.0,472.0,0.0,57.0,237.0,123.0,55.0,22.0,82.0,21.0,22.0,39.0,57.0,0.1182795698924731,14370.0,110.0,3062.84,52.222691121571174,10.894494527211481,37.0,110.0,40.0,50.31559658050537,8.842373847961426,253.0,15,66,634,2.0,75.08333333333334,603.0,6515.0,96.0,0,0,0
p02,2020-02-25,3,3,5,3,6,3,150.0,9.0,94.0,159.0,0.0,,,,,3.0,,,,,,,6731.0,121.0,2729.7599999999998,51.240997881854554,10.15096984699032,37.0,102.0,40.0,47.915748596191406,8.875799179077148,185.0,38,17,1041,,,,,,1,0,0
p02,2020-02-26,3,4,6,3,5,3,400.0,81.0,90.0,481.0,0.0,54.0,272.0,74.0,81.0,23.0,73.0,19.0,20.0,34.0,54.0,0.1557632398753894,21897.0,157.0,4902.46,71.4889150151159,38.42876517675816,39.0,162.0,41.0,46.962928771972656,7.431191444396973,281.0,78,152,448,3.0,132.58333333333334,1680.0,10675.0,131.33333333333334,2,0,0
p02,2020-02-27,3,4,7,4,6,3,368.0,66.0,91.0,434.0,0.0,6.0,276.0,86.0,66.0,0.0,65.0,18.0,14.0,33.0,5.0,0.1139240506329113,31147.0,158.0,4830.25,76.18218029350105,38.79431376971056,41.0,172.0,44.0,49.073957443237305,6.9958038330078125,165.0,26,215,532,4.0,233.95,2441.0,23840.0,108.5,3,0,0
p02,2020-02-28,3,3,5,3,5,3,236.0,47.0,94.0,283.0,0.0,31.0,180.0,25.0,47.0,2.0,61.0,16.0,21.0,24.0,31.0,0.1256732495511669,6665.0,112.0,2535.91,50.15225491455737,7.53112771077634,39.0,105.0,41.0,47.86138916015625,6.855772018432617,224.0,0,0,853,,,,,,4,0,0
p02,2020-02-29,3,3,6,3,7,3,440.0,54.0,98.0,494.0,0.0,86.0,197.0,157.0,54.0,23.0,79.0,20.0,17.0,42.0,86.0,0.2328205128205128,27295.0,138.0,4246.72,52.419489317352784,14.465951237248508,38.0,128.0,40.0,46.98758506774902,6.8098039627075195,164.0,32,223,527,3.0,216.73333333333335,2007.0,20890.0,95.66666666666667,5,1,0
p02,2020-03-01,3,3,6,3,7,3,189.0,31.0,89.0,220.0,0.0,7.0,172.0,10.0,31.0,23.0,66.0,12.0,22.0,32.0,7.0,0.1017369727047146,12031.0,119.0,2924.06,50.35764563106796,8.485117007047384,37.0,110.0,40.0,46.49225902557373,6.794612884521484,215.0,13,63,864,1.0,65.7,494.0,5329.0,88.0,6,1,0
p02,2020-03-02,3,3,6,3,7,3,416.0,67.0,96.0,483.0,0.0,81.0,245.0,90.0,67.0,23.0,76.0,22.0,17.0,37.0,81.0,0.1851085832471561,23021.0,163.0,4132.79,68.2830251356439,34.86254385890056,37.0,153.0,39.0,45.150108337402344,6.789581298828125,139.0,28,168,622,2.0,137.13333333333333,1641.0,15426.0,118.0,0,0,0
p02,2020-03-03,3,3,6,3,7,3,372.0,61.0,98.0,433.0,0.0,38.0,247.0,87.0,61.0,0.0,75.0,21.0,16.0,38.0,38.0,0.1625916870415648,23647.0,154.0,4297.37,73.97531481111334,32.86213216470655,38.0,161.0,43.0,46.510443687438965,6.787914276123047,152.0,19,196,640,2.0,197.33333333333334,2086.0,18661.0,112.0,1,0,0
p02,2020-03-04,3,3,5,3,6,3,447.0,71.0,97.0,518.0,0.0,107.0,193.0,147.0,71.0,23.0,76.0,23.0,13.0,40.0,107.0,0.2027158098933074,17096.0,145.0,3328.52,53.355841371918544,10.593054762086203,38.0,127.0,41.0,46.98776435852051,6.787361145019531,171.0,31,108,612,2.0,112.65,1015.0,11580.0,97.5,2,0,0
p02,2020-03-06,3,3,5,3,7,3,399.0,73.0,92.0,472.0,0.0,59.0,255.0,85.0,73.0,23.0,73.0,21.0,17.0,35.0,58.0,0.146031746031746,19857.0,145.0,3773.57,52.71012482662968,9.517373620255938,38.0,114.0,42.0,47.06277275085449,6.787117004394531,213.0,29,161,565,3.0,95.56666666666666,866.0,8352.0,102.0,4,0,0
p02,2020-03-07,3,3,5,3,6,3,408.0,32.0,92.0,440.0,0.0,34.0,292.0,82.0,32.0,23.0,82.0,21.0,21.0,40.0,33.0,0.1196777905638665,16197.0,125.0,3494.88,51.911275167785234,10.018136010196377,40.0,120.0,42.0,47.41244983673096,6.787096977233887,205.0,30,120,645,1.0,70.81666666666666,665.0,6357.0,103.0,5,1,0
p02,2020-03-08,3,3,4,3,7,3,363.0,81.0,96.0,444.0,0.0,54.0,223.0,86.0,81.0,0.0,69.0,21.0,18.0,30.0,54.0,0.0978627671541057,10894.0,104.0,2917.39,49.252962515114874,7.816439278322414,36.0,110.0,41.0,46.913204193115234,10.699853897094727,232.0,18,56,690,2.0,47.766666666666666,386.0,3240.0,100.5,6,1,0
p02,2020-03-11,3,3,5,3,7,3,477.0,55.0,93.0,532.0,0.0,45.0,323.0,109.0,55.0,22.0,78.0,21.0,15.0,42.0,45.0,0.0921919096895578,18491.0,144.0,3618.81,51.61494742824666,8.744884271848882,38.0,120.0,43.0,46.311546325683594,8.154130935668945,187.0,24,122,575,2.0,120.31666666666666,1257.0,12098.0,105.0,2,0,0
p02,2020-03-13,3,3,4,3,7,3,357.0,65.0,98.0,422.0,0.0,58.0,239.0,60.0,65.0,23.0,75.0,19.0,20.0,36.0,58.0,0.1596534653465346,16566.0,113.0,3478.93,52.38560145021365,9.485301807853734,37.0,110.0,41.0,45.28151798248291,6.92812442779541,221.0,20,105,672,2.0,90.85,821.0,6488.0,97.5,4,0,0
p02,2020-03-17,3,3,5,3,6,3,,,,,,,,,,,,,,,,,15858.0,126.0,3761.74,56.721772475500636,9.591914465294462,42.0,130.0,44.0,46.68777942657471,10.704050064086914,151.0,18,136,1135,3.0,149.85,1603.0,11689.0,111.66666666666667,1,0,0
p02,2020-03-19,3,3,6,3,7,3,414.0,73.0,98.0,487.0,0.0,43.0,312.0,59.0,73.0,0.0,74.0,17.0,20.0,37.0,43.0,0.1376433785192909,19589.0,151.0,4882.39,76.67874175545408,34.410033796224184,37.0,149.0,39.0,44.458651542663574,7.149622917175293,166.0,52,191,537,2.0,256.7,2481.0,13032.0,118.0,3,0,0
p02,2020-03-20,3,3,4,3,6,2,180.0,46.0,80.0,227.0,0.0,,,,,3.0,,,,,,,16234.0,121.0,3825.84,65.78734840132304,9.821037340469772,39.0,144.0,52.0,47.1948356628418,10.547735214233398,199.0,22,127,755,2.0,98.98333333333333,956.0,9313.0,101.5,4,0,0
p02,2020-03-21,3,3,4,3,6,3,328.0,47.0,86.0,375.0,0.0,65.0,211.0,52.0,47.0,2.0,63.0,18.0,11.0,34.0,64.0,0.1244979919678714,13056.0,158.0,3181.86,64.25436170212765,16.15204917459671,42.0,158.0,50.0,49.57158851623535,13.017773628234863,193.0,6,73,793,2.0,43.53333333333333,491.0,4664.0,117.5,5,1,0
p02,2020-03-23,3,3,6,3,7,3,428.0,84.0,99.0,512.0,0.0,57.0,295.0,76.0,84.0,23.0,76.0,19.0,18.0,39.0,56.0,0.2060843964671246,17238.0,146.0,3870.84,75.33447037701976,36.00110940248178,39.0,163.0,43.0,48.492920875549316,7.314532279968262,95.0,18,149,666,1.0,140.55,1671.0,12612.0,128.0,0,0,0
p02,2020-03-25,3,3,5,3,7,3,409.0,85.0,99.0,494.0,0.0,54.0,274.0,81.0,85.0,23.0,74.0,20.0,19.0,35.0,54.0,0.1810783316378433,9817.0,158.0,2811.39,60.168926074984114,29.26793045810617,38.0,151.0,41.0,47.44811820983887,6.8436384201049805,106.0,11,54,775,1.0,48.63333333333333,707.0,7099.0,139.0,2,0,0
p02,2020-03-26,3,3,5,3,7,3,331.0,40.0,94.0,371.0,0.0,14.0,238.0,79.0,40.0,22.0,70.0,19.0,17.0,34.0,14.0,0.1991924629878869,5102.0,91.0,2905.48,52.204308313699094,8.298990815879684,40.0,105.0,43.0,47.66771602630615,6.805798530578613,128.0,14,72,855,1.0,92.11666666666666,880.0,2215.0,117.0,3,0,0
p02,2020-03-29,3,3,3,3,7,3,223.0,31.0,92.0,254.0,0.0,29.0,155.0,39.0,31.0,3.0,59.0,18.0,14.0,27.0,29.0,0.1003937007874015,13039.0,130.0,3028.75,56.93036354326677,17.624538999008198,40.0,133.0,42.0,51.0509672164917,6.787768363952637,77.0,11,115,983,2.0,116.06666666666666,1123.0,11485.0,105.0,6,1,0
p02,2020-03-30,3,3,3,3,7,3,346.0,42.0,93.0,388.0,0.0,46.0,216.0,84.0,42.0,23.0,77.0,21.0,21.0,35.0,46.0,0.134020618556701,18485.0,147.0,3407.56,49.15030674846626,10.191158347028626,38.0,140.0,41.0,48.86536502838135,7.902889251708984,96.0,20,152,784,2.0,129.71666666666667,1278.0,13399.0,101.5,0,0,0
p03,2019-11-01,2,3,5,3,2,2,126.0,9.0,93.0,135.0,0.0,,,,,1.0,,,,,,,11204.0,133.0,3221.06,74.1824302134647,14.252309168761073,50.0,134.0,56.0,60.7101993560791,7.525259971618652,227.0,7,36,1035,1.0,39.25,311.0,3171.0,107.0,4,0,0
p03,2019-11-03,3,3,5,3,7,3,,,,,,,,,,,,,,,,,0.0,0.0,1944.13,,,,,,0.0,0.0,0.0,0,0,1440,,,,,,6,1,0
p03,2019-11-04,3,3,5,3,7,3,,,,,,,,,,,,,,,,,,,1944.0000000000002,,,,,,0.0,0.0,0.0,0,0,1440,,,,,,0,0,0
p03,2019-11-05,2,3,5,3,8,3,,,,,,,,,,,,,,,,,6710.0,113.0,2706.6600000000003,65.64967058149527,10.535878762374953,49.0,122.0,53.0,61.953474044799805,15.622056007385254,127.0,11,26,1276,1.0,32.43333333333333,235.0,2535.0,103.0,1,0,0
p03,2019-11-06,3,3,5,3,8,3,443.0,48.0,96.0,491.0,0.0,108.0,241.0,94.0,48.0,23.0,86.0,22.0,22.0,42.0,107.0,0.0673575129533678,9079.0,114.0,3016.4,66.8185195376995,14.864896023602714,46.0,128.0,51.0,59.04029846191406,9.009676933288574,175.0,13,22,739,1.0,15.366666666666667,144.0,1429.0,118.0,2,0,0
p03,2019-11-07,3,3,5,3,7,4,415.0,58.0,95.0,473.0,0.0,67.0,266.0,82.0,58.0,23.0,79.0,19.0,22.0,38.0,67.0,0.0897571277719113,4313.0,116.0,2475.6400000000003,59.60311483826801,9.766887720224059,46.0,126.0,50.0,58.54026508331299,12.500011444091797,131.0,0,0,836,,,,,,3,0,0
p03,2019-11-08,4,3,5,3,8,4,395.0,43.0,95.0,438.0,0.0,81.0,236.0,78.0,43.0,0.0,80.0,20.0,21.0,39.0,80.0,0.0714285714285714,7825.0,123.0,2942.35,64.37852080683264,10.986248808343925,48.0,112.0,50.0,57.33927345275879,8.358211517333984,216.0,0,0,786,,,,,,4,0,1
p03,2019-11-11,3,3,5,3,8,3,,,,,,,,,,,,,,,,,7356.0,119.0,2720.61,68.26585522101217,10.313623199796838,48.0,135.0,54.0,57.51005935668945,13.562551498413086,131.0,5,27,1277,1.0,36.7,306.0,3283.0,106.0,0,0,0
p03,2019-11-12,2,3,5,3,3,2,194.0,30.0,92.0,224.0,0.0,23.0,129.0,42.0,30.0,0.0,70.0,19.0,22.0,29.0,22.0,0.0578313253012048,7498.0,119.0,2836.98,62.75009359790341,9.450324155970089,47.0,114.0,50.0,56.65691375732422,8.593138694763184,174.0,6,2,1034,,,,,,1,0,0
p03,2019-11-13,3,3,5,3,7,3,371.0,36.0,97.0,407.0,0.0,66.0,212.0,93.0,36.0,1.0,80.0,21.0,21.0,38.0,66.0,0.06375,13.0,8.0,1959.5000000000002,55.436467598475225,5.7725199988270965,45.0,84.0,48.0,55.805399894714355,7.3493452072143555,3.0,0,0,1030,,,,,,2,0,0
p03,2019-11-14,3,3,5,3,7,3,432.0,49.0,96.0,481.0,0.0,65.0,318.0,49.0,49.0,0.0,76.0,16.0,18.0,42.0,65.0,0.0612668743509865,7284.0,118.0,2740.44,61.91245304825195,9.367722164144782,47.0,124.0,50.0,56.34145450592041,6.969808578491211,148.0,9,20,782,1.0,33.28333333333333,264.0,3105.0,99.0,3,0,0
p03,2019-11-16,3,3,5,3,7,3,434.0,69.0,93.0,503.0,0.0,66.0,275.0,93.0,69.0,0.0,79.0,20.0,18.0,41.0,65.0,0.0726714431934493,394.0,63.0,2059.0,56.70967741935484,6.041273643985734,45.0,100.0,48.0,55.55794429779053,7.962372779846191,26.0,0,0,911,,,,,,5,1,0
p03,2019-11-17,3,3,5,3,7,3,,,,,,,,,,,,,,,,,,,1944.0000000000002,,,,,,0.0,0.0,0.0,0,0,1440,,,,,,6,1,0
p03,2019-11-19,3,3,5,3,7,3,,,,,,,,,,,,,,,,,,,1944.0000000000002,,,,,,0.0,0.0,0.0,0,0,1440,,,,,,1,0,0
p03,2019-11-20,3,3,5,3,7,3,,,,,,,,,,,,,,,,,,,1944.0000000000002,,,,,,0.0,0.0,0.0,0,0,1440,,,,,,2,0,0
p03,2019-11-22,3,3,5,3,7,3,,,,,,,,,,,,,,,,,,,1944.0000000000002,,,,,,0.0,0.0,0.0,0,0,1440,,,,,,4,0,0
p03,2019-11-23,3,3,5,3,7,3,,,,,,,,,,,,,,,,,,,1944.0000000000002,,,,,,0.0,0.0,0.0,0,0,1440,,,,,,5,1,0
p03,2019-11-25,3,3,5,4,6,3,,,,,,,,,,,,,,,,,,,1944.0000000000002,,,,,,0.0,0.0,0.0,0,0,1440,,,,,,0,0,0
p03,2019-11-26,2,3,3,3,3,2,,,,,,,,,,,,,,,,,,,1944.0000000000002,,,,,,0.0,0.0,0.0,0,0,1440,,,,,,1,0,0
p03,2019-11-27,3,3,4,3,4,3,,,,,,,,,,,,,,,,,,,1944.0000000000002,,,,,,0.0,0.0,0.0,0,0,1440,,,,,,2,0,0
p03,2019-12-01,3,3,5,3,6,3,,,,,,,,,,,,,,,,,,,1944.0000000000002,,,,,,0.0,0.0,0.0,0,0,1440,,,,,,6,1,0
p03,2019-12-01,3,3,5,3,5,3,,,,,,,,,,,,,,,,,,,1944.0000000000002,,,,,,0.0,0.0,0.0,0,0,1440,,,,,,6,1,0
p03,2019-12-04,3,3,5,3,6,3,,,,,,,,,,,,,,,,,,,1944.0000000000002,,,,,,0.0,0.0,0.0,0,0,1440,,,,,,2,0,0
p03,2019-12-09,3,3,5,3,5,3,,,,,,,,,,,,,,,,,,,1929.6000000000001,,,,,,0.0,0.0,0.0,0,0,1440,,,,,,0,0,0
p03,2019-12-11,3,3,5,3,7,3,,,,,,,,,,,,,,,,,9113.0,112.0,3121.31,70.38080131594407,12.029228128586128,50.0,140.0,56.0,55.55140209197998,25.357762336730957,168.0,12,31,1229,,,,,,2,0,0
p03,2019-12-11,3,3,5,3,7,3,,,,,,,,,,,,,,,,,9113.0,112.0,3121.31,70.38080131594407,12.029228128586128,50.0,140.0,56.0,55.55140209197998,25.357762336730957,168.0,12,31,1229,,,,,,2,0,0
p03,2019-12-13,3,3,5,3,7,3,,,,,,,,,,,,,,,,,6389.0,113.0,3270.4500000000003,75.46493079990617,8.712043871753846,53.0,132.0,63.0,57.794047355651855,23.964112281799316,263.0,5,5,1167,,,,,,4,0,0
p03,2019-12-14,3,3,5,3,6,3,,,,,,,,,,,,,,,,,6241.0,118.0,2753.73,78.7107119948685,7.315854464516907,62.0,126.0,71.0,59.76310729980469,24.94945240020752,67.0,13,30,1330,,,,,,5,1,0
p03,2019-12-20,3,3,5,3,6,3,314.0,39.0,92.0,353.0,0.0,75.0,170.0,69.0,39.0,23.0,69.0,21.0,14.0,34.0,74.0,0.0667634252539912,4872.0,96.0,2692.32,68.79728317659352,8.59333105651181,47.0,117.0,56.0,64.30941677093506,13.753381729125977,157.0,4,7,919,,,,,,4,0,0
p03,2019-12-21,3,3,5,3,6,3,263.0,43.0,96.0,306.0,0.0,79.0,142.0,42.0,43.0,0.0,59.0,17.0,16.0,26.0,79.0,0.0590163934426229,8113.0,97.0,2939.32,64.8305631950257,8.787009802187264,47.0,108.0,53.0,61.395575523376465,10.504124641418457,263.0,0,0,660,1.0,17.916666666666668,111.0,1009.0,91.0,5,1,0
p03,2019-12-22,3,3,5,3,6,3,194.0,47.0,90.0,241.0,0.0,41.0,135.0,18.0,47.0,2.0,56.0,15.0,21.0,20.0,41.0,0.0683229813664596,7278.0,88.0,3065.0,65.00279059783192,9.663354127484865,48.0,162.0,54.0,59.51018810272217,7.874079704284668,258.0,16,2,923,,,,,,6,1,0
p03,2019-12-24,3,3,6,3,6,3,353.0,48.0,92.0,401.0,0.0,62.0,219.0,72.0,48.0,0.0,76.0,19.0,22.0,35.0,62.0,0.0846824408468244,10406.0,157.0,3550.37,71.42825992150021,19.57588645227498,44.0,157.0,48.0,57.766146659851074,9.542038917541504,321.0,25,16,677,1.0,16.25,164.0,1468.0,126.0,1,0,0
p03,2019-12-26,3,4,4,3,7,3,,,,,,,,,,,,,,,,,3867.0,96.0,2574.94,66.09795053003533,10.23472831083697,46.0,108.0,52.0,57.49090385437012,11.380207061767578,166.0,0,0,1274,,,,,,3,0,0
p03,2019-12-28,3,3,5,3,5,3,266.0,46.0,92.0,312.0,0.0,41.0,189.0,36.0,46.0,2.0,62.0,16.0,20.0,26.0,41.0,0.0736,5785.0,110.0,2748.29,66.08360239852398,10.405038945556566,48.0,116.0,53.0,57.384724617004395,8.33078384399414,197.0,0,0,931,,,,,,5,1,0
p03,2019-12-29,3,3,5,3,6,3,494.0,55.0,96.0,549.0,0.0,97.0,311.0,86.0,55.0,23.0,80.0,19.0,15.0,46.0,97.0,0.0577451879010082,2207.0,80.0,2253.76,63.61932668329177,6.943367407963971,49.0,101.0,54.0,58.66996669769287,7.271967887878418,91.0,0,0,800,,,,,,6,1,0
p03,2019-12-30,3,3,5,3,7,3,327.0,55.0,89.0,382.0,0.0,60.0,215.0,52.0,55.0,1.0,71.0,17.0,21.0,33.0,59.0,0.0728476821192053,9643.0,158.0,3348.9100000000003,77.01247448400999,32.01512102302521,45.0,194.0,51.0,57.17371463775635,6.945094108581543,189.0,9,38,822,1.0,32.483333333333334,524.0,4024.0,167.0,0,0,0
p03,2020-01-01,3,3,5,3,8,3,426.0,52.0,91.0,478.0,0.0,80.0,220.0,126.0,52.0,1.0,82.0,21.0,20.0,41.0,80.0,0.0752351097178683,904.0,79.0,2110.1,59.04079973992198,7.035903918807215,46.0,103.0,50.0,56.34181499481201,6.804326057434082,45.0,0,0,917,,,,,,2,0,0
p03,2020-01-05,3,3,5,3,6,3,115.0,4.0,97.0,119.0,0.0,,,,,11.0,,,,,,,2918.0,109.0,2400.04,60.91134702881566,9.023227947946204,46.0,103.0,50.0,55.315218925476074,11.629605293273926,105.0,6,0,1210,,,,,,6,1,0
p03,2020-01-06,3,3,5,2,7,3,428.0,66.0,95.0,494.0,0.0,84.0,259.0,85.0,66.0,22.0,75.0,19.0,16.0,40.0,84.0,0.0667340748230535,9233.0,113.0,3028.03,67.54870907639074,9.182335025350346,46.0,127.0,54.0,56.56694793701172,8.154363632202148,150.0,13,32,751,1.0,35.0,313.0,3281.0,108.0,0,0,0
p03,2020-01-07,3,3,5,2,8,3,415.0,51.0,100.0,466.0,0.0,89.0,227.0,99.0,51.0,23.0,75.0,22.0,14.0,39.0,89.0,0.0509209100758396,8382.0,129.0,2945.29,65.73202444415551,9.371113948849093,49.0,135.0,55.0,58.64262390136719,9.402745246887207,188.0,4,18,764,1.0,21.333333333333332,193.0,2211.0,111.0,1,0,0
p03,2020-01-08,3,3,5,2,7,3,352.0,52.0,95.0,404.0,0.0,72.0,223.0,57.0,52.0,0.0,75.0,17.0,22.0,36.0,72.0,0.0690954773869346,7930.0,130.0,2838.17,64.96135135135135,11.743364158906216,43.0,117.0,49.0,56.59902572631836,7.579707145690918,116.0,17,32,784,1.0,29.016666666666666,232.0,2658.0,101.0,2,0,0
p03,2020-01-12,3,3,5,3,7,3,,,,,,,,,,,,,,,,,7019.0,122.0,2681.16,68.30009149130832,13.503764304378613,49.0,139.0,53.0,58.09006404876709,11.585531234741211,59.0,15,43,1323,1.0,32.416666666666664,319.0,3042.0,118.0,6,1,0
p03,2020-01-12,3,3,5,3,7,3,,,,,,,,,,,,,,,,,7019.0,122.0,2681.16,68.30009149130832,13.503764304378613,49.0,139.0,53.0,58.09006404876709,11.585531234741211,59.0,15,43,1323,1.0,32.416666666666664,319.0,3042.0,118.0,6,1,0
p03,2020-01-13,3,3,5,3,7,3,388.0,49.0,97.0,437.0,0.0,41.0,259.0,88.0,49.0,23.0,81.0,20.0,23.0,38.0,41.0,0.058343057176196,9216.0,140.0,2987.51,66.39561474307237,14.779865918611284,43.0,157.0,49.0,57.497925758361816,8.143752098083496,144.0,5,46,808,2.0,48.63333333333333,459.0,4771.0,112.5,0,0,0
p03,2020-01-14,3,3,5,3,7,3,401.0,40.0,96.0,441.0,0.0,78.0,233.0,90.0,40.0,0.0,83.0,21.0,23.0,39.0,78.0,0.0577576443941109,6320.0,130.0,2665.0,59.416788321167886,9.539071120526813,44.0,128.0,48.0,56.866994857788086,11.867528915405273,125.0,3,23,848,1.0,29.016666666666666,252.0,2590.0,111.0,1,0,0
p03,2020-01-15,3,3,5,3,7,3,383.0,39.0,96.0,422.0,0.0,65.0,237.0,81.0,39.0,0.0,76.0,20.0,18.0,38.0,65.0,0.0433212996389891,9626.0,118.0,2978.06,65.80958193469637,11.01840336043432,48.0,141.0,51.0,57.56940937042236,14.7261962890625,144.0,17,36,821,1.0,24.733333333333334,234.0,2524.0,114.0,2,0,0
p03,2020-01-16,3,3,5,3,7,3,388.0,52.0,95.0,440.0,0.0,50.0,256.0,82.0,52.0,0.0,78.0,19.0,23.0,36.0,50.0,0.0646992054483541,10940.0,120.0,3604.77,64.4552781289507,15.830585939723086,45.0,131.0,48.0,58.373215675354004,16.859227180480957,251.0,39,40,670,1.0,24.75,222.0,2362.0,109.0,3,0,0
p03,2020-01-17,3,3,5,3,7,3,431.0,67.0,95.0,498.0,0.0,69.0,249.0,113.0,67.0,23.0,85.0,21.0,22.0,42.0,69.0,0.0618336886993603,6496.0,132.0,2647.96,62.74077632590315,15.055508206694258,45.0,138.0,48.0,57.88592052459717,18.39318561553955,114.0,5,25,798,1.0,28.15,250.0,2753.0,110.0,4,0,0
p03,2020-01-18,3,3,5,3,7,3,412.0,37.0,98.0,449.0,0.0,54.0,298.0,60.0,37.0,1.0,79.0,17.0,23.0,39.0,54.0,0.0533926585094549,770.0,59.0,2058.59,52.767868177136975,7.649153975312388,42.0,97.0,45.0,56.78752517700195,19.960747718811035,38.0,0,0,953,,,,,,5,1,0
p03,2020-01-19,3,3,5,3,7,3,469.0,56.0,95.0,525.0,0.0,53.0,350.0,66.0,56.0,0.0,80.0,17.0,21.0,42.0,53.0,0.0647342995169082,63.0,14.0,1954.3600000000001,52.0174060708979,5.650856664330087,43.0,85.0,45.0,0.0,0.0,9.0,0,0,906,,,,,,6,1,0
p03,2020-01-20,3,3,5,3,6,3,325.0,62.0,97.0,387.0,0.0,76.0,200.0,49.0,62.0,23.0,77.0,17.0,24.0,36.0,76.0,0.0447330447330447,13172.0,117.0,3432.98,61.664996420901936,15.26691732312399,41.0,150.0,44.0,53.55788993835449,9.899059295654297,178.0,34,67,774,2.0,63.13333333333334,573.0,5506.0,110.0,0,0,0
p03,2020-01-22,3,3,5,3,7,3,343.0,45.0,97.0,388.0,0.0,56.0,225.0,62.0,45.0,1.0,73.0,18.0,20.0,35.0,56.0,0.0556994818652849,8798.0,116.0,2940.9100000000003,61.74945910861099,12.927445287921195,43.0,144.0,46.0,53.84395217895508,7.974684715270996,102.0,14,45,891,2.0,46.083333333333336,444.0,4443.0,114.5,2,0,0
p03,2020-01-23,3,3,5,3,7,3,364.0,61.0,93.0,425.0,0.0,84.0,232.0,48.0,61.0,0.0,75.0,17.0,22.0,36.0,83.0,0.0780487804878048,5879.0,116.0,2562.15,58.96325330720235,13.192024928871534,43.0,124.0,45.0,53.669076919555664,7.164700508117676,95.0,1,22,897,1.0,23.9,226.0,2434.0,110.0,3,0,0
p03,2020-01-24,3,3,5,3,7,3,,,,,,,,,,,,,,,,,7511.0,114.0,2807.3,60.592497868712705,15.945316903337357,41.0,146.0,44.0,0.0,0.0,130.0,3,28,1279,1.0,29.016666666666666,283.0,2862.0,114.0,4,0,0
p03,2020-01-26,3,3,5,3,7,3,419.0,56.0,95.0,475.0,0.0,85.0,235.0,99.0,56.0,1.0,81.0,21.0,22.0,38.0,84.0,0.0778128286014721,858.0,141.0,2103.32,53.04090064036356,6.822118585791158,42.0,90.0,45.0,53.70508861541748,12.623278617858887,41.0,0,0,924,,,,,,6,1,0
p03,2020-01-27,3,3,5,3,6,3,,,,,,,,,,,,,,,,,9785.0,120.0,3271.7200000000003,73.06371849738468,10.470967087051548,48.0,131.0,56.0,54.71232509613037,16.05170249938965,228.0,4,24,1184,1.0,16.216666666666665,127.0,1431.0,98.0,0,0,0
p03,2020-01-28,3,3,5,3,6,3,323.0,45.0,89.0,368.0,0.0,64.0,212.0,47.0,45.0,22.0,62.0,17.0,11.0,34.0,64.0,0.1139755766621438,6588.0,139.0,2801.4700000000003,64.96455484231092,9.782198944002054,45.0,120.0,52.0,54.91011714935303,17.81807518005371,144.0,9,15,904,,,,,,1,0,0
p03,2020-01-29,3,3,5,3,7,3,399.0,53.0,98.0,452.0,0.0,50.0,254.0,95.0,53.0,23.0,76.0,21.0,18.0,37.0,50.0,0.0631229235880398,9445.0,122.0,3133.38,66.40891129581686,13.685094124609002,45.0,143.0,50.0,55.746761322021484,19.067378044128418,165.0,7,29,787,1.0,37.55,351.0,3332.0,112.0,2,0,0
p03,2020-01-30,2,3,5,3,6,3,309.0,57.0,95.0,366.0,0.0,58.0,206.0,45.0,57.0,0.0,72.0,17.0,22.0,33.0,58.0,0.0455212922173274,13800.0,117.0,4229.95,69.52956920723936,15.11617488458481,45.0,143.0,49.0,56.082380294799805,19.9319486618042,309.0,55,63,647,1.0,43.516666666666666,412.0,3250.0,114.0,3,0,0
p03,2020-01-31,2,2,5,3,8,3,337.0,41.0,97.0,378.0,0.0,76.0,223.0,38.0,41.0,23.0,71.0,16.0,20.0,35.0,76.0,0.052,10627.0,122.0,3076.11,65.23915508931103,14.807395930650161,45.0,143.0,49.0,58.964505195617676,9.745716094970703,131.0,14,61,856,2.0,79.36666666666667,655.0,6372.0,111.0,4,0,0
p03,2020-02-02,3,3,5,3,8,3,354.0,61.0,92.0,415.0,0.0,81.0,208.0,65.0,61.0,2.0,75.0,18.0,23.0,34.0,81.0,0.0784313725490196,1365.0,70.0,2179.4100000000003,54.73640514736405,7.534521086285821,43.0,106.0,47.0,57.09102439880371,7.071937561035156,77.0,0,0,948,,,,,,6,1,0
p03,2020-02-02,3,3,5,3,8,3,354.0,61.0,92.0,415.0,0.0,81.0,208.0,65.0,61.0,2.0,75.0,18.0,23.0,34.0,81.0,0.0784313725490196,1365.0,70.0,2179.4100000000003,54.73640514736405,7.534521086285821,43.0,106.0,47.0,57.09102439880371,7.071937561035156,77.0,0,0,948,,,,,,6,1,0
p03,2020-02-03,3,1,5,3,7,3,405.0,112.0,95.0,517.0,0.0,90.0,227.0,88.0,112.0,21.0,67.0,19.0,20.0,28.0,90.0,0.1352657004830917,9441.0,115.0,2964.23,60.28255559840596,11.723527993456502,43.0,127.0,47.0,55.868560791015625,6.880572319030762,186.0,10,29,698,1.0,37.55,325.0,3459.0,108.0,0,0,0
p03,2020-02-05,3,3,5,3,7,3,427.0,63.0,96.0,490.0,0.0,66.0,297.0,64.0,63.0,22.0,81.0,17.0,23.0,41.0,66.0,0.0708418891170431,11776.0,119.0,3161.37,61.39033099848922,12.502508975137435,42.0,132.0,47.0,55.449007987976074,6.797318458557129,166.0,25,50,709,2.0,62.31666666666666,514.0,5412.0,104.0,2,0,0
p03,2020-02-07,3,3,5,3,7,3,367.0,70.0,96.0,437.0,0.0,54.0,215.0,98.0,70.0,21.0,70.0,21.0,16.0,33.0,53.0,0.0756693830034924,11950.0,122.0,3112.63,66.69155030433225,12.223460580864806,46.0,126.0,52.0,58.34826183319092,7.11149787902832,149.0,15,53,786,3.0,64.86666666666666,523.0,5689.0,105.66666666666667,4,0,0
p03,2020-02-10,3,3,5,3,7,3,386.0,61.0,96.0,447.0,0.0,62.0,263.0,61.0,61.0,22.0,78.0,17.0,24.0,37.0,62.0,0.0695249130938586,8216.0,116.0,2804.57,58.31876540007781,11.108919977522778,43.0,132.0,46.0,54.29813861846924,6.923988342285156,185.0,1,25,782,1.0,25.6,242.0,2636.0,116.0,0,0,0
p03,2020-02-14,3,3,5,3,4,3,,,,,,,,,,,,,,,,,3971.0,108.0,2406.19,63.41248058001036,10.225404707581822,46.0,128.0,50.0,52.590742111206055,10.703927993774414,85.0,12,5,1338,,,,,,4,0,0
p03,2020-02-15,3,3,5,3,6,3,387.0,47.0,89.0,434.0,0.0,77.0,256.0,54.0,47.0,0.0,68.0,17.0,13.0,38.0,77.0,0.0748538011695906,4804.0,143.0,2589.75,67.92146596858639,9.501646731257697,47.0,129.0,53.0,55.031479835510254,13.127091407775879,124.0,6,20,856,,,,,,5,1,0
p03,2020-02-18,3,3,5,3,8,3,382.0,38.0,96.0,420.0,0.0,58.0,254.0,70.0,38.0,23.0,77.0,19.0,20.0,38.0,58.0,0.04778972520908,7337.0,114.0,2802.11,59.2630548302872,9.813706755834712,46.0,129.0,49.0,55.2032356262207,8.121957778930664,110.0,13,28,869,1.0,22.183333333333334,202.0,2256.0,112.0,1,0,0
p03,2020-02-20,3,3,5,3,7,3,,,,,,,,,,,,,,,,,6825.0,110.0,2865.51,65.73144399460189,10.899141880114827,49.0,117.0,53.0,55.44754219055176,11.04668140411377,148.0,14,23,1255,1.0,29.866666666666667,254.0,2790.0,103.0,3,0,0
p03,2020-02-21,3,3,5,2,7,3,344.0,58.0,94.0,402.0,0.0,43.0,230.0,71.0,58.0,1.0,74.0,19.0,21.0,34.0,42.0,0.0903387703889586,7753.0,111.0,2865.39,54.30796089385475,7.853273265019417,45.0,129.0,48.0,54.81995677947998,8.011652946472168,129.0,10,36,863,1.0,29.016666666666666,296.0,2921.0,116.0,4,0,0
p03,2020-02-23,3,3,5,3,7,3,,,,,,,,,,,,,,,,,450.0,42.0,2028.2900000000002,53.45909849749582,4.832523815582351,46.0,85.0,48.0,54.60680103302002,14.597841262817383,28.0,0,0,1412,,,,,,6,1,0
p03,2020-02-24,3,3,5,3,6,3,,,,,,,,,,,,,,,,,10469.0,115.0,3691.6800000000003,57.65954968944099,13.325097497996857,43.0,118.0,46.0,54.37457084655762,16.765381813049316,247.0,21,50,1122,,,,,,0,0,0
p03,2020-02-26,3,3,5,3,7,3,,,,,,,,,,,,,,,,,6692.0,126.0,2820.53,58.554963357761494,10.272875272282343,44.0,115.0,48.0,0.0,0.0,136.0,5,24,1275,1.0,28.166666666666668,259.0,2667.0,110.0,2,0,0
p03,2020-03-04,3,3,5,3,7,3,,,,,,,,,,,,,,,,,6135.0,115.0,2833.27,77.575,13.307760278211777,53.0,117.0,56.95,56.05259990692139,17.717504501342773,135.0,16,22,1267,1.0,23.883333333333333,226.0,2272.0,113.0,2,0,0
p03,2020-03-06,3,3,5,3,8,3,448.0,61.0,96.0,509.0,0.0,54.0,266.0,128.0,61.0,23.0,82.0,21.0,20.0,41.0,54.0,0.0510304219823356,6780.0,121.0,2662.08,57.967384973791496,6.41124728821008,47.0,103.0,50.0,56.34724807739258,7.57562255859375,140.0,4,6,781,1.0,29.866666666666667,188.0,1723.0,94.0,4,0,0
p03,2020-03-08,3,3,5,3,7,3,469.0,65.0,94.0,534.0,0.0,36.0,336.0,97.0,65.0,0.0,84.0,19.0,22.0,43.0,36.0,0.0671342685370741,193.0,78.0,1958.8700000000001,52.72079207920792,4.58169328424847,45.0,85.0,48.0,0.0,0.0,8.0,0,0,898,,,,,,6,1,0
p03,2020-03-10,3,3,5,3,7,3,,,,,,,,,,,,,,,,,4986.0,124.0,2521.94,56.71146384479718,11.677475580355397,46.0,163.0,48.0,0.0,0.0,48.0,10,25,1357,,,,,,1,0,0
p03,2020-03-17,3,3,5,3,7,3,,,,,,,,,,,,,,,,,212.0,85.0,1947.65,58.96,4.458241622809033,53.0,81.0,54.45,0.0,0.0,5.0,0,0,1435,,,,,,1,0,0
p03,2020-03-19,3,3,5,3,7,3,,,,,,,,,,,,,,,,,745.0,74.0,2099.9900000000002,63.8,7.4924305477679605,47.0,100.0,56.0,54.17440605163574,21.078307151794434,40.0,0,0,1400,,,,,,3,0,0
p03,2020-03-24,3,2,5,2,7,3,392.0,39.0,93.0,431.0,0.0,70.0,216.0,106.0,39.0,0.0,79.0,21.0,19.0,39.0,69.0,0.0558789289871944,2084.0,79.0,2475.79,60.502597081375214,9.36624534634018,47.0,104.0,50.0,56.01681423187256,7.09043025970459,78.0,10,1,920,,,,,,1,0,0
p03,2020-03-30,3,3,5,3,7,3,325.0,39.0,91.0,364.0,0.0,73.0,194.0,58.0,39.0,1.0,73.0,18.0,21.0,34.0,73.0,0.0915395284327323,475.0,53.0,2046.3500000000001,56.0729128691214,5.343879210198625,44.0,81.0,49.0,57.505356788635254,6.905404090881348,32.0,0,0,1044,,,,,,0,0,0
p04,2019-11-01,2,3,5,3,7,2,,,,,,,,,,,,,,,,,,,1324.8,,,,,,,,0.0,0,0,1440,,,,,,4,0,0
p04,2019-11-02,2,3,5,4,7,2,,,,,,,,,,,,,,,,,,,1324.8,,,,,,,,0.0,0,0,1440,,,,,,5,1,0
p04,2019-11-03,3,4,5,3,6,2,,,,,,,,,,,,,,,,,,,1324.8,,,,,,,,0.0,0,0,1440,,,,,,6,1,0
p04,2019-11-04,3,4,5,2,6,4,,,,,,,,,,,,,,,,,,,1324.8,,,,,,,,0.0,0,0,1440,,,,,,0,0,0
p04,2019-11-05,3,3,6,2,6,2,,,,,,,,,,,,,,,,,,,1648.8000000000002,,,,,,,,0.0,0,50,1390,1.0,50.0,370.0,0.0,,1,0,0
p04,2019-11-06,4,4,7,4,7,3,,,,,,,,,,,,,,,,,9243.0,133.0,2000.16,77.58525736072866,10.545461851402562,51.0,139.0,63.0,,,219.0,7,34,1180,1.0,39.7,248.0,3236.0,132.0,2,0,1
p04,2019-11-07,3,4,5,4,7,2,416.0,73.0,94.0,489.0,0.0,105.0,220.0,91.0,73.0,22.0,77.0,21.0,20.0,36.0,105.0,0.1052093973442288,10246.0,151.0,2096.66,78.08762772101288,16.789362418100442,54.0,146.0,59.0,,,305.0,14,14,618,1.0,46.333333333333336,215.0,2663.0,114.0,3,0,0
p04,2019-11-08,3,5,6,4,6,3,401.0,58.0,95.0,459.0,0.0,91.0,193.0,117.0,58.0,23.0,79.0,22.0,20.0,37.0,91.0,0.1099020674646354,11489.0,124.0,2224.06,77.82993946064943,18.175700912013134,54.0,170.0,59.0,,,281.0,5,40,655,1.0,48.78333333333333,336.0,4081.0,139.0,4,0,0
p04,2019-11-09,3,3,5,3,8,4,472.0,78.0,94.0,550.0,0.0,139.0,188.0,145.0,78.0,23.0,83.0,24.0,19.0,40.0,139.0,0.1037998146431881,7587.0,121.0,1988.75,71.84599361199834,10.380110568050586,45.0,130.0,59.0,,,233.0,16,23,618,,,,,,5,1,0
p04,2019-11-10,4,5,7,5,8,4,521.0,83.0,93.0,604.0,0.0,108.0,296.0,117.0,83.0,23.0,84.0,22.0,18.0,44.0,108.0,0.108354011579818,4954.0,123.0,1737.6200000000001,70.0132503744671,11.486634999621774,55.0,134.0,58.0,,,164.0,6,9,657,,,,,,6,1,1
p04,2019-11-11,3,3,6,2,7,3,430.0,77.0,94.0,507.0,0.0,97.0,283.0,50.0,77.0,22.0,79.0,17.0,22.0,40.0,97.0,0.0778325123152709,11076.0,168.0,2108.4900000000002,68.7893777345649,13.289906348308463,49.0,156.0,53.0,,,209.0,22,49,556,1.0,53.68333333333333,321.0,3824.0,131.0,0,0,0
p04,2019-11-12,4,5,6,4,7,4,442.0,113.0,95.0,555.0,0.0,116.0,236.0,90.0,113.0,21.0,81.0,21.0,19.0,41.0,116.0,0.0882647943831494,18749.0,162.0,2509.51,82.3456304807983,26.38399715270925,53.0,181.0,57.0,,,320.0,11,68,486,3.0,57.2,410.0,7388.0,134.66666666666666,1,0,1
p04,2019-11-13,2,5,6,4,7,3,410.0,76.0,95.0,486.0,0.0,103.0,237.0,70.0,76.0,22.0,76.0,19.0,19.0,38.0,102.0,0.0986214209968186,12890.0,165.0,2176.35,80.44643858665171,26.61110493410409,53.0,174.0,59.0,,,198.0,5,62,597,1.0,41.5,324.0,6075.0,147.0,2,0,0
p04,2019-11-14,4,4,6,4,7,2,423.0,88.0,92.0,511.0,0.0,61.0,264.0,98.0,88.0,22.0,77.0,20.0,18.0,39.0,61.0,0.1104594330400782,11806.0,124.0,2115.09,74.79803006739243,14.878920151916638,54.0,141.0,58.0,,,290.0,10,23,606,1.0,33.93333333333333,104.0,470.0,102.0,3,0,1
p04,2019-11-15,4,4,3,5,8,4,470.0,78.0,91.0,548.0,0.0,109.0,277.0,84.0,78.0,21.0,78.0,19.0,19.0,40.0,109.0,0.1066545123062898,13614.0,121.0,2161.21,73.14711830131446,12.751709179756537,51.0,121.0,56.0,,,273.0,32,30,557,2.0,52.900000000000006,268.0,4682.0,103.5,4,0,1
p04,2019-11-16,3,4,6,5,5,3,90.0,2.0,98.0,92.0,0.0,,,,,16.0,,,,,,,10062.0,113.0,2088.37,79.30029715084775,8.71404791302912,59.0,114.0,65.0,,,295.0,9,11,972,,,,,,5,1,0
p04,2019-11-17,3,2,4,2,6,2,353.0,38.0,94.0,391.0,0.0,81.0,199.0,73.0,38.0,3.0,69.0,20.0,13.0,36.0,81.0,0.0600255427841634,10886.0,162.0,2119.31,86.32721936903889,23.967877745858946,57.0,174.0,62.0,,,163.0,7,58,821,2.0,78.8,546.0,9017.0,150.0,6,1,0
p04,2019-11-18,3,3,6,4,7,4,441.0,60.0,94.0,501.0,0.0,123.0,227.0,91.0,60.0,22.0,86.0,22.0,23.0,41.0,123.0,0.0855130784708249,13480.0,162.0,2162.67,77.9774912340233,25.40777956707175,53.0,173.0,57.0,,,229.0,11,46,653,1.0,34.53333333333333,275.0,5286.0,148.0,0,0,0
p04,2019-11-19,4,4,6,4,7,2,415.0,78.0,91.0,493.0,0.0,92.0,233.0,90.0,78.0,22.0,77.0,20.0,21.0,36.0,92.0,0.0963488843813387,16346.0,168.0,2404.23,80.01648804616653,30.767220735886845,49.0,187.0,55.0,,,260.0,19,59,609,1.0,22.5,232.0,3607.0,178.0,1,0,1
p04,2019-11-20,3,2,6,3,6,3,409.0,65.0,93.0,474.0,0.0,77.0,236.0,96.0,65.0,22.0,76.0,21.0,17.0,38.0,76.0,0.1138040042149631,9916.0,155.0,2070.81,76.26859243697479,17.501165927389284,53.0,154.0,58.0,,,238.0,19,32,677,1.0,39.233333333333334,206.0,2202.0,124.0,2,0,0
p04,2019-11-21,3,5,7,4,7,4,438.0,59.0,94.0,497.0,0.0,93.0,227.0,118.0,59.0,22.0,80.0,22.0,17.0,41.0,93.0,0.0964824120603015,9199.0,120.0,2012.89,73.41954851104707,11.517490510823764,53.0,133.0,59.0,,,267.0,4,15,597,1.0,17.066666666666666,106.0,1687.0,116.0,3,0,0
p04,2019-11-22,3,3,5,2,6,2,402.0,65.0,91.0,467.0,0.0,82.0,226.0,94.0,65.0,23.0,71.0,21.0,14.0,36.0,82.0,0.1112299465240641,10338.0,162.0,2081.36,78.00773230235968,17.397078496216775,53.0,159.0,60.0,,,281.0,4,18,670,1.0,15.933333333333334,107.0,2223.0,137.0,4,0,0
p04,2019-11-23,3,4,6,4,7,2,483.0,84.0,88.0,567.0,0.0,112.0,285.0,86.0,84.0,23.0,79.0,19.0,16.0,44.0,112.0,0.1207048458149779,8119.0,153.0,2029.17,82.68917980759694,16.98757346425996,58.0,154.0,62.0,,,247.0,6,10,533,1.0,43.75,176.0,1625.0,115.0,5,1,0
p04,2019-11-24,2,4,4,4,6,2,393.0,67.0,88.0,460.0,0.0,50.0,288.0,55.0,67.0,4.0,64.0,16.0,13.0,35.0,49.0,0.1140065146579804,12824.0,154.0,2203.62,82.33557980316645,14.071468857742893,54.0,138.0,62.0,,,177.0,53,42,708,2.0,117.76666666666668,595.0,10071.0,117.0,6,1,0
p04,2019-11-25,2,3,6,3,7,4,457.0,59.0,92.0,516.0,0.0,82.0,264.0,111.0,59.0,21.0,85.0,21.0,22.0,42.0,81.0,0.1093901258470474,16500.0,163.0,2263.0,79.8741908540405,24.604757891279718,50.0,165.0,55.0,,,239.0,13,61,611,1.0,49.68333333333333,359.0,7352.0,135.0,0,0,0
p04,2019-11-26,3,3,4,3,7,4,430.0,82.0,94.0,512.0,0.0,114.0,211.0,105.0,82.0,22.0,83.0,23.0,21.0,39.0,114.0,0.0912659470068694,15853.0,129.0,2359.4,76.21821967725143,17.782270474477,51.0,153.0,56.0,,,304.0,30,48,546,2.0,80.0,438.0,6427.0,116.5,1,0,0
p04,2019-11-27,3,3,7,4,7,5,429.0,61.0,94.0,490.0,0.0,99.0,229.0,101.0,61.0,22.0,83.0,22.0,19.0,42.0,99.0,0.1153439153439153,7519.0,110.0,1910.3700000000001,71.43049645390072,10.20618582502955,54.0,113.0,59.0,,,281.0,0,0,609,,,,,,2,0,0
p04,2019-11-28,2,2,4,2,6,2,408.0,84.0,94.0,492.0,0.0,84.0,244.0,80.0,84.0,22.0,72.0,19.0,19.0,34.0,83.0,0.1035532994923857,13977.0,165.0,2247.9900000000002,80.30624545360075,27.227462260905096,55.0,175.0,59.0,,,257.0,10,43,568,1.0,36.0,314.0,5631.0,158.0,3,0,0
p04,2019-11-29,4,4,7,2,6,3,392.0,66.0,94.0,458.0,0.0,75.0,225.0,92.0,66.0,23.0,75.0,21.0,19.0,35.0,75.0,0.0926935659760087,8448.0,104.0,1945.88,73.74272612270715,11.474844523581485,48.0,126.0,59.0,,,248.0,8,2,724,1.0,17.083333333333332,67.0,1095.0,104.0,4,0,1
p04,2019-11-30,2,4,5,4,8,4,550.0,79.0,94.0,629.0,0.0,124.0,295.0,131.0,79.0,23.0,85.0,23.0,17.0,45.0,124.0,0.0914194065757818,9049.0,127.0,2079.89,82.0413176364048,18.82104802190608,54.0,152.0,61.0,,,231.0,28,16,536,2.0,48.55,256.0,2023.0,122.0,5,1,0
p04,2019-12-01,3,4,3,4,6,2,403.0,40.0,96.0,443.0,0.0,116.0,176.0,111.0,40.0,2.0,75.0,23.0,13.0,39.0,116.0,0.0698985343855693,6495.0,112.0,2007.28,79.78884372177055,11.69463306114164,59.0,137.0,64.0,,,192.0,17,28,664,1.0,17.066666666666666,105.0,1513.0,118.0,6,1,0
p04,2019-12-02,3,4,6,3,6,4,380.0,75.0,89.0,455.0,0.0,79.0,243.0,58.0,75.0,23.0,72.0,17.0,22.0,33.0,78.0,0.0972375690607734,16498.0,162.0,2343.37,83.33439092394963,26.763158137573683,54.0,182.0,59.0,,,268.0,24,52,641,1.0,42.15,341.0,5724.0,153.0,0,0,0
p04,2019-12-03,3,3,6,3,6,2,396.0,69.0,92.0,465.0,0.0,97.0,199.0,100.0,69.0,23.0,77.0,22.0,19.0,36.0,96.0,0.1009667024704618,20814.0,130.0,2626.77,80.20363218870682,16.87499698785982,53.0,151.0,58.0,,,353.0,42,60,520,3.0,94.78333333333333,484.0,7611.0,115.33333333333333,1,0,0
p04,2019-12-04,2,4,6,3,6,3,397.0,66.0,95.0,463.0,0.0,69.0,215.0,113.0,66.0,23.0,76.0,21.0,20.0,35.0,69.0,0.0938511326860841,6919.0,115.0,1899.13,74.55518568605014,9.580799339269857,57.0,125.0,61.0,,,288.0,0,0,689,,,,,,2,0,0
p04,2019-12-05,3,3,6,2,7,4,413.0,64.0,92.0,477.0,0.0,79.0,236.0,98.0,64.0,22.0,79.0,21.0,21.0,37.0,79.0,0.094240837696335,10548.0,159.0,2152.8,78.94368324522603,17.624446849277025,55.0,153.0,60.0,,,318.0,10,22,613,1.0,41.516666666666666,204.0,2429.0,121.0,3,0,0
p04,2019-12-06,3,3,5,3,6,3,391.0,62.0,94.0,453.0,0.0,90.0,231.0,70.0,62.0,23.0,74.0,18.0,20.0,36.0,90.0,0.1012235817575083,10875.0,126.0,2095.63,77.96576879910214,13.181885342695967,58.0,135.0,62.0,,,278.0,12,9,607,,,,,,4,0,0
p04,2019-12-07,3,4,6,2,7,2,468.0,82.0,93.0,550.0,0.0,126.0,200.0,142.0,82.0,22.0,82.0,24.0,18.0,40.0,126.0,0.0958525345622119,9356.0,123.0,2092.84,83.01229605107591,15.364026023084408,57.0,125.0,61.0,,,286.0,12,10,582,,,,,,5,1,0
p04,2019-12-08,3,5,5,5,7,2,407.0,54.0,89.0,461.0,0.0,100.0,217.0,90.0,54.0,3.0,73.0,21.0,14.0,38.0,99.0,0.1180931744312026,4214.0,118.0,1803.1100000000001,80.24340832739489,10.581894086440565,59.0,126.0,64.10000000000002,,,150.0,14,10,805,,,,,,6,1,0
p04,2019-12-09,4,3,7,2,8,3,507.0,87.0,92.0,594.0,0.0,110.0,282.0,115.0,87.0,22.0,88.0,22.0,22.0,44.0,110.0,0.1029535864978903,9211.0,144.0,2047.98,74.76038483305037,19.234453438612125,50.0,175.0,54.0,,,148.0,12,53,633,1.0,50.88333333333333,372.0,4534.0,148.0,0,0,1
p04,2019-12-10,2,3,5,3,8,1,484.0,93.0,91.0,577.0,0.0,34.0,382.0,68.0,93.0,0.0,80.0,16.0,21.0,43.0,34.0,0.1172893136403127,12137.0,165.0,2156.21,79.22167789344765,31.913300745621687,52.0,187.0,55.0,,,151.0,14,56,642,1.0,41.166666666666664,346.0,5564.0,161.0,1,0,0
p04,2019-12-11,2,3,6,2,7,3,431.0,77.0,92.0,508.0,0.0,105.0,222.0,104.0,77.0,22.0,83.0,22.0,22.0,39.0,105.0,0.1012782694198623,9436.0,153.0,2042.52,79.4643277607723,19.496212022109727,52.0,148.0,58.0,,,203.0,33,35,661,1.0,47.833333333333336,219.0,1546.0,120.0,2,0,0
p04,2019-12-13,3,5,5,4,6,4,384.0,97.0,91.0,481.0,0.0,81.0,202.0,101.0,97.0,22.0,73.0,21.0,20.0,32.0,81.0,0.1054313099041533,8490.0,110.0,1991.03,74.23682339798924,10.395215464516149,53.0,113.0,58.0,,,330.0,0,0,629,,,,,,4,0,0
p04,2019-12-14,3,3,6,2,7,4,537.0,68.0,91.0,605.0,0.0,123.0,267.0,147.0,68.0,23.0,87.0,23.0,19.0,45.0,123.0,0.1180382377389858,15680.0,160.0,2493.47,85.68693492300049,23.220619956640803,55.0,155.0,59.0,,,275.0,34,73,453,2.0,123.33333333333333,678.0,9664.0,120.5,5,1,0
p04,2019-12-15,2,4,5,3,8,3,486.0,92.0,88.0,578.0,0.0,87.0,294.0,105.0,92.0,1.0,77.0,20.0,14.0,43.0,87.0,0.1268462206776716,5326.0,135.0,1803.9,76.8569745018213,11.410040021047086,55.0,169.0,63.0,,,172.0,13,11,666,1.0,16.216666666666665,96.0,1652.0,129.0,6,1,0
p04,2019-12-16,2,3,5,3,8,3,473.0,86.0,90.0,559.0,0.0,86.0,295.0,92.0,86.0,21.0,78.0,19.0,20.0,39.0,86.0,0.1365678346810422,13718.0,162.0,2126.1,79.58758382442593,24.85537274284757,53.0,164.0,58.0,,,222.0,3,44,548,2.0,74.91666666666666,588.0,11313.0,148.0,0,0,0
p04,2019-12-17,3,4,6,4,8,2,473.0,87.0,91.0,560.0,0.0,93.0,292.0,88.0,87.0,21.0,77.0,18.0,21.0,38.0,93.0,0.1150758251561106,16487.0,167.0,2347.9500000000003,81.29034907597536,26.714927073766052,52.0,187.0,57.0,,,275.0,23,57,525,1.0,46.31666666666667,345.0,6031.0,142.0,1,0,0
p04,2019-12-18,3,4,6,2,7,2,433.0,75.0,89.0,508.0,0.0,88.0,259.0,86.0,75.0,22.0,79.0,19.0,20.0,40.0,87.0,0.1162324649298597,8299.0,127.0,1900.98,73.29426975589574,9.534797423433597,53.0,124.0,59.0,,,253.0,0,0,679,,,,,,2,0,0
p04,2019-12-19,2,4,6,3,5,2,319.0,54.0,93.0,373.0,0.0,55.0,191.0,73.0,54.0,0.0,69.0,20.0,18.0,31.0,55.0,0.0963855421686747,12453.0,131.0,2081.51,73.34416337897424,11.516250414374795,54.0,142.0,59.0,,,218.0,29,36,703,2.0,51.2,259.0,4783.0,105.5,3,0,0
p04,2019-12-20,3,4,6,3,7,4,412.0,68.0,92.0,480.0,0.0,101.0,203.0,108.0,68.0,22.0,83.0,22.0,22.0,39.0,101.0,0.1102620087336244,10979.0,142.0,2063.8,73.75096412294029,14.702942560348712,50.0,160.0,55.0,,,268.0,5,30,585,1.0,8.35,50.0,1053.0,137.0,4,0,0
p04,2019-12-21,3,2,4,3,6,2,400.0,63.0,92.0,463.0,0.0,67.0,254.0,79.0,63.0,2.0,74.0,19.0,18.0,37.0,67.0,0.0954994511525795,6260.0,127.0,1918.22,74.43407544122736,10.888682318976537,53.0,126.0,58.0,,,262.0,0,8,707,1.0,16.216666666666665,93.0,1361.0,103.0,5,1,0
p04,2019-12-22,3,2,5,2,6,2,445.0,100.0,96.0,545.0,0.0,101.0,203.0,141.0,100.0,1.0,72.0,22.0,14.0,36.0,101.0,0.1393217231897341,7063.0,126.0,1859.45,73.77067967774877,9.495905080786454,54.0,133.0,61.0,,,130.0,21,35,709,1.0,29.866666666666667,162.0,3241.0,114.0,6,1,0
p04,2019-12-23,3,3,6,3,9,2,489.0,81.0,89.0,570.0,0.0,131.0,236.0,122.0,81.0,23.0,90.0,24.0,22.0,44.0,130.0,0.1221033868092691,12278.0,167.0,2104.9700000000003,82.30835164835165,30.921717745639523,42.0,171.0,56.0,,,169.0,1,59,641,1.0,59.38333333333333,455.0,8790.0,148.0,0,0,0
p04,2019-12-25,2,3,5,4,7,2,493.0,89.0,87.0,582.0,0.0,86.0,266.0,141.0,89.0,0.0,81.0,22.0,16.0,43.0,86.0,0.1381974248927038,7881.0,153.0,1908.14,77.14161451150949,16.68014502093064,53.0,148.0,59.0,,,155.0,36,24,643,2.0,85.96666666666665,441.0,4681.0,122.0,2,0,0
p04,2019-12-26,2,4,5,4,8,3,468.0,68.0,92.0,536.0,0.0,111.0,240.0,117.0,68.0,0.0,84.0,23.0,20.0,41.0,111.0,0.1069063386944181,16755.0,142.0,2433.41,80.87780236697778,19.5934988496564,54.0,137.0,58.0,,,240.0,33,91,540,1.0,114.63333333333334,639.0,12137.0,114.0,3,0,0
p04,2019-12-27,2,3,3,0,6,2,386.0,68.0,88.0,454.0,0.0,83.0,212.0,91.0,68.0,3.0,70.0,21.0,13.0,36.0,83.0,0.139482564679415,5958.0,133.0,1761.98,76.59899363318956,8.859794044571926,55.0,135.0,63.0,,,203.0,0,0,783,,,,,,4,0,0
p04,2019-12-28,1,3,5,3,7,3,420.0,78.0,93.0,498.0,0.0,87.0,247.0,86.0,78.0,0.0,77.0,19.0,22.0,36.0,87.0,0.1252525252525252,5923.0,154.0,1845.79,72.19353895629294,18.104600859557795,52.0,166.0,57.0,,,134.0,29,27,752,1.0,52.21666666666667,223.0,2541.0,112.0,5,1,0
p04,2019-12-29,2,3,5,2,6,2,522.0,93.0,93.0,615.0,0.0,100.0,301.0,121.0,93.0,23.0,86.0,21.0,22.0,43.0,100.0,0.1218521527213647,8812.0,125.0,1914.17,72.81422211526892,14.226182024263622,50.0,129.0,55.0,,,141.0,20,33,631,1.0,54.61666666666667,296.0,5832.0,110.0,6,1,0
p04,2019-12-30,2,3,5,3,7,1,437.0,83.0,89.0,520.0,0.0,64.0,302.0,71.0,83.0,0.0,72.0,17.0,16.0,39.0,63.0,0.111431316042267,8399.0,156.0,1986.66,78.48035830922832,17.353205353531038,52.0,138.0,58.0,,,197.0,12,26,685,1.0,59.21666666666667,290.0,3691.0,113.0,0,0,0
p04,2019-12-31,3,2,5,3,7,4,552.0,109.0,90.0,661.0,0.0,102.0,288.0,162.0,109.0,23.0,84.0,22.0,20.0,42.0,102.0,0.1581359816653934,7255.0,127.0,1897.18,71.82277297170914,14.923732700344774,50.0,131.0,55.0,,,189.0,12,20,558,1.0,17.916666666666668,100.0,1697.0,116.0,1,0,0
p04,2020-01-01,2,3,4,3,6,2,388.0,58.0,91.0,446.0,0.0,86.0,215.0,87.0,58.0,4.0,70.0,21.0,13.0,36.0,86.0,0.1366181410974244,1997.0,59.0,1628.73,73.12708096370592,9.828891931304762,52.0,114.0,59.0,,,145.0,0,0,647,,,,,,2,0,0
p04,2020-01-02,3,3,6,3,8,2,487.0,114.0,94.0,601.0,0.0,85.0,332.0,70.0,114.0,0.0,80.0,17.0,21.0,42.0,85.0,0.1282481139983235,11220.0,156.0,2009.6200000000001,75.0866149870801,23.140042987885074,51.0,150.0,54.0,,,182.0,12,38,607,1.0,45.21666666666667,304.0,6031.0,128.0,3,0,0
p04,2020-01-03,1,2,3,3,8,1,485.0,73.0,93.0,558.0,0.0,88.0,283.0,114.0,73.0,23.0,87.0,21.0,21.0,45.0,88.0,0.1013452914798206,8927.0,158.0,1885.42,78.38237002614,27.735607780564777,51.0,180.0,56.0,,,124.0,4,39,715,1.0,48.06666666666667,304.0,5050.0,133.0,4,0,0
p04,2020-01-04,2,2,4,2,7,2,463.0,71.0,91.0,534.0,0.0,73.0,297.0,93.0,71.0,0.0,79.0,19.0,20.0,40.0,73.0,0.1272217025257249,5617.0,155.0,1809.14,70.65086258897334,13.27942385847701,53.0,167.0,58.0,,,162.0,15,13,646,1.0,37.11666666666667,175.0,1511.0,121.0,5,1,0
p04,2020-01-05,2,3,5,3,7,2,425.0,108.0,96.0,533.0,0.0,36.0,316.0,73.0,108.0,0.0,75.0,16.0,21.0,38.0,36.0,0.1429961089494163,4805.0,165.0,1704.18,68.45917246429879,9.167898634886496,53.0,120.0,58.0,,,180.0,0,0,641,,,,,,6,1,0
p04,2020-01-06,2,2,3,2,3,3,159.0,24.0,92.0,183.0,0.0,53.0,75.0,31.0,24.0,1.0,67.0,19.0,20.0,28.0,53.0,0.1088825214899713,9532.0,117.0,1894.39,74.27035149614531,11.993015276187034,50.0,181.0,60.0,,,188.0,14,2,1053,1.0,36.7,151.0,2556.0,98.0,0,0,0
p04,2020-01-07,3,4,6,4,8,3,,,,,,,,,,,,,,,,,3502.0,109.0,1646.32,69.53016875075878,10.139913351277844,48.0,132.0,58.0,,,128.0,11,0,1301,,,,,,1,0,0
p04,2020-01-08,3,4,6,3,5,2,92.0,3.0,97.0,95.0,0.0,,,,,9.0,,,,,,,16382.0,160.0,1854.39,79.42425149700598,28.098140334497874,50.0,180.0,55.0,,,176.0,31,5,1133,2.0,76.58333333333334,473.0,8493.0,128.0,2,0,0
p04,2020-01-09,2,4,6,2,6,4,296.0,50.0,91.0,346.0,0.0,25.0,214.0,57.0,50.0,22.0,66.0,17.0,20.0,29.0,25.0,0.1729651162790697,17713.0,163.0,2381.65,83.01465308102863,29.96502034752962,52.0,176.0,58.0,,,240.0,31,50,690,1.0,52.05,400.0,7042.0,153.0,3,0,0
p04,2020-01-10,3,3,5,4,4,3,397.0,62.0,93.0,459.0,0.0,56.0,243.0,98.0,62.0,22.0,76.0,21.0,19.0,36.0,56.0,0.132752992383025,12279.0,126.0,2618.23,78.49500887311446,10.399868676371723,58.0,144.0,64.0,,,306.0,34,60,581,,,,,,4,0,0
p04,2020-01-11,3,4,6,5,6,4,225.0,31.0,94.0,256.0,0.0,37.0,155.0,33.0,31.0,1.0,58.0,16.0,16.0,26.0,37.0,0.0587084148727984,6161.0,111.0,1798.79,69.0093916755603,11.290330980560695,51.0,120.0,54.0,,,201.0,2,0,820,,,,,,5,1,0
p04,2020-01-12,4,4,6,2,6,4,470.0,76.0,94.0,546.0,0.0,103.0,270.0,97.0,76.0,22.0,80.0,20.0,20.0,40.0,102.0,0.113573407202216,12412.0,164.0,1881.93,75.1579433497537,25.53156106078574,49.0,168.0,53.0,,,205.0,15,3,671,2.0,69.1,390.0,5761.0,125.0,6,1,1
p04,2020-01-13,2,3,5,2,6,2,385.0,68.0,93.0,453.0,0.0,25.0,288.0,72.0,68.0,21.0,75.0,17.0,21.0,37.0,24.0,0.0879629629629629,14609.0,157.0,2248.32,69.68679336059658,16.696318180029866,49.0,157.0,53.0,,,227.0,30,45,613,2.0,38.78333333333333,175.0,3378.0,108.5,0,0,0
p04,2020-01-14,2,5,5,5,6,5,404.0,62.0,90.0,466.0,0.0,58.0,248.0,98.0,62.0,21.0,80.0,21.0,22.0,37.0,58.0,0.0923076923076923,14373.0,164.0,2009.78,81.56888709188316,33.83675861645598,51.0,180.0,55.0,,,191.0,16,29,738,1.0,53.31666666666667,442.0,7415.0,163.0,1,0,0
p04,2020-01-15,2,3,4,2,7,2,352.0,66.0,93.0,418.0,0.0,88.0,150.0,114.0,66.0,22.0,77.0,22.0,19.0,36.0,88.0,0.1097099621689785,13663.0,159.0,2342.87,80.14950073964496,26.283358052630806,46.0,167.0,55.0,,,164.0,23,68,642,1.0,71.58333333333333,430.0,7131.0,126.0,2,0,0
p04,2020-01-16,2,3,5,2,5,2,417.0,55.0,94.0,472.0,0.0,80.0,203.0,134.0,55.0,22.0,79.0,21.0,20.0,38.0,80.0,0.0941798941798941,8257.0,116.0,2132.81,70.44642475987193,14.15785397751116,49.0,121.0,54.0,,,136.0,25,56,645,2.0,49.483333333333334,241.0,4270.0,105.0,3,0,0
p04,2020-01-17,3,5,6,4,7,4,503.0,90.0,91.0,593.0,0.0,92.0,266.0,145.0,90.0,20.0,85.0,22.0,20.0,43.0,92.0,0.1351351351351351,9938.0,156.0,2155.44,68.64256327141254,13.589044238066583,49.0,137.0,54.0,,,185.0,62,31,569,3.0,73.7,472.0,8155.0,118.0,4,0,0
p04,2020-01-18,2,4,5,4,6,5,451.0,58.0,93.0,509.0,0.0,128.0,168.0,155.0,58.0,21.0,87.0,24.0,21.0,42.0,127.0,0.0945273631840796,11842.0,166.0,2194.83,79.24343872700972,26.93146791151327,50.0,174.0,56.0,,,225.0,5,38,588,,,,,,5,1,0
p04,2020-01-19,3,4,7,4,8,5,462.0,72.0,92.0,534.0,0.0,80.0,263.0,119.0,72.0,23.0,79.0,21.0,19.0,39.0,80.0,0.1206735266604303,10161.0,114.0,1899.5,71.1342748003241,11.99572665107996,51.0,115.0,55.0,,,140.0,49,11,706,3.0,87.03333333333333,396.0,7126.0,99.33333333333333,6,1,0
p04,2020-01-20,3,4,6,3,9,5,473.0,48.0,96.0,521.0,0.0,106.0,231.0,136.0,48.0,21.0,84.0,22.0,19.0,43.0,105.0,0.1083499005964214,13756.0,165.0,1679.76,81.2549950325643,32.03624741319025,49.0,170.0,54.0,,,131.0,5,3,780,1.0,51.233333333333334,428.0,7582.0,154.0,0,0,0
p04,2020-01-21,2,4,4,3,7,5,528.0,74.0,96.0,602.0,0.0,143.0,228.0,157.0,74.0,19.0,91.0,25.0,20.0,46.0,142.0,0.0883116883116883,17981.0,163.0,2529.71,81.77295323120624,24.315002478068326,52.0,161.0,58.0,,,183.0,54,80,521,4.0,99.31666666666666,592.0,10900.0,113.5,1,0,0
p04,2020-01-22,2,3,4,3,6,3,437.0,27.0,97.0,464.0,0.0,92.0,238.0,107.0,27.0,21.0,83.0,22.0,18.0,43.0,92.0,0.0635091496232508,7755.0,116.0,2106.94,72.29883433415755,14.259486923359692,50.0,141.0,55.0,,,160.0,9,49,612,1.0,17.933333333333334,86.0,1453.0,108.0,2,0,0
p04,2020-01-24,2,4,4,4,7,2,410.0,37.0,98.0,447.0,0.0,73.0,231.0,106.0,37.0,23.0,77.0,21.0,16.0,40.0,73.0,0.0644067796610169,15565.0,164.0,2236.59,81.92302037387104,30.958185686423395,50.0,170.0,58.0,,,156.0,18,61,758,2.0,75.6,475.0,8793.0,127.5,4,0,0
p04,2020-01-25,2,4,3,3,6,2,451.0,58.0,95.0,509.0,0.0,73.0,268.0,110.0,58.0,22.0,85.0,21.0,22.0,42.0,73.0,0.0922920892494929,11832.0,127.0,2087.48,80.1901949202599,10.893949746952554,58.0,120.0,63.0,,,269.0,30,4,628,,,,,,5,1,0
p04,2020-01-26,2,3,5,2,8,4,391.0,49.0,94.0,440.0,0.0,79.0,224.0,88.0,49.0,1.0,73.0,21.0,15.0,37.0,78.0,0.0896708286038592,8620.0,111.0,1925.56,72.83693603813325,13.66324123613155,51.0,117.0,56.0,,,177.0,21,12,729,2.0,31.566666666666666,152.0,2914.0,104.5,6,1,0
p04,2020-01-27,3,4,6,4,7,5,479.0,76.0,97.0,555.0,0.0,98.0,227.0,154.0,76.0,22.0,85.0,22.0,21.0,42.0,98.0,0.1089201877934272,7617.0,164.0,1883.65,80.49004329004329,27.029672995195785,53.0,174.0,57.0,,,114.0,1,40,730,1.0,30.316666666666666,241.0,4454.0,157.0,0,0,0
p04,2020-01-28,3,4,5,4,6,2,416.0,51.0,96.0,467.0,0.0,116.0,197.0,103.0,51.0,22.0,80.0,23.0,18.0,39.0,116.0,0.1080213903743315,14516.0,112.0,1776.25,76.19196646192844,16.06808658785552,50.0,139.0,55.0,,,194.0,0,0,717,3.0,267.06666666666666,1150.0,18136.0,99.33333333333333,1,0,0
p04,2020-01-29,2,4,4,4,7,4,386.0,50.0,89.0,436.0,0.0,92.0,219.0,75.0,50.0,20.0,77.0,19.0,21.0,37.0,92.0,0.0973654066437571,12458.0,111.0,2591.65,80.79504877599852,14.946570200448692,53.0,131.0,59.0,,,276.0,92,57,579,,,,,,2,0,0
p04,2020-01-31,2,4,5,3,4,3,194.0,23.0,93.0,217.0,0.0,59.0,107.0,28.0,23.0,3.0,65.0,17.0,21.0,27.0,59.0,0.0827586206896551,9493.0,112.0,2231.97,79.54152470187394,11.986050376036907,55.0,126.0,62.0,,,284.0,32,15,892,1.0,52.916666666666664,239.0,2753.0,108.0,4,0,0
p04,2020-02-01,2,4,5,4,8,5,487.0,38.0,98.0,525.0,0.0,111.0,234.0,142.0,38.0,21.0,87.0,23.0,18.0,46.0,111.0,0.0466222645099904,18282.0,162.0,2488.41,96.7090049223048,22.393229399923513,58.0,169.0,64.0,,,222.0,32,82,460,3.0,131.36666666666667,696.0,9592.0,128.66666666666666,5,1,0
p04,2020-02-02,2,3,3,4,5,3,293.0,32.0,94.0,325.0,0.0,83.0,138.0,72.0,32.0,3.0,67.0,21.0,13.0,33.0,82.0,0.057632398753894,7367.0,113.0,2107.02,77.36197977897955,11.376256844134412,56.0,135.0,63.0,,,248.0,43,15,809,2.0,32.43333333333333,158.0,2899.0,107.0,6,1,0
p04,2020-02-03,2,4,4,4,6,5,391.0,43.0,95.0,434.0,0.0,94.0,179.0,118.0,43.0,22.0,82.0,22.0,21.0,39.0,93.0,0.0952941176470588,21213.0,166.0,2663.33,95.41509835194046,22.88251915091152,50.0,174.0,65.0,,,245.0,68,76,617,4.0,139.88333333333333,781.0,10914.0,124.75,0,0,0
p04,2020-02-04,3,3,4,2,1,3,226.0,28.0,97.0,254.0,0.0,43.0,140.0,43.0,28.0,2.0,58.0,18.0,14.0,26.0,43.0,0.0413385826771653,12657.0,113.0,2437.51,80.33608843888831,17.747964860694637,52.0,143.0,57.0,,,332.0,49,18,787,2.0,105.28333333333333,453.0,5003.0,109.5,1,0,0
p04,2020-02-05,3,4,5,5,8,3,590.0,108.0,89.0,698.0,0.0,110.0,302.0,178.0,108.0,20.0,86.0,23.0,21.0,42.0,110.0,0.1181102362204724,12630.0,113.0,2042.81,72.4185733512786,13.571306391768344,53.0,120.0,57.0,,,210.0,28,18,486,2.0,99.83333333333333,416.0,7055.0,103.5,2,0,0
p04,2020-02-06,2,3,5,3,6,2,402.0,75.0,92.0,477.0,0.0,80.0,232.0,90.0,75.0,20.0,75.0,20.0,21.0,34.0,79.0,0.1214659685863874,12338.0,123.0,2247.6,80.79629005059022,11.716542333059301,57.0,196.0,63.0,,,309.0,10,12,632,,,,,,3,0,0
p04,2020-02-07,2,3,4,4,8,2,561.0,112.0,95.0,673.0,0.0,104.0,334.0,123.0,112.0,21.0,79.0,21.0,16.0,42.0,104.0,0.1437081161578555,7382.0,157.0,1986.53,80.43169398907104,18.93603681177763,55.0,166.0,61.0,,,195.0,4,27,541,1.0,29.016666666666666,202.0,1939.0,142.0,4,0,0
p04,2020-02-09,3,3,6,2,7,4,233.0,26.0,92.0,259.0,0.0,50.0,121.0,62.0,26.0,0.0,61.0,21.0,13.0,27.0,50.0,0.0770712909441233,5208.0,108.0,1895.75,81.70867692307692,18.389875561716003,56.0,154.0,61.0,,,204.0,11,15,924,1.0,32.083333333333336,162.0,433.0,129.0,6,1,0
p04,2020-02-10,4,3,4,2,6,2,241.0,17.0,93.0,258.0,0.0,59.0,100.0,82.0,17.0,2.0,73.0,21.0,21.0,31.0,59.0,0.081237911025145,7409.0,108.0,1834.1200000000001,73.37768544791244,9.453547041760844,53.0,118.0,60.0,,,231.0,0,0,790,1.0,25.6,151.0,2183.0,104.0,0,0,1
p04,2020-02-11,3,4,6,3,6,2,358.0,46.0,92.0,404.0,0.0,71.0,181.0,106.0,46.0,22.0,76.0,21.0,20.0,35.0,71.0,0.107540173053152,14886.0,112.0,2219.77,72.945357231765,11.27852628727888,55.0,132.0,58.0,,,205.0,44,49,645,1.0,104.1,445.0,7697.0,102.0,1,0,0
p04,2020-02-12,2,3,5,2,7,2,430.0,68.0,87.0,498.0,0.0,74.0,280.0,76.0,68.0,21.0,76.0,18.0,18.0,40.0,74.0,0.1424272818455366,14637.0,165.0,2425.69,88.05873925501433,21.890013312077855,48.0,186.0,67.0,,,317.0,16,43,461,1.0,117.75,313.0,3771.0,127.0,2,0,0
p04,2020-02-13,4,5,6,3,7,4,449.0,59.0,93.0,508.0,0.0,63.0,267.0,119.0,59.0,22.0,77.0,21.0,15.0,41.0,62.0,0.119960668633235,11953.0,128.0,2061.4,81.68331412472787,11.888785332367014,51.0,132.0,65.0,,,290.0,0,0,575,,,,,,3,0,1
p04,2020-02-15,2,4,6,3,5,4,362.0,45.0,90.0,407.0,0.0,92.0,161.0,109.0,45.0,4.0,69.0,22.0,11.0,36.0,91.0,0.112883435582822,7792.0,128.0,1984.13,82.26114341085271,9.261833371596648,66.0,125.0,70.0,,,216.0,30,4,783,1.0,44.36666666666667,173.0,2480.0,103.0,5,1,0
p04,2020-02-16,3,3,6,3,6,3,165.0,12.0,93.0,177.0,0.0,,,,,11.0,,,,,,,6002.0,129.0,1652.68,77.23142639206712,9.034314995965593,59.0,127.0,66.0,,,77.0,16,14,1156,1.0,31.583333333333332,165.0,3280.0,109.0,6,1,0
p04,2020-02-17,3,3,7,4,8,4,366.0,47.0,93.0,413.0,0.0,81.0,180.0,105.0,47.0,1.0,79.0,21.0,21.0,37.0,81.0,0.0876979293544458,9639.0,161.0,2046.73,81.73394283069089,23.058538966696876,57.0,169.0,63.0,,,235.0,0,31,761,1.0,32.78333333333333,241.0,4749.0,145.0,0,0,0
p04,2020-02-18,3,3,6,3,6,2,392.0,60.0,91.0,452.0,0.0,87.0,219.0,86.0,60.0,22.0,76.0,20.0,20.0,36.0,87.0,0.1104972375690607,12997.0,145.0,2235.93,77.36317200868343,13.122865398672955,56.0,141.0,62.0,,,349.0,10,15,614,1.0,28.016666666666666,108.0,533.0,117.0,1,0,0
p04,2020-02-19,3,3,5,2,7,2,412.0,72.0,92.0,484.0,0.0,89.0,209.0,114.0,72.0,22.0,77.0,22.0,19.0,36.0,89.0,0.110423116615067,8727.0,130.0,1927.71,74.59845604332297,9.789367426008834,56.0,132.0,62.0,,,244.0,10,11,691,,,,,,2,0,0
p04,2020-02-20,3,3,5,3,10,4,579.0,76.0,92.0,655.0,0.0,137.0,297.0,145.0,76.0,20.0,88.0,24.0,19.0,45.0,137.0,0.1047400611620795,11174.0,125.0,2146.4900000000002,74.07589447054572,9.922799513178862,55.0,140.0,60.0,,,253.0,14,37,481,1.0,38.2,260.0,2922.0,139.0,3,0,0
p04,2020-02-21,3,3,5,3,9,4,552.0,71.0,92.0,623.0,0.0,131.0,281.0,140.0,71.0,20.0,85.0,24.0,17.0,44.0,131.0,0.1122694466720128,12973.0,121.0,2326.65,75.16535758577925,9.798947616526878,59.0,162.0,63.0,,,345.0,21,31,420,1.0,27.3,159.0,1680.0,123.0,4,0,0
p04,2020-02-22,3,3,5,3,8,5,484.0,68.0,93.0,552.0,0.0,116.0,271.0,97.0,68.0,22.0,82.0,21.0,16.0,45.0,115.0,0.11,8584.0,115.0,1931.3,80.16187050359713,11.772862091113245,60.0,146.0,66.0,,,252.0,0,0,636,1.0,16.216666666666665,91.0,1203.0,112.0,5,1,0
p04,2020-02-23,2,3,4,3,6,3,340.0,54.0,93.0,394.0,0.0,83.0,171.0,86.0,54.0,1.0,67.0,22.0,12.0,33.0,83.0,0.1166032953105196,153.0,37.0,1478.8700000000001,76.91958138253925,5.913530215051429,65.0,110.0,69.0,,,23.0,8,13,1002,,,,,,6,1,0
p04,2020-02-24,3,4,6,3,8,4,501.0,52.0,96.0,553.0,0.0,126.0,218.0,157.0,52.0,21.0,91.0,24.0,21.0,46.0,126.0,0.091237579042457,15304.0,166.0,2355.57,73.28137128072446,9.660372517159718,58.0,117.0,64.0,,,336.0,6,42,503,1.0,42.96666666666667,300.0,5497.0,141.0,0,0,0
p04,2020-02-25,3,5,6,4,7,4,442.0,70.0,97.0,512.0,0.0,94.0,262.0,86.0,70.0,22.0,82.0,19.0,23.0,40.0,93.0,0.0845624385447394,13344.0,158.0,2157.17,72.61872676579925,9.06725113460336,59.0,146.0,62.0,,,314.0,13,4,597,,,,,,1,0,0
p04,2020-02-26,3,3,6,3,7,4,444.0,65.0,93.0,509.0,0.0,88.0,248.0,108.0,65.0,22.0,83.0,22.0,20.0,41.0,88.0,0.113837095191364,13680.0,154.0,2234.0,74.73919694072657,10.1482627799151,54.0,126.0,63.0,71.92074203491211,6.824607849121094,267.0,23,28,613,2.0,91.8,340.0,3895.0,103.0,2,0,0
p04,2020-02-27,4,5,7,4,7,4,441.0,67.0,91.0,508.0,0.0,89.0,255.0,97.0,67.0,22.0,81.0,20.0,20.0,41.0,89.0,0.1057312252964426,15236.0,166.0,2413.45,74.38354114713216,12.673029064953012,55.0,117.0,59.0,70.44240856170654,6.7995100021362305,284.0,10,58,580,1.0,45.9,391.0,6732.0,157.0,3,0,1
p04,2020-02-28,2,3,4,3,7,3,424.0,58.0,89.0,482.0,0.0,85.0,246.0,93.0,58.0,23.0,73.0,20.0,12.0,41.0,85.0,0.1575129533678756,9925.0,127.0,2023.16,77.3892378559464,8.249885378557035,62.0,112.0,67.0,72.05490779876709,9.508502006530762,266.0,11,14,667,,,,,,4,0,0
p04,2020-02-29,2,3,3,3,8,4,478.0,60.0,95.0,538.0,0.0,81.0,258.0,139.0,60.0,23.0,85.0,21.0,22.0,42.0,81.0,0.0971428571428571,13963.0,143.0,2144.01,75.19413996627318,10.00617769428272,57.0,116.0,64.0,73.1511754989624,7.608896255493164,319.0,13,0,570,2.0,89.61666666666666,405.0,6597.0,112.5,5,1,0
p04,2020-03-01,2,3,4,3,5,3,300.0,52.0,91.0,352.0,0.0,78.0,179.0,43.0,52.0,2.0,60.0,17.0,12.0,31.0,78.0,0.0892086330935251,10447.0,125.0,2134.27,82.89245518966236,6.496683891010052,68.0,139.0,74.0,74.97735595703125,10.892168045043945,86.0,44,85,788,1.0,68.26666666666667,377.0,5994.0,120.0,6,1,0
p04,2020-03-02,1,2,2,2,8,2,628.0,131.0,93.0,759.0,0.0,121.0,400.0,107.0,131.0,21.0,70.0,19.0,10.0,41.0,121.0,0.1922317314022383,273.0,30.0,1374.49,80.28031521389514,5.628468199046915,65.0,114.0,72.0,76.76333141326904,12.852715492248535,26.0,0,0,478,,,,,,0,0,0
p04,2020-03-03,3,3,4,3,8,4,532.0,80.0,92.0,612.0,0.0,93.0,303.0,136.0,80.0,21.0,86.0,22.0,19.0,45.0,92.0,0.1287128712871287,6684.0,118.0,1713.55,74.44364971969843,8.231342115281732,57.0,106.0,63.0,74.51207637786865,8.43782901763916,102.0,29,18,679,1.0,44.36666666666667,216.0,4218.0,107.0,1,0,0
p04,2020-03-04,3,3,5,3,9,4,545.0,92.0,96.0,637.0,0.0,98.0,297.0,150.0,92.0,21.0,87.0,22.0,21.0,44.0,98.0,0.1098039215686274,7560.0,155.0,1944.32,71.91368935690109,11.124150923213145,55.0,162.0,59.0,71.80511474609375,7.303706169128418,216.0,10,17,560,1.0,62.31666666666667,245.0,1812.0,113.0,2,0,0
p04,2020-03-05,3,4,5,3,8,4,471.0,70.0,95.0,541.0,0.0,123.0,233.0,115.0,70.0,23.0,84.0,23.0,20.0,41.0,123.0,0.1058052434456928,5810.0,118.0,1772.39,74.02841215608703,8.848032652111467,58.0,122.0,62.0,72.28069400787354,6.95524787902832,148.0,12,23,716,1.0,31.566666666666666,182.0,2952.0,105.0,3,0,0
p04,2020-03-07,3,3,5,3,8,4,510.0,76.0,89.0,586.0,0.0,128.0,250.0,132.0,76.0,23.0,87.0,24.0,18.0,45.0,128.0,0.1159420289855072,7034.0,120.0,1806.6000000000001,73.94207723035952,10.325425039902038,55.0,104.0,61.0,72.29076290130615,6.805424690246582,166.0,17,12,659,1.0,15.35,81.0,1432.0,100.0,5,1,0
p04,2020-03-07,3,3,5,3,8,3,510.0,76.0,89.0,586.0,0.0,128.0,250.0,132.0,76.0,23.0,87.0,24.0,18.0,45.0,128.0,0.1159420289855072,7034.0,120.0,1806.6000000000001,73.94207723035952,10.325425039902038,55.0,104.0,61.0,72.29076290130615,6.805424690246582,166.0,17,12,659,1.0,15.35,81.0,1432.0,100.0,5,1,0
p04,2020-03-08,3,4,6,3,6,4,369.0,57.0,96.0,426.0,0.0,83.0,176.0,110.0,57.0,0.0,80.0,22.0,22.0,36.0,83.0,0.1010830324909747,7091.0,104.0,1973.79,71.94248278925161,8.450289781324914,57.0,146.0,61.0,71.6257438659668,6.793163299560547,153.0,18,41,802,1.0,31.083333333333332,163.0,1869.0,103.0,6,1,0
p04,2020-03-09,3,3,6,2,7,3,437.0,56.0,93.0,493.0,0.0,124.0,221.0,92.0,56.0,22.0,83.0,22.0,19.0,42.0,124.0,0.0973360655737704,16648.0,161.0,2348.86,72.72752167959835,8.759025877729682,58.0,140.0,62.0,72.09306526184082,6.789101600646973,264.0,43,51,589,2.0,65.76666666666667,424.0,7793.0,125.0,0,0,0
p04,2020-03-10,3,3,6,2,7,4,439.0,66.0,94.0,505.0,0.0,81.0,247.0,111.0,66.0,22.0,82.0,21.0,21.0,40.0,81.0,0.0900098911968348,17067.0,135.0,2406.41,72.4923424554356,11.1160663140142,56.0,149.0,61.0,71.87230396270752,6.787755012512207,310.0,25,64,536,1.0,128.71666666666667,453.0,5606.0,108.0,1,0,0
p04,2020-03-11,3,4,7,3,7,3,422.0,48.0,96.0,470.0,0.0,94.0,227.0,101.0,48.0,22.0,84.0,22.0,20.0,42.0,93.0,0.0884861407249466,9763.0,155.0,2035.3500000000001,74.53160008454873,10.678662467292039,53.0,168.0,62.0,72.28806972503662,6.787308692932129,246.0,10,16,698,1.0,48.75,215.0,2374.0,122.0,2,0,0
p04,2020-03-12,3,3,4,3,6,4,374.0,47.0,97.0,421.0,0.0,69.0,203.0,102.0,47.0,23.0,79.0,21.0,20.0,38.0,69.0,0.08,7080.0,121.0,1834.64,71.20446629788978,8.642393872728448,58.0,107.0,61.0,72.5618953704834,6.787160873413086,203.0,12,12,792,,,,,,3,0,0
p04,2020-03-13,3,4,6,3,7,4,475.0,61.0,95.0,536.0,0.0,110.0,263.0,102.0,61.0,21.0,84.0,21.0,22.0,41.0,109.0,0.0941286113699906,14138.0,164.0,2155.41,73.16428719222016,11.794894120404125,53.0,129.0,56.0,70.52411556243896,8.337896347045898,176.0,16,56,656,1.0,46.3,363.0,7111.0,146.0,4,0,0
p04,2020-03-14,2,3,6,3,5,2,336.0,57.0,90.0,393.0,0.0,107.0,173.0,56.0,57.0,0.0,71.0,19.0,19.0,33.0,107.0,0.1214470284237726,6427.0,129.0,1975.47,71.50242456896552,6.696604394972456,56.0,98.0,62.0,70.37448310852051,7.274084091186523,47.0,0,103,897,1.0,103.0,659.0,5943.0,,5,1,0
p04,2020-03-15,3,3,5,1,8,4,432.0,63.0,97.0,495.0,0.0,111.0,202.0,119.0,63.0,22.0,84.0,23.0,20.0,41.0,111.0,0.1177664974619289,5914.0,122.0,1762.5,70.87166741979213,7.83143177440515,57.0,93.0,61.0,69.51483917236328,6.945772171020508,200.0,0,0,646,,,,,,6,1,0
p04,2020-03-16,3,3,5,3,8,3,454.0,67.0,92.0,521.0,0.0,108.0,236.0,110.0,67.0,0.0,85.0,23.0,22.0,40.0,108.0,0.090297790585975,5684.0,133.0,1801.31,69.56293497713263,8.05062209556773,54.0,105.0,60.0,68.55654811859131,6.8394012451171875,136.0,52,2,729,1.0,45.0,165.0,919.0,103.0,0,0,0
p04,2020-03-17,4,3,6,3,8,4,494.0,99.0,92.0,593.0,0.0,67.0,352.0,75.0,99.0,22.0,79.0,17.0,19.0,43.0,67.0,0.1210838272650296,7855.0,123.0,1829.6000000000001,67.83452840595697,9.330272820693494,53.0,105.0,58.0,67.53387260437012,6.804399490356445,131.0,18,28,670,1.0,46.083333333333336,251.0,4835.0,114.0,1,0,1
p04,2020-03-18,3,3,5,3,8,4,428.0,71.0,95.0,499.0,0.0,104.0,233.0,91.0,71.0,22.0,80.0,21.0,19.0,40.0,103.0,0.0910010111223458,9610.0,164.0,2094.8,75.8372287145242,13.167030913144185,55.0,121.0,59.0,67.38030338287354,6.792823791503906,180.0,6,31,724,1.0,31.5,263.0,4575.0,158.0,2,0,0
p04,2020-03-19,3,4,6,3,6,3,395.0,52.0,97.0,447.0,0.0,69.0,231.0,95.0,52.0,1.0,78.0,21.0,19.0,38.0,68.0,0.0562571756601607,7195.0,106.0,2060.53,74.67475837266801,9.935045060838513,55.0,170.0,61.0,68.98700141906738,6.788989067077637,133.0,33,42,785,1.0,28.283333333333335,111.0,1063.0,97.0,3,0,0
p04,2020-03-20,3,2,5,2,7,2,508.0,83.0,91.0,591.0,0.0,103.0,299.0,106.0,83.0,22.0,82.0,21.0,16.0,45.0,102.0,0.1313043478260869,8379.0,136.0,1910.6000000000001,76.02548985607768,9.895861268116114,58.0,111.0,62.0,70.22812271118164,6.787717819213867,108.0,30,40,671,1.0,76.38333333333334,308.0,5535.0,107.0,4,0,0
p04,2020-03-21,3,3,5,3,7,3,296.0,46.0,91.0,342.0,0.0,66.0,158.0,72.0,46.0,23.0,72.0,21.0,18.0,33.0,66.0,0.111791730474732,1718.0,126.0,1554.44,71.94798061389338,8.993940085815469,58.0,105.0,62.0,70.94010066986084,6.787296295166016,116.0,0,0,806,,,,,,5,1,0
p04,2020-03-22,2,3,4,3,6,3,373.0,50.0,92.0,423.0,0.0,83.0,191.0,99.0,50.0,3.0,74.0,22.0,17.0,35.0,83.0,0.1121605667060212,9010.0,123.0,1870.3500000000001,73.83850480856469,9.71254982940521,57.0,111.0,61.0,70.20859909057617,6.787156105041504,144.0,37,21,815,1.0,41.81666666666667,206.0,3925.0,105.0,6,1,0
p04,2020-03-23,3,3,5,3,8,4,495.0,85.0,95.0,580.0,0.0,103.0,254.0,138.0,85.0,22.0,89.0,22.0,22.0,45.0,103.0,0.0919540229885057,12666.0,170.0,2160.12,64.34634690462912,11.198498568723853,52.0,111.0,54.0,68.4029016494751,8.989333152770996,143.0,7,72,638,2.0,67.55,551.0,10412.0,154.5,0,0,0
p04,2020-03-24,3,3,4,3,6,3,385.0,45.0,95.0,430.0,0.0,84.0,216.0,85.0,45.0,23.0,80.0,21.0,21.0,38.0,84.0,0.0665083135391924,10418.0,139.0,2240.98,71.46418262923117,11.885630188097405,54.0,151.0,59.0,67.7168779373169,7.463630676269531,267.0,24,33,686,1.0,57.483333333333334,236.0,1863.0,115.0,1,0,0
p04,2020-03-25,3,3,5,3,7,4,418.0,67.0,95.0,485.0,0.0,109.0,188.0,121.0,67.0,23.0,80.0,23.0,20.0,37.0,109.0,0.0854788877445932,9107.0,166.0,1998.16,70.0490486257928,9.10801492465832,56.0,133.0,59.0,67.22054958343506,7.00606632232666,119.0,16,44,707,1.0,53.71666666666667,374.0,6757.0,152.0,2,0,0
p04,2020-03-26,3,3,5,3,7,3,471.0,86.0,91.0,557.0,0.0,135.0,261.0,75.0,86.0,22.0,77.0,20.0,18.0,39.0,134.0,0.0980926430517711,10188.0,165.0,2041.52,72.08849363197189,9.825641576447932,54.0,135.0,60.0,67.89166355133057,6.859123229980469,109.0,9,55,710,1.0,52.55,440.0,7793.0,153.0,3,0,0
p04,2020-03-27,3,3,6,3,8,3,486.0,58.0,93.0,544.0,0.0,115.0,249.0,122.0,58.0,22.0,89.0,23.0,20.0,46.0,115.0,0.0918273645546372,7149.0,114.0,1855.88,70.21673408558654,10.214953012890108,52.0,114.0,57.0,67.08977794647217,6.810909271240234,185.0,14,18,679,1.0,35.85,185.0,3564.0,107.0,4,0,0
p04,2020-03-28,3,3,5,3,9,4,542.0,72.0,93.0,614.0,0.0,124.0,297.0,121.0,72.0,22.0,88.0,23.0,20.0,45.0,124.0,0.0984540276647681,13075.0,139.0,2172.8,68.0507469765236,11.79472532853859,53.0,136.0,57.0,66.75240707397461,6.794979095458984,141.0,65,48,572,3.0,146.11666666666667,693.0,9950.0,110.66666666666667,5,1,0
p04,2020-03-29,2,3,4,2,8,2,442.0,46.0,95.0,548.0,0.0,97.0,233.0,112.0,46.0,0.0,84.0,22.0,19.0,43.0,96.0,0.0836431226765799,7970.0,123.0,1891.53,70.66261451726568,9.778056046728365,54.0,99.0,59.0,67.57121658325195,6.789703369140625,149.0,26,23,754,1.0,45.233333333333334,235.0,3322.0,112.0,6,1,0
p04,2020-03-30,3,3,6,3,10,3,589.0,58.0,96.0,647.0,0.0,91.0,341.0,157.0,58.0,23.0,90.0,22.0,22.0,46.0,91.0,0.0849420849420849,9210.0,126.0,1997.46,64.31687242798354,9.372856686511534,52.0,146.0,56.0,66.59619235992432,6.787954330444336,173.0,15,46,559,1.0,27.316666666666666,173.0,2300.0,122.0,0,0,0
p05,2019-11-01,3,3,8,3,5,2,,,,,,,,,,,84.0,22.0,20.0,42.0,83.0,0.0908152734778121,14306.0,128.0,3704.51,71.08995186522262,12.48094807331861,49.0,114.0,54.0,,,318.0,40,38,556,1.0,17.916666666666668,131.0,1110.0,99.0,4,0,0
p05,2019-11-02,2,2,0,2,4,2,303.0,22.0,96.0,325.0,0.0,71.0,146.0,86.0,22.0,0.0,73.0,21.0,18.0,34.0,71.0,0.0568356374807987,13349.0,118.0,3383.4100000000003,70.68693528693528,9.853297481105077,51.0,114.0,57.0,,,298.0,17,25,775,1.0,25.6,221.0,2311.0,102.0,5,1,0
p05,2019-11-03,1,3,0,3,3,2,224.0,34.0,89.0,258.0,0.0,51.0,107.0,66.0,34.0,1.0,66.0,21.0,20.0,25.0,51.0,0.1141199226305609,9037.0,114.0,3326.26,68.12007746933506,10.41895081814972,49.0,185.0,57.0,,,267.0,12,34,767,,,,,,6,1,0
p05,2019-11-04,3,1,0,1,5,2,,,,,,,,,,,,,,,,,13240.0,120.0,3481.64,68.89743958573072,12.533596768999047,49.0,133.0,54.0,,,255.0,34,48,1103,,,,,,0,0,0
p05,2019-11-05,3,1,0,1,5,3,,,,,,,,,,,,,,,,,14898.0,126.0,3752.4,68.49757970288766,12.913205279943154,47.0,121.0,51.0,,,301.0,53,44,1042,1.0,20.483333333333334,170.0,0.0,108.0,1,0,0
p05,2019-11-07,1,1,0,1,4,2,323.0,33.0,91.0,356.0,0.0,88.0,163.0,72.0,33.0,23.0,78.0,21.0,23.0,34.0,88.0,0.0827489481065918,19247.0,168.0,4038.21,75.00926822520404,25.2498702211618,46.0,182.0,51.0,,,293.0,56,65,670,3.0,90.19999999999999,827.0,6497.0,114.33333333333333,3,0,0
p05,2019-11-09,2,2,0,1,4,2,357.0,39.0,94.0,396.0,0.0,78.0,167.0,112.0,39.0,23.0,79.0,21.0,22.0,36.0,78.0,0.0781841109709962,11928.0,112.0,3455.78,64.97179196574739,11.380800933997847,45.0,119.0,52.0,,,231.0,76,37,614,1.0,15.366666666666667,88.0,900.0,93.0,5,1,0
p05,2019-11-10,1,1,0,1,4,1,362.0,39.0,99.0,401.0,0.0,73.0,206.0,83.0,39.0,23.0,83.0,21.0,24.0,38.0,73.0,0.0354330708661417,1046.0,81.0,2086.11,61.37615242778119,6.746692314513694,50.0,100.0,54.0,,,42.0,0,0,997,,,,,,6,1,0
p05,2019-11-11,2,2,0,2,4,2,,,,,,,,,,,,,,,,,,,1929.6000000000001,,,,,,,,0.0,0,0,1440,,,,,,0,0,0
p05,2019-11-12,3,2,0,2,5,2,,,,,,,,,,,,,,,,,3836.0,117.0,2483.36,73.06618486116395,9.436652606611526,54.0,124.0,58.0,,,89.0,7,17,1327,,,,,,1,0,0
p05,2019-11-13,3,2,0,2,5,3,281.0,33.0,96.0,314.0,0.0,57.0,152.0,72.0,33.0,0.0,76.0,21.0,23.0,32.0,57.0,0.0747967479674796,13899.0,127.0,3727.94,71.01100535395598,13.7057602268128,46.0,123.0,52.0,,,259.0,37,54,776,1.0,36.68333333333333,298.0,0.0,106.0,2,0,0
p05,2019-11-14,2,1,0,1,4,2,339.0,53.0,92.0,392.0,0.0,74.0,187.0,78.0,53.0,23.0,74.0,21.0,21.0,32.0,74.0,0.0713375796178343,12427.0,116.0,3390.83,67.75299034443003,10.492201014785877,46.0,125.0,54.0,,,218.0,21,57,752,2.0,65.73333333333333,577.0,0.0,113.5,3,0,0
p05,2019-11-15,2,2,0,2,4,2,435.0,72.0,93.0,507.0,0.0,52.0,302.0,81.0,72.0,22.0,76.0,18.0,19.0,39.0,52.0,0.0901883052527254,16259.0,111.0,3945.6,70.53051939845824,12.531884913289662,49.0,120.0,54.0,,,285.0,82,60,506,1.0,54.61666666666667,430.0,3419.0,103.0,4,0,0
p05,2019-11-16,3,3,0,3,5,2,342.0,51.0,96.0,393.0,0.0,40.0,213.0,89.0,51.0,0.0,76.0,21.0,21.0,34.0,40.0,0.0717079530638852,7808.0,99.0,2956.84,63.870758028864905,8.211662972572741,47.0,104.0,54.0,,,279.0,7,1,760,,,,,,5,1,0
p05,2019-11-17,3,3,0,3,4,3,376.0,71.0,91.0,447.0,0.0,19.0,248.0,109.0,71.0,23.0,72.0,19.0,21.0,32.0,19.0,0.1041433370660694,13590.0,112.0,3548.48,65.77408300545754,13.015837150323936,45.0,124.0,51.0,,,287.0,38,38,630,1.0,40.1,267.0,3147.0,97.0,6,1,0
p05,2019-11-18,2,2,0,2,4,2,319.0,35.0,100.0,354.0,0.0,84.0,167.0,68.0,35.0,23.0,79.0,21.0,24.0,34.0,84.0,0.0544412607449856,9090.0,120.0,3093.4,64.30496453900709,10.341914143259068,44.0,113.0,50.0,,,212.0,16,23,835,,,,,,0,0,0
p05,2019-11-19,3,1,0,2,4,3,,,,,,,,,,,,,,,,,13253.0,117.0,3844.4700000000003,69.34430571320469,13.81513581086426,45.0,114.0,50.0,,,335.0,23,26,1056,,,,,,1,0,0
p05,2019-11-20,1,2,0,1,4,2,420.0,62.0,93.0,482.0,0.0,78.0,250.0,92.0,62.0,22.0,81.0,20.0,21.0,40.0,77.0,0.0774869109947644,14021.0,177.0,3737.54,66.9561191626409,13.618597552522392,45.0,172.0,51.0,,,206.0,36,64,652,3.0,56.31666666666666,622.0,2382.0,122.0,2,0,0
p05,2019-11-21,2,2,0,2,4,3,420.0,52.0,93.0,472.0,0.0,82.0,231.0,107.0,52.0,22.0,85.0,21.0,23.0,41.0,82.0,0.073015873015873,12718.0,123.0,3521.7000000000003,66.10855635130041,11.774575969869533,43.0,120.0,49.0,,,287.0,11,18,652,,,,,,3,0,0
p05,2019-11-23,2,3,0,2,4,2,445.0,53.0,94.0,498.0,0.0,44.0,302.0,99.0,53.0,21.0,81.0,20.0,20.0,41.0,44.0,0.0723618090452261,9188.0,111.0,3292.71,67.94588957055215,10.828662246098553,47.0,116.0,53.0,,,287.0,17,0,638,,,,,,5,1,0
p05,2019-11-24,3,2,0,2,4,2,387.0,50.0,92.0,437.0,0.0,47.0,267.0,73.0,50.0,23.0,74.0,18.0,19.0,37.0,46.0,0.0925714285714285,10260.0,146.0,3148.36,63.88410256410256,8.23756242637838,49.0,126.0,54.0,,,218.0,20,35,656,1.0,16.216666666666665,124.0,1124.0,97.0,6,1,0
p05,2019-11-25,1,3,0,1,3,2,381.0,48.0,93.0,429.0,0.0,36.0,263.0,82.0,48.0,0.0,78.0,19.0,23.0,36.0,35.0,0.0886814469078179,8388.0,111.0,3234.2400000000002,64.10596933187294,11.773816500871089,45.0,113.0,49.0,,,234.0,9,30,738,,,,,,0,0,0
p05,2019-11-26,1,1,0,1,3,2,351.0,34.0,99.0,385.0,0.0,54.0,206.0,91.0,34.0,23.0,78.0,21.0,21.0,36.0,54.0,0.0622568093385214,9234.0,120.0,3111.2400000000002,64.44675540765391,9.384019424402952,43.0,126.0,51.0,,,190.0,18,30,817,,,,,,1,0,0
p05,2019-11-27,3,2,0,2,4,2,388.0,59.0,94.0,447.0,0.0,74.0,228.0,86.0,59.0,23.0,79.0,20.0,23.0,36.0,74.0,0.0818385650224215,13224.0,110.0,3886.54,70.50845679821686,14.11112376337419,47.0,118.0,52.0,,,258.0,63,50,622,2.0,58.88333333333333,452.0,0.0,102.0,2,0,0
p05,2019-11-28,1,2,0,2,4,2,445.0,45.0,96.0,490.0,0.0,104.0,237.0,104.0,45.0,22.0,84.0,22.0,19.0,43.0,104.0,0.0752351097178683,10623.0,119.0,3541.6,70.38365271802894,10.824364749771403,49.0,125.0,56.0,,,252.0,27,44,627,,,,,,3,0,0
p05,2019-11-30,2,3,0,2,5,2,405.0,52.0,94.0,457.0,0.0,81.0,238.0,86.0,52.0,0.0,79.0,20.0,21.0,38.0,81.0,0.0748074807480748,16879.0,116.0,4122.86,70.39729119638827,12.924940654988838,48.0,148.0,54.0,,,255.0,70,82,576,2.0,39.25,390.0,3347.0,113.0,5,1,0
p05,2019-12-01,2,3,0,2,4,3,319.0,23.0,99.0,342.0,0.0,54.0,173.0,92.0,23.0,0.0,78.0,21.0,22.0,35.0,53.0,0.0441826215022091,14397.0,123.0,3592.11,68.79013366404851,12.281224260855144,49.0,119.0,55.0,,,236.0,70,41,751,1.0,98.13333333333334,693.0,7381.0,98.0,6,1,0
p05,2019-12-02,2,3,0,1,5,2,361.0,33.0,96.0,394.0,0.0,91.0,190.0,80.0,33.0,23.0,81.0,21.0,23.0,37.0,91.0,0.0570342205323193,8942.0,122.0,3293.43,69.90986547085201,11.92040584371952,47.0,135.0,53.0,,,181.0,29,40,796,,,,,,0,0,0
p05,2019-12-03,1,3,0,1,3,2,259.0,27.0,97.0,286.0,0.0,58.0,140.0,61.0,27.0,0.0,73.0,21.0,23.0,29.0,58.0,0.0575916230366492,9870.0,128.0,3365.34,71.41710485617074,10.637950045029461,49.0,119.0,54.0,,,228.0,29,27,870,,,,,,1,0,0
p05,2019-12-04,2,2,0,1,4,2,302.0,34.0,96.0,336.0,0.0,55.0,170.0,77.0,34.0,0.0,78.0,21.0,23.0,34.0,55.0,0.0352220520673813,13212.0,164.0,3888.98,74.17026907807676,12.98147338465125,51.0,136.0,57.0,,,225.0,52,59,768,3.0,58.86666666666667,462.0,0.0,104.66666666666667,2,0,0
p05,2019-12-05,1,1,0,1,4,2,363.0,42.0,95.0,405.0,0.0,107.0,183.0,73.0,42.0,23.0,80.0,21.0,23.0,36.0,106.0,0.033292231812577,10405.0,119.0,3110.55,71.34494163424125,14.537143804968093,47.0,124.0,53.0,,,124.0,28,54,829,1.0,58.88333333333333,433.0,3543.0,105.0,3,0,0
p05,2019-12-06,2,4,0,3,5,3,401.0,43.0,97.0,444.0,0.0,61.0,238.0,102.0,43.0,22.0,77.0,21.0,18.0,38.0,60.0,0.0665163472378805,17324.0,120.0,4003.8,75.50693918748424,10.712504078865415,52.0,121.0,60.0,,,255.0,81,65,595,2.0,51.2,378.0,3513.0,100.5,4,0,0
p05,2019-12-07,3,2,0,3,5,2,279.0,33.0,94.0,312.0,0.0,77.0,144.0,58.0,33.0,0.0,71.0,20.0,21.0,30.0,77.0,0.0706260032102728,12651.0,114.0,3456.61,68.23471599942188,10.549260959722213,48.0,111.0,54.0,,,366.0,11,9,742,,,,,,5,1,0
p05,2019-12-08,2,3,0,3,5,3,311.0,11.0,100.0,322.0,0.0,66.0,161.0,84.0,11.0,0.0,85.0,21.0,25.0,39.0,66.0,0.041860465116279,8625.0,118.0,2970.29,65.4337962962963,11.126887787778744,47.0,123.0,53.0,,,193.0,28,22,875,1.0,33.3,257.0,2404.0,103.0,6,1,0
p05,2019-12-09,3,3,0,3,8,3,617.0,78.0,94.0,695.0,0.0,105.0,357.0,155.0,78.0,19.0,88.0,22.0,22.0,44.0,105.0,0.0867678958785249,15261.0,123.0,3956.78,69.663153396952,15.432992546604783,45.0,128.0,49.0,,,283.0,48,47,367,1.0,17.083333333333332,155.0,0.0,108.0,0,0,0
p05,2019-12-10,3,3,0,3,6,2,,,,,,,,,,,,,,,,,9313.0,125.0,3324.9500000000003,70.27793182188876,13.810110513462451,47.0,112.0,52.0,,,266.0,13,6,1155,,,,,,1,0,0
p05,2019-12-11,3,3,0,3,7,3,299.0,18.0,98.0,317.0,0.0,44.0,193.0,62.0,18.0,0.0,77.0,20.0,23.0,34.0,44.0,0.0347551342812006,15552.0,121.0,3733.48,72.21975138121547,12.821952094980178,48.0,150.0,55.0,,,213.0,66,57,708,4.0,99.0,753.0,4204.0,101.5,2,0,0
p05,2019-12-12,3,1,0,1,7,2,353.0,32.0,94.0,385.0,0.0,34.0,227.0,92.0,32.0,0.0,78.0,20.0,21.0,37.0,34.0,0.0804150453955901,13895.0,130.0,3509.19,75.53104873010086,18.72262323859954,50.0,141.0,55.0,,,166.0,38,66,785,2.0,65.56666666666666,628.0,6484.0,106.0,3,0,0
p05,2019-12-12,0,0,0,0,0,0,353.0,32.0,94.0,385.0,0.0,34.0,227.0,92.0,32.0,0.0,78.0,20.0,21.0,37.0,34.0,0.0804150453955901,13895.0,130.0,3509.19,75.53104873010086,18.72262323859954,50.0,141.0,55.0,,,166.0,38,66,785,2.0,65.56666666666666,628.0,6484.0,106.0,3,0,0
p05,2019-12-13,3,1,0,2,7,2,453.0,44.0,97.0,497.0,0.0,94.0,230.0,129.0,44.0,22.0,84.0,22.0,20.0,42.0,94.0,0.0633165829145728,11194.0,127.0,3279.15,68.29116883116883,9.242987038198205,50.0,123.0,56.0,,,226.0,29,29,659,2.0,40.1,342.0,0.0,106.5,4,0,0
p05,2019-12-14,2,1,0,3,5,2,390.0,68.0,85.0,458.0,0.0,67.0,211.0,112.0,68.0,23.0,76.0,21.0,21.0,34.0,67.0,0.1352235550708833,11141.0,113.0,3545.33,71.24533920248575,16.966396636126237,44.0,123.0,50.0,,,308.0,43,13,519,1.0,17.916666666666668,145.0,1207.0,106.0,5,1,0
p05,2019-12-16,3,3,0,3,5,3,417.0,49.0,95.0,466.0,0.0,80.0,243.0,94.0,49.0,23.0,79.0,21.0,19.0,39.0,80.0,0.0857449088960343,13252.0,118.0,3730.25,72.91366426474512,12.234306347545482,51.0,125.0,56.0,,,223.0,49,61,641,2.0,40.099999999999994,305.0,0.0,100.5,0,0,0
p05,2019-12-17,3,2,0,2,6,3,382.0,51.0,94.0,433.0,0.0,88.0,208.0,86.0,51.0,23.0,80.0,21.0,23.0,36.0,87.0,0.0668973471741637,14061.0,124.0,3817.48,74.31143356173585,14.36743840593316,46.0,127.0,55.0,,,223.0,59,53,672,2.0,44.38333333333334,362.0,0.0,106.0,1,0,0
p05,2019-12-18,3,1,0,1,5,3,280.0,30.0,98.0,310.0,0.0,46.0,170.0,64.0,30.0,23.0,77.0,21.0,23.0,33.0,46.0,0.0489038785834738,7878.0,121.0,3061.81,74.14919663351186,10.032579500792133,53.0,126.0,59.0,,,183.0,5,5,937,,,,,,2,0,0
p05,2019-12-19,3,3,0,2,6,3,358.0,45.0,96.0,403.0,0.0,89.0,168.0,101.0,45.0,0.0,77.0,22.0,20.0,35.0,88.0,0.053349875930521,15900.0,120.0,3578.94,69.17571357861739,10.674093936233252,50.0,119.0,55.0,,,178.0,50,73,736,3.0,69.13333333333333,600.0,5867.0,107.66666666666667,3,0,0
p05,2019-12-20,3,2,0,1,5,3,368.0,25.0,100.0,393.0,0.0,82.0,183.0,103.0,25.0,0.0,83.0,21.0,24.0,38.0,82.0,0.0495552731893265,11961.0,118.0,3570.28,72.67064795461332,13.363098926871503,46.0,125.0,54.0,,,254.0,39,32,722,2.0,40.96666666666667,339.0,0.0,105.5,4,0,0
p05,2019-12-20,0,0,0,0,0,0,368.0,25.0,100.0,393.0,0.0,82.0,183.0,103.0,25.0,0.0,83.0,21.0,24.0,38.0,82.0,0.0495552731893265,11961.0,118.0,3570.28,72.67064795461332,13.363098926871503,46.0,125.0,54.0,,,254.0,39,32,722,2.0,40.96666666666667,339.0,0.0,105.5,4,0,0
p05,2019-12-21,3,3,0,3,7,3,,,,,,,,,,,,,,,,,18690.0,120.0,4131.96,79.43152866242038,12.657820636003203,55.0,145.0,61.0,,,255.0,75,83,1027,2.0,46.93333333333333,391.0,3465.0,107.5,5,1,0
p05,2019-12-22,3,3,0,3,6,3,284.0,49.0,95.0,333.0,0.0,62.0,177.0,45.0,49.0,0.0,68.0,17.0,21.0,30.0,62.0,0.053125,9624.0,105.0,3225.25,67.57876294942109,9.910880345544589,48.0,109.0,56.0,,,273.0,42,12,780,1.0,32.416666666666664,233.0,2304.0,92.0,6,1,0
p05,2019-12-23,3,3,5,3,5,3,360.0,27.0,99.0,387.0,0.0,32.0,247.0,81.0,27.0,0.0,82.0,20.0,24.0,38.0,32.0,0.0385126162018592,12368.0,115.0,3500.77,67.46204894234758,12.11850268642905,47.0,120.0,52.0,,,247.0,81,23,702,,,,,,0,0,0
p05,2019-12-24,3,3,0,3,5,3,328.0,30.0,97.0,358.0,0.0,58.0,211.0,59.0,30.0,0.0,77.0,18.0,24.0,35.0,58.0,0.0567375886524822,10200.0,116.0,3427.29,70.84918690131433,11.362703869171698,48.0,117.0,54.0,,,313.0,26,21,722,1.0,19.616666666666667,131.0,1251.0,100.0,1,0,0
p05,2019-12-25,3,3,0,3,8,3,530.0,62.0,96.0,592.0,0.0,99.0,309.0,122.0,62.0,23.0,87.0,22.0,20.0,45.0,99.0,0.0682011935208866,5347.0,94.0,2708.77,67.94769921436588,9.496575156614664,49.0,109.0,54.0,,,163.0,6,9,670,,,,,,2,0,0
p05,2019-12-26,3,3,0,3,7,3,388.0,44.0,97.0,432.0,0.0,106.0,189.0,93.0,44.0,2.0,81.0,22.0,21.0,38.0,106.0,0.0573099415204678,3456.0,114.0,2498.3,67.23761061946902,8.280963527329721,47.0,117.0,56.0,,,133.0,0,0,875,,,,,,3,0,0
p05,2019-12-27,3,3,0,3,9,3,628.0,110.0,89.0,738.0,0.0,131.0,307.0,190.0,110.0,21.0,85.0,24.0,19.0,42.0,131.0,0.1266079891672308,8479.0,118.0,3064.87,69.26772388059702,13.530379621721242,46.0,118.0,51.0,,,185.0,19,22,476,,,,,,4,0,0
p05,2019-12-28,3,3,0,3,5,3,426.0,78.0,90.0,504.0,0.0,74.0,242.0,110.0,78.0,1.0,78.0,21.0,18.0,39.0,74.0,0.1446977205153617,9967.0,116.0,3549.11,72.0522253045471,12.043800173149375,50.0,125.0,56.0,66.51815223693848,9.132135391235352,208.0,57,44,627,,,,,,5,1,0
p05,2019-12-29,3,3,0,3,5,3,253.0,26.0,93.0,279.0,0.0,68.0,121.0,64.0,26.0,1.0,77.0,21.0,23.0,33.0,67.0,0.0543071161048689,8598.0,131.0,3147.43,70.65027993991534,9.859303636429841,49.0,117.0,57.0,66.96451663970947,7.504086494445801,266.0,21,10,864,,,,,,6,1,0
p05,2019-12-30,3,3,0,3,7,3,403.0,57.0,94.0,460.0,0.0,74.0,225.0,104.0,57.0,23.0,82.0,21.0,24.0,37.0,73.0,0.0609080841638981,11069.0,113.0,3519.17,72.32292145153882,13.283023794676033,45.0,118.0,54.0,65.55394840240479,7.018831253051758,352.0,13,9,606,1.0,23.883333333333333,140.0,1105.0,97.0,0,0,0
p05,2019-12-31,3,2,0,3,6,3,341.0,49.0,97.0,390.0,0.0,37.0,237.0,67.0,49.0,23.0,73.0,18.0,21.0,34.0,37.0,0.0704225352112676,16043.0,133.0,3808.96,75.66613672496025,13.546521213499553,49.0,127.0,56.0,66.37579727172852,6.863286972045898,242.0,53,63,692,1.0,100.7,706.0,7695.0,97.0,1,0,0
p05,2020-01-01,1,3,0,3,5,3,280.0,44.0,91.0,324.0,0.0,71.0,177.0,32.0,44.0,1.0,59.0,16.0,15.0,28.0,70.0,0.1063174114021571,8504.0,103.0,3316.84,77.42672413793103,9.884206144450614,57.0,124.0,64.0,67.73511028289795,10.331254005432129,274.0,23,7,812,1.0,23.9,163.0,1536.0,97.0,2,0,0
p05,2020-01-01,3,3,0,3,5,3,280.0,44.0,91.0,324.0,0.0,71.0,177.0,32.0,44.0,1.0,59.0,16.0,15.0,28.0,70.0,0.1063174114021571,8504.0,103.0,3316.84,77.42672413793103,9.884206144450614,57.0,124.0,64.0,67.73511028289795,10.331254005432129,274.0,23,7,812,1.0,23.9,163.0,1536.0,97.0,2,0,0
p05,2020-01-03,3,3,5,3,6,3,398.0,65.0,93.0,463.0,0.0,75.0,223.0,100.0,65.0,23.0,80.0,21.0,23.0,36.0,75.0,0.0661521499448732,14771.0,109.0,3786.4,72.40839339688445,12.659981074216864,51.0,122.0,57.0,68.3583459854126,7.1201276779174805,316.0,58,38,565,1.0,91.31666666666666,652.0,6013.0,105.0,4,0,0
p05,2020-01-04,2,3,0,3,4,3,282.0,30.0,96.0,312.0,0.0,32.0,195.0,55.0,30.0,0.0,74.0,18.0,24.0,32.0,32.0,0.0358306188925081,12945.0,106.0,3523.56,68.77805916887303,11.47287091317084,47.0,117.0,55.0,66.66146087646484,6.896200180053711,326.0,31,26,745,2.0,31.583333333333332,246.0,2510.0,101.0,5,1,0
p05,2020-01-05,3,3,0,3,5,2,326.0,63.0,90.0,389.0,0.0,56.0,194.0,76.0,63.0,23.0,70.0,20.0,22.0,28.0,55.0,0.1091142490372272,12778.0,159.0,3467.01,74.70426356589147,23.93192000992517,47.0,164.0,52.0,64.36434078216553,7.651278495788574,251.0,3,37,760,1.0,30.433333333333334,411.0,4591.0,133.0,6,1,0
p05,2020-01-06,3,4,5,4,5,3,385.0,47.0,96.0,432.0,0.0,96.0,226.0,63.0,47.0,23.0,78.0,18.0,24.0,36.0,96.0,0.0566473988439306,23971.0,117.0,4528.58,72.91220257030156,13.891030575048939,46.0,120.0,54.0,63.76220893859863,7.064970970153809,291.0,103,98,516,3.0,178.38333333333333,1297.0,12366.0,97.33333333333333,0,0,0
p05,2020-01-07,3,4,5,4,5,3,357.0,46.0,92.0,403.0,0.0,78.0,171.0,108.0,46.0,0.0,79.0,21.0,23.0,35.0,78.0,0.0842627013630731,20148.0,174.0,4353.21,83.38928983833718,30.688276773980594,49.0,174.0,54.0,64.06209659576416,6.878308296203613,240.0,53,101,643,3.0,123.38333333333334,1305.0,11702.0,114.33333333333333,1,0,0
p05,2020-01-08,3,2,5,2,6,3,,,,,,,,,,,,,,,,,14449.0,114.0,3855.11,75.74977915194346,11.894346573134843,50.0,124.0,57.0,64.33499050140381,10.7749605178833,221.0,79,52,1088,2.0,59.733333333333334,492.0,0.0,103.0,2,0,0
p05,2020-01-09,3,3,5,3,7,3,368.0,38.0,99.0,406.0,0.0,52.0,254.0,62.0,38.0,23.0,79.0,18.0,23.0,38.0,51.0,0.056890012642225,18777.0,115.0,4393.83,71.29549248747914,14.694685090327653,46.0,120.0,52.0,63.49876022338867,7.943341255187988,262.0,87,101,584,2.0,86.2,721.0,3797.0,109.0,3,0,0
p05,2020-01-10,3,3,5,3,5,3,363.0,41.0,95.0,404.0,0.0,25.0,254.0,84.0,41.0,22.0,77.0,19.0,21.0,37.0,25.0,0.0467762326169405,17022.0,115.0,3934.27,68.42812868949233,11.938594419123286,45.0,119.0,54.0,65.38578701019287,7.155132293701172,315.0,48,70,603,3.0,74.23333333333333,664.0,1480.0,110.33333333333333,4,0,0
p05,2020-01-11,3,3,5,3,5,3,326.0,51.0,94.0,377.0,0.0,69.0,167.0,90.0,51.0,0.0,76.0,21.0,24.0,31.0,68.0,0.0675496688741721,14881.0,118.0,3599.03,65.73650483327903,13.982853007290723,44.0,116.0,50.0,63.748558044433594,9.775325775146484,358.0,24,18,663,,,,,,5,1,0
p05,2020-01-12,3,3,5,3,5,3,387.0,57.0,87.0,444.0,0.0,76.0,210.0,101.0,57.0,23.0,79.0,21.0,23.0,35.0,76.0,0.0935738444193912,7931.0,108.0,3019.91,63.3407429509175,12.946748030175886,42.0,108.0,46.0,61.8627815246582,11.47918701171875,256.0,14,11,715,2.0,34.96666666666667,254.0,2313.0,95.5,6,1,0
p05,2020-01-13,2,3,5,2,4,2,329.0,50.0,94.0,379.0,0.0,38.0,197.0,94.0,50.0,23.0,80.0,20.0,25.0,35.0,38.0,0.0255681818181818,15027.0,116.0,3935.71,66.15132308667405,13.553758003395862,42.0,115.0,49.0,61.03990840911865,8.11802864074707,347.0,53,38,623,2.0,50.33333333333333,410.0,3765.0,99.5,0,0,0
p05,2020-01-14,3,2,5,2,7,3,398.0,31.0,97.0,429.0,0.0,78.0,232.0,88.0,31.0,23.0,84.0,21.0,24.0,39.0,78.0,0.0384167636786961,13772.0,115.0,3587.46,68.82402196293754,11.903328784649915,46.0,118.0,52.0,61.76554584503174,7.208195686340332,293.0,24,34,660,2.0,50.349999999999994,361.0,3220.0,96.5,1,0,0
p05,2020-01-15,3,2,5,1,6,3,362.0,34.0,96.0,396.0,0.0,72.0,204.0,86.0,34.0,0.0,83.0,21.0,24.0,38.0,72.0,0.0450928381962864,12578.0,131.0,3548.13,67.54486112888775,16.74917184743174,47.0,136.0,51.0,61.62715530395508,6.924623489379883,285.0,20,39,700,1.0,35.9,411.0,3720.0,122.0,2,0,0
p05,2020-01-17,2,3,5,2,5,2,322.0,35.0,97.0,357.0,0.0,62.0,164.0,96.0,35.0,0.0,78.0,21.0,23.0,34.0,62.0,0.0533707865168539,12373.0,117.0,3903.98,70.54725459907317,14.580541273357245,48.0,123.0,53.0,62.529937744140625,6.802107810974121,306.0,52,34,691,,,,,,4,0,0
p05,2020-01-18,3,3,5,3,7,3,374.0,37.0,98.0,411.0,0.0,40.0,236.0,98.0,37.0,0.0,82.0,21.0,23.0,38.0,40.0,0.055350553505535,10486.0,106.0,3303.04,66.36056568489948,10.643836305529108,49.0,114.0,53.0,63.092610359191895,6.792064666748047,296.0,12,17,704,,,,,,5,1,0
p05,2020-01-19,3,3,5,3,7,3,372.0,47.0,93.0,419.0,0.0,52.0,240.0,80.0,47.0,23.0,78.0,20.0,22.0,36.0,51.0,0.0882002383790226,14659.0,120.0,3788.56,65.38491246138003,12.08022788368263,48.0,124.0,52.0,62.905067443847656,6.7887372970581055,291.0,57,52,621,2.0,58.016666666666666,499.0,4807.0,104.0,6,1,0
p05,2020-01-20,3,3,5,3,5,3,330.0,31.0,96.0,361.0,0.0,71.0,179.0,80.0,31.0,23.0,80.0,21.0,24.0,35.0,71.0,0.0567081604426002,13595.0,111.0,4037.08,71.9634762523459,15.62677311679767,47.0,115.0,53.0,62.79711627960205,6.787633895874023,284.0,70,52,673,3.0,79.35,631.0,2015.0,104.66666666666667,0,0,0
p05,2020-01-21,3,3,5,3,5,3,,,,,,,,,,,,,,,,,12411.0,118.0,3608.2200000000003,69.35988390841663,12.52285598927456,48.0,121.0,53.0,63.092562675476074,10.700296401977539,258.0,34,49,1099,,,,,,1,0,0
p05,2020-01-22,3,3,5,3,5,3,,,,,,,,,,,,,,,,,14971.0,154.0,3889.41,75.12316047652418,13.211986331565663,50.0,131.0,54.0,63.08152770996094,13.828627586364746,288.0,44,60,1048,2.0,54.6,474.0,0.0,109.0,2,0,0
p05,2020-01-23,3,3,5,3,5,3,370.0,23.0,98.0,393.0,0.0,50.0,237.0,83.0,23.0,23.0,83.0,21.0,24.0,38.0,49.0,0.0421994884910485,10476.0,113.0,3266.36,65.06853794794931,10.845545407853406,45.0,115.0,51.0,62.79084587097168,16.199235916137695,270.0,27,11,670,1.0,22.183333333333334,159.0,1274.0,101.0,3,0,0
p05,2020-01-24,3,3,5,3,5,3,398.0,53.0,94.0,451.0,0.0,78.0,240.0,80.0,53.0,23.0,82.0,20.0,23.0,39.0,78.0,0.0485549132947976,17760.0,132.0,4014.59,66.55097087378641,14.417569697505462,45.0,128.0,50.0,62.6686487197876,17.923651695251465,253.0,61,89,586,2.0,77.65,681.0,7285.0,105.0,4,0,0
p05,2020-01-25,3,4,5,4,7,3,326.0,32.0,96.0,358.0,0.0,82.0,161.0,83.0,32.0,23.0,80.0,21.0,24.0,35.0,82.0,0.0576652601969057,16373.0,118.0,3817.2200000000003,71.73270925110133,17.559015043302928,46.0,133.0,52.0,62.06328868865967,19.141043663024902,276.0,36,84,686,2.0,69.3,570.0,5904.0,103.0,5,1,0
p05,2020-01-26,3,3,5,4,7,4,376.0,31.0,97.0,407.0,0.0,54.0,240.0,82.0,31.0,23.0,80.0,20.0,22.0,38.0,53.0,0.0588957055214723,11198.0,109.0,3243.77,63.64431405420508,10.783789911449011,45.0,119.0,51.0,60.88875389099121,21.012544631958008,201.0,39,39,754,1.0,75.95,594.0,5453.0,101.0,6,1,0
p05,2020-01-27,3,3,5,3,7,3,362.0,38.0,96.0,400.0,0.0,78.0,182.0,102.0,38.0,23.0,81.0,21.0,23.0,37.0,78.0,0.0542929292929292,10941.0,112.0,4339.04,69.69568438599741,16.46069909115364,48.0,128.0,53.0,62.72559928894043,9.90658187866211,297.0,107,49,587,1.0,20.483333333333334,157.0,0.0,102.0,0,0,0
p05,2020-01-28,3,3,5,2,6,2,380.0,40.0,96.0,420.0,0.0,98.0,210.0,72.0,40.0,23.0,79.0,20.0,22.0,37.0,98.0,0.0404280618311533,12031.0,121.0,3548.4,66.61456565344854,12.028446125915858,47.0,129.0,53.0,63.85162162780762,7.716974258422852,249.0,35,47,689,1.0,19.633333333333333,172.0,0.0,107.0,1,0,0
p05,2020-01-29,3,3,5,3,6,3,351.0,34.0,96.0,385.0,0.0,67.0,166.0,118.0,34.0,23.0,81.0,21.0,24.0,36.0,66.0,0.064388961892247,11400.0,118.0,3696.45,67.0041577060932,12.607000478272067,46.0,152.0,51.0,62.78622341156006,7.085411071777344,296.0,44,25,690,1.0,17.916666666666668,165.0,0.0,113.0,2,0,0
p05,2020-01-30,3,3,5,3,6,3,,,,,,,,,,,,,,,,,19763.0,115.0,4144.36,69.53236627379873,15.90251274517548,46.0,121.0,51.0,0.0,0.0,278.0,58,91,1013,,,,,,3,0,0
p05,2020-01-31,3,3,5,3,7,3,,,,,,,,,,,,,,,,,14158.0,120.0,3689.9,76.16056275122823,8.340336568021247,54.0,120.0,63.0,63.40362739562988,11.785239219665527,300.0,47,39,1054,1.0,26.466666666666665,195.0,0.0,104.0,4,0,0
p05,2020-02-01,3,3,5,3,6,3,,,,,,,,,,,,,,,,,9115.0,107.0,3077.12,67.72400798049213,10.718572335593992,49.0,111.0,56.0,63.47901439666748,14.663434982299805,247.0,23,12,1158,1.0,35.833333333333336,243.0,2278.0,96.0,5,1,0
p05,2020-02-02,3,4,5,3,7,3,442.0,29.0,100.0,471.0,0.0,115.0,218.0,109.0,29.0,22.0,92.0,23.0,22.0,47.0,115.0,0.0424178154825026,12442.0,173.0,3410.48,65.6077922077922,13.849152460911323,47.0,182.0,53.0,63.68655014038086,8.821779251098633,314.0,8,35,612,,,,,,6,1,0
p05,2020-02-03,3,3,5,3,5,2,271.0,20.0,99.0,291.0,0.0,27.0,158.0,86.0,20.0,0.0,82.0,20.0,24.0,38.0,27.0,0.0373001776198934,12086.0,108.0,3808.15,69.44888750583476,16.22473836477961,45.0,125.0,50.0,61.53118324279785,7.4156694412231445,273.0,51,40,785,1.0,43.516666666666666,349.0,0.0,101.0,0,0,0
p05,2020-02-04,3,3,5,3,7,3,464.0,55.0,99.0,519.0,0.0,85.0,280.0,99.0,55.0,22.0,91.0,21.0,23.0,47.0,85.0,0.0391173520561685,11657.0,137.0,3542.6800000000003,65.241384995878,13.32967291944995,46.0,137.0,52.0,62.020291328430176,6.9908857345581055,231.0,44,52,594,3.0,72.55,639.0,1860.0,109.0,1,0,0
p05,2020-02-05,3,3,5,3,7,3,393.0,45.0,99.0,438.0,0.0,80.0,234.0,79.0,45.0,23.0,85.0,20.0,23.0,42.0,80.0,0.0468571428571428,13709.0,131.0,3592.87,67.81363509360156,12.385269983460443,46.0,117.0,52.0,62.29030704498291,6.854165077209473,297.0,40,32,633,2.0,39.25,267.0,0.0,92.5,2,0,0
p05,2020-02-06,3,4,4,3,6,3,269.0,27.0,98.0,296.0,0.0,54.0,133.0,82.0,27.0,0.0,79.0,21.0,22.0,36.0,54.0,0.0758853288364249,10270.0,116.0,3238.42,66.14536636518548,11.35879653014074,47.0,127.0,53.0,62.956387519836426,6.809273719787598,270.0,16,21,837,1.0,15.35,74.0,0.0,101.0,3,0,0
p05,2020-02-08,3,4,5,4,6,3,,,,,,,,,,,,,,,,,,,1944.0000000000002,70.02193419740777,11.197912797310977,51.0,112.0,54.0,0.0,0.0,0.0,0,0,1440,,,,,,5,1,0
p05,2020-02-09,2,4,3,4,6,3,,,,,,,,,,,,,,,,,720.0,82.0,2046.7400000000002,67.48467411751687,9.857175764439237,51.0,107.0,55.0,60.21682548522949,12.364177703857422,14.0,9,1,1416,,,,,,6,1,0
p05,2020-02-11,3,4,5,3,7,3,,,,,,,,,,,,,,,,,12291.0,120.0,3779.1,71.45384182381086,14.43512683408589,47.0,119.0,54.0,58.86735725402832,17.133947372436523,255.0,50,43,1092,,,,,,1,0,0
p05,2020-02-12,3,4,5,4,6,3,,,,,,,,,,,,,,,,,12584.0,119.0,3553.85,69.92160232681121,9.686167008040696,49.0,125.0,55.0,58.24767017364502,18.587306022644043,246.0,10,48,1136,,,,,,2,0,0
p05,2020-02-14,3,3,5,3,5,2,,,,,,,,,,,,,,,,,10930.0,111.0,3533.57,71.09852609215244,11.038294405316183,50.0,114.0,55.0,58.788841247558594,21.643427848815918,331.0,20,9,1080,,,,,,4,0,0
p05,2020-02-15,3,3,5,3,5,2,313.0,32.0,94.0,345.0,0.0,43.0,181.0,89.0,32.0,0.0,78.0,21.0,19.0,38.0,43.0,0.0764617691154422,15625.0,125.0,3604.55,67.87832699619771,10.62881687033408,46.0,115.0,54.0,59.977166175842285,9.996729850769043,239.0,48,52,756,3.0,80.21666666666667,649.0,6397.0,102.0,5,1,0
p05,2020-02-16,3,3,5,3,5,3,300.0,18.0,100.0,318.0,0.0,60.0,148.0,92.0,18.0,0.0,78.0,21.0,19.0,38.0,60.0,0.0580847723704866,11345.0,112.0,3640.51,69.28543465745538,12.812412867143344,47.0,112.0,53.0,60.60155963897705,7.741064071655273,308.0,43,18,753,,,,,,6,1,0
p05,2020-02-17,3,4,5,4,7,3,398.0,30.0,97.0,428.0,0.0,99.0,175.0,124.0,30.0,23.0,85.0,22.0,20.0,43.0,99.0,0.0501750291715285,12981.0,116.0,3654.88,69.8089928057554,12.079813747431363,47.0,143.0,54.0,61.06563091278076,7.092883110046387,251.0,58,43,660,2.0,37.53333333333333,248.0,0.0,89.5,0,0,0
p05,2020-02-19,3,4,5,4,7,3,389.0,48.0,97.0,437.0,0.0,91.0,211.0,87.0,48.0,23.0,83.0,21.0,20.0,42.0,91.0,0.0394889663182346,12941.0,119.0,3907.16,68.38754227733935,10.895611149299798,49.0,131.0,55.0,62.82973098754883,6.820217132568359,284.0,42,54,623,3.0,57.15,496.0,1357.0,106.0,2,0,0
p05,2020-02-21,2,4,5,4,5,2,,,,,,,,,,,,,,,,,13.0,7.0,1935.2900000000002,62.11607142857143,2.9370130555626885,58.0,72.0,58.0,0.0,0.0,2.0,0,0,1438,,,,,,4,0,0
p05,2020-02-22,3,4,5,4,5,3,,,,,,,,,,,,,,,,,,,1929.6000000000001,,,,,,0.0,0.0,0.0,0,0,1440,,,,,,5,1,0
p05,2020-02-23,4,4,5,4,8,4,,,,,,,,,,,,,,,,,,,1929.6000000000001,,,,,,0.0,0.0,0.0,0,0,1440,,,,,,6,1,1
p05,2020-02-25,3,4,5,4,5,3,,,,,,,,,,,,,,,,,,,1929.6000000000001,,,,,,0.0,0.0,0.0,0,0,1440,,,,,,1,0,0
p05,2020-02-27,2,3,5,2,6,3,,,,,,,,,,,,,,,,,,,1929.6000000000001,,,,,,0.0,0.0,0.0,0,0,1440,,,,,,3,0,0
p05,2020-02-28,3,3,5,3,6,3,,,,,,,,,,,,,,,,,1046.0,91.0,2078.9100000000003,70.18444444444444,6.406978104696638,56.0,92.0,62.0,63.1871223449707,16.176603317260742,28.0,0,0,1412,,,,,,4,0,0
p05,2020-02-29,3,2,4,2,5,2,,,,,,,,,,,,,,,,,7713.0,136.0,2743.9700000000003,62.69004400440044,7.967638804163126,48.0,110.0,52.0,62.13877582550049,18.760130882263184,101.0,22,37,1280,,,,,,5,1,0
p05,2020-03-01,3,2,5,3,6,3,,,,,,,,,,,,,,,,,12635.0,118.0,3730.63,67.04302959501558,12.38642258882987,47.0,126.0,53.0,61.001254081726074,20.439281463623047,279.0,61,35,1065,,,,,,6,1,0
p05,2020-03-03,3,4,5,3,5,3,,,,,,,,,,,,,,,,,11973.0,122.0,3688.06,66.0,12.869733922023263,45.0,131.0,50.0,58.52737236022949,22.770315170288086,283.0,23,49,1085,,,,,,1,0,0
p05,2020-03-04,3,3,5,3,5,3,,,,,,,,,,,,,,,,,12980.0,114.0,4393.64,74.48856940843743,18.525503882766593,48.0,154.0,52.0,57.45971870422363,22.406270027160645,261.0,93,79,1007,,,,,,2,0,0
p05,2020-03-05,3,3,5,3,5,3,68.0,7.0,91.0,75.0,0.0,,,,,19.0,,,,,,,2620.0,91.0,3977.3,88.87504010266282,12.624973889284414,61.0,200.0,68.0,62.288082122802734,23.784857749938965,206.0,125,32,1002,,,,,,3,0,0
p05,2020-03-06,3,3,5,3,6,3,334.0,50.0,88.0,384.0,0.0,29.0,290.0,15.0,50.0,23.0,62.0,13.0,12.0,37.0,28.0,0.0886571056062581,3420.0,87.0,2927.89,84.99501594896331,6.0447793184465315,68.0,105.0,75.0,68.72824573516846,21.168282508850098,147.0,10,5,749,,,,,,4,0,0
p05,2020-03-07,3,3,5,3,4,3,341.0,46.0,93.0,387.0,0.0,16.0,235.0,90.0,46.0,0.0,72.0,19.0,14.0,39.0,15.0,0.0980132450331125,9152.0,104.0,3278.48,73.03263871453679,6.73069829883437,55.0,109.0,62.0,70.60227394104004,9.929085731506348,164.0,79,23,787,2.0,45.233333333333334,361.0,3209.0,101.5,5,1,0
p05,2020-03-08,3,3,5,3,5,3,335.0,32.0,96.0,367.0,0.0,80.0,191.0,64.0,32.0,0.0,79.0,19.0,21.0,39.0,80.0,0.0906593406593406,8854.0,111.0,3442.77,70.5711570945946,10.487323469311535,51.0,103.0,57.0,69.26507663726807,7.723001480102539,282.0,21,17,753,1.0,16.216666666666665,132.0,1258.0,104.0,6,1,0
p05,2020-03-09,3,3,5,3,6,3,460.0,44.0,98.0,504.0,0.0,89.0,293.0,78.0,44.0,22.0,86.0,18.0,22.0,46.0,89.0,0.0693756194251734,9613.0,130.0,3359.19,67.73989996152366,10.568325437322535,46.0,94.0,54.0,67.00703525543213,7.087282180786133,248.0,39,19,533,,,,,,0,0,0
p05,2020-03-10,3,3,5,3,7,3,421.0,40.0,96.0,461.0,0.0,53.0,268.0,100.0,40.0,23.0,90.0,21.0,23.0,46.0,53.0,0.0628385698808234,6039.0,111.0,3149.88,71.38978945407118,11.596976102693448,49.0,114.0,58.0,68.10938930511475,6.885554313659668,168.0,41,14,674,,,,,,1,0,0
p05,2020-03-11,3,3,5,3,7,3,338.0,54.0,93.0,392.0,0.0,36.0,258.0,44.0,54.0,23.0,75.0,16.0,22.0,37.0,35.0,0.0751592356687898,6436.0,105.0,3219.64,69.86825232678387,10.359957970684945,51.0,129.0,56.0,67.82508182525635,6.819619178771973,228.0,16,18,786,,,,,,2,0,0
p05,2020-03-12,3,3,5,3,7,3,347.0,43.0,97.0,390.0,0.0,52.0,241.0,54.0,43.0,23.0,79.0,17.0,24.0,38.0,52.0,0.0358514724711907,11886.0,125.0,3406.64,67.17636761487965,10.891492597872046,48.0,101.0,53.0,66.65039348602295,6.797860145568848,272.0,20,30,728,2.0,34.15,303.0,2841.0,106.5,3,0,0
p05,2020-03-13,3,3,5,3,8,3,381.0,41.0,97.0,422.0,0.0,53.0,235.0,93.0,41.0,22.0,86.0,21.0,22.0,43.0,52.0,0.0463980463980464,11685.0,115.0,3359.94,68.00589702880471,9.116729485167857,52.0,121.0,58.0,67.82037830352783,6.790657997131348,193.0,62,32,731,1.0,39.25,307.0,2794.0,98.0,4,0,0
p05,2020-03-15,3,2,5,3,7,3,353.0,36.0,98.0,389.0,0.0,66.0,235.0,52.0,36.0,23.0,71.0,17.0,14.0,40.0,66.0,0.0449293966623876,8842.0,110.0,3317.2200000000003,76.871875,9.114193494276547,53.0,115.0,60.0,70.03718948364258,10.27431583404541,198.0,45,22,786,,,,,,6,1,0
p05,2020-03-16,3,3,5,3,7,3,374.0,39.0,99.0,413.0,0.0,46.0,253.0,75.0,39.0,23.0,85.0,19.0,24.0,42.0,45.0,0.053204353083434,11481.0,113.0,3393.2200000000003,72.0364949258392,12.759017933965321,49.0,110.0,56.0,68.72815799713135,7.814369201660156,214.0,39,28,746,1.0,67.41666666666667,483.0,4951.0,97.0,0,0,0
p05,2020-03-17,3,3,5,3,7,3,404.0,39.0,97.0,443.0,0.0,71.0,231.0,102.0,39.0,22.0,87.0,21.0,23.0,43.0,70.0,0.0624277456647398,14018.0,114.0,3522.92,68.86842105263158,10.20233857700364,52.0,139.0,58.0,69.10796165466309,7.115543365478516,191.0,44,63,699,1.0,85.33333333333333,717.0,7454.0,105.0,1,0,0
p05,2020-03-18,3,2,5,2,6,3,360.0,35.0,99.0,395.0,0.0,72.0,208.0,80.0,35.0,22.0,89.0,21.0,25.0,43.0,72.0,0.0275229357798165,16775.0,118.0,3665.71,68.87854151268786,8.15273013269167,52.0,110.0,58.0,69.1693000793457,6.894715309143066,240.0,67,63,675,1.0,117.76666666666667,918.0,9751.0,101.0,2,0,0
p05,2020-03-19,3,2,5,2,6,3,361.0,36.0,97.0,397.0,0.0,88.0,206.0,67.0,36.0,23.0,86.0,19.0,24.0,43.0,88.0,0.0430247718383311,7887.0,117.0,3018.96,64.86984622242032,8.421306944531288,49.0,105.0,54.0,69.06055068969727,10.788459777832031,266.0,6,6,765,,,,,,3,0,0
p05,2020-03-20,3,3,5,3,7,3,397.0,41.0,95.0,438.0,0.0,75.0,232.0,90.0,41.0,23.0,87.0,21.0,24.0,42.0,74.0,0.068649885583524,8825.0,99.0,3134.23,67.18190386427898,10.073493431145124,49.0,109.0,54.0,68.82567310333252,13.896978378295898,267.0,14,7,714,,,,,,4,0,0
p05,2020-03-21,3,3,5,2,5,3,355.0,35.0,97.0,390.0,0.0,97.0,186.0,72.0,35.0,23.0,84.0,21.0,23.0,40.0,96.0,0.0580645161290322,8003.0,116.0,2942.29,67.64905933429812,8.241593023711665,50.0,99.0,58.0,69.48323631286621,8.6641206741333,183.0,49,13,805,2.0,35.0,240.0,2203.0,96.5,5,1,0
p05,2020-03-22,3,3,4,2,7,3,396.0,27.0,100.0,423.0,0.0,87.0,218.0,91.0,27.0,23.0,89.0,22.0,24.0,43.0,87.0,0.0390995260663507,14280.0,118.0,3430.16,67.58405863490609,12.159842745571158,49.0,123.0,54.0,68.78576374053955,12.513562202453613,221.0,36,50,710,2.0,82.76666666666667,690.0,7689.0,106.0,6,1,0
p05,2020-03-23,3,2,5,2,7,3,415.0,47.0,98.0,462.0,0.0,94.0,240.0,81.0,47.0,22.0,86.0,20.0,23.0,43.0,94.0,0.0566666666666666,8133.0,116.0,3028.71,65.78322216521293,9.65639897914565,48.0,100.0,53.0,68.55151653289795,15.216231346130371,241.0,11,14,712,1.0,23.883333333333333,181.0,1635.0,104.0,0,0,0
p05,2020-03-24,3,2,5,1,7,3,353.0,54.0,96.0,407.0,0.0,59.0,231.0,63.0,54.0,23.0,78.0,18.0,22.0,38.0,59.0,0.0773006134969325,6293.0,119.0,3001.23,69.96333911320288,10.503085749192762,51.0,121.0,55.0,67.5820369720459,8.93134593963623,206.0,22,8,797,1.0,20.483333333333334,148.0,1362.0,103.0,1,0,0
p05,2020-03-25,3,3,5,3,7,3,433.0,37.0,96.0,470.0,0.0,79.0,260.0,94.0,37.0,23.0,89.0,21.0,22.0,46.0,79.0,0.064034151547492,4948.0,103.0,2913.48,72.11615605025347,12.412869041791192,52.0,109.0,57.0,68.09060859680176,7.4470930099487305,180.0,7,4,779,,,,,,2,0,0
p05,2020-03-27,3,3,4,2,7,3,424.0,47.0,99.0,471.0,0.0,88.0,227.0,109.0,47.0,22.0,91.0,22.0,23.0,46.0,88.0,0.0442286947141316,7652.0,104.0,3121.12,70.20621341737956,10.45888260232783,50.0,107.0,56.0,68.48697757720947,6.857416152954102,236.0,23,8,702,,,,,,4,0,0
p05,2020-03-28,3,2,5,2,5,3,382.0,26.0,98.0,408.0,0.0,80.0,222.0,80.0,26.0,23.0,87.0,21.0,22.0,44.0,79.0,0.0435865504358655,11424.0,119.0,3493.4700000000003,69.20865649236927,11.052065113118257,47.0,110.0,55.0,67.54122543334961,6.810345649719238,232.0,40,47,713,2.0,44.38333333333334,362.0,3503.0,106.0,5,1,0
p05,2020-03-29,3,2,5,2,7,3,285.0,39.0,99.0,384.0,0.0,25.0,199.0,61.0,39.0,23.0,75.0,16.0,23.0,36.0,25.0,0.0529801324503311,9037.0,112.0,3033.69,66.69831868551776,8.71699387789356,49.0,106.0,55.0,66.99927043914795,6.794792175292969,171.0,29,31,885,1.0,53.75,429.0,4473.0,100.0,6,1,0
p05,2020-03-30,3,2,4,2,7,2,476.0,49.0,96.0,525.0,0.0,63.0,288.0,125.0,49.0,21.0,88.0,21.0,21.0,46.0,62.0,0.077069457659372,5516.0,106.0,2843.79,68.25255338904364,10.828791620955606,45.0,101.0,51.0,64.64263343811035,6.789641380310059,194.0,8,5,708,,,,,,0,0,0
p06,2019-11-02,3,4,6,4,7,4,483.0,47.0,98.0,530.0,0.0,110.0,282.0,91.0,47.0,23.0,,,,,,,21036.0,182.0,3958.01,66.54186672912519,33.185491624713045,40.0,180.0,43.0,47.23106288909912,100.0,245.0,27,94,544,3.0,78.5,1025.0,10126.0,108.33333333333333,5,1,0
p06,2019-11-03,2,3,4,4,5,3,325.0,38.0,95.0,363.0,0.0,65.0,219.0,41.0,38.0,1.0,69.0,17.0,17.0,35.0,65.0,0.0671328671328671,5840.0,128.0,2889.51,54.23419473927088,8.338936051355217,41.0,130.0,45.0,49.921600341796875,13.884297370910645,204.0,24,29,820,1.0,17.066666666666666,142.0,1095.0,99.0,6,1,0
p06,2019-11-04,3,4,8,2,6,4,391.0,38.0,97.0,429.0,0.0,76.0,263.0,52.0,38.0,23.0,74.0,17.0,18.0,39.0,76.0,0.0571761960326721,16483.0,179.0,3953.53,69.93315109343936,32.6346367340255,42.0,186.0,47.0,50.76784896850586,8.661454200744629,319.0,26,61,605,2.0,60.71666666666667,859.0,6769.0,131.5,0,0,0
p06,2019-11-05,3,4,8,4,6,4,394.0,29.0,98.0,423.0,0.0,48.0,267.0,79.0,29.0,22.0,80.0,21.0,19.0,40.0,48.0,0.0417661097852028,22329.0,178.0,5016.25,71.20583801562286,40.90269601836514,41.0,197.0,45.0,50.70145034790039,7.369269371032715,280.0,89,146,502,2.0,62.516666666666666,920.0,7385.0,132.5,1,0,0
p06,2019-11-06,3,4,5,3,7,4,423.0,42.0,97.0,465.0,0.0,61.0,315.0,47.0,42.0,22.0,83.0,17.0,23.0,43.0,61.0,0.0353200883002207,13092.0,111.0,3698.86,55.62953275472596,11.79883720294944,41.0,137.0,43.0,49.689300537109375,6.9761505126953125,381.0,59,37,498,2.0,44.38333333333334,383.0,0.0,105.5,2,0,0
p06,2019-11-07,4,4,7,4,7,4,379.0,38.0,99.0,417.0,0.0,113.0,203.0,63.0,38.0,23.0,83.0,21.0,23.0,39.0,113.0,0.042997542997543,17737.0,112.0,4159.57,54.61426058720065,10.671482979239475,40.0,120.0,42.0,48.1356897354126,6.849348068237305,434.0,82,39,468,2.0,41.833333333333336,232.0,0.0,85.0,3,0,1
p06,2019-11-08,3,4,8,2,6,2,372.0,36.0,98.0,408.0,0.0,70.0,232.0,70.0,36.0,23.0,75.0,20.0,17.0,38.0,70.0,0.0585305105853051,18728.0,120.0,4382.46,58.357040845472724,11.949373028206185,40.0,144.0,46.0,49.119004249572754,6.807683944702148,429.0,64,83,456,2.0,43.53333333333333,278.0,0.0,95.0,4,0,0
p06,2019-11-09,2,3,4,2,5,2,337.0,32.0,97.0,369.0,0.0,94.0,184.0,59.0,32.0,23.0,79.0,20.0,23.0,36.0,94.0,0.0554803788903924,6732.0,117.0,2745.14,54.7264351523742,7.728518415998425,41.0,104.0,45.0,48.751461029052734,6.793910980224609,249.0,0,0,720,,,,,,5,1,0
p06,2019-11-10,2,4,8,4,5,2,157.0,9.0,95.0,175.0,0.0,,,,,22.0,,,,,,,6761.0,115.0,2760.74,54.894595501846254,8.036696198292832,40.0,88.0,45.0,49.140607833862305,6.789348602294922,265.0,0,0,943,,,,,,6,1,0
p06,2019-11-11,3,4,8,4,6,3,487.0,105.0,90.0,592.0,0.0,119.0,291.0,77.0,105.0,19.0,82.0,19.0,21.0,42.0,119.0,0.1037974683544303,13981.0,171.0,3510.7599999999998,61.06443245486616,26.4916263413158,40.0,157.0,43.0,48.44235897064209,6.787837028503418,289.0,1,50,508,1.0,30.033333333333335,476.0,5013.0,147.0,0,0,0
p06,2019-11-12,3,4,7,4,7,4,407.0,45.0,98.0,452.0,0.0,95.0,208.0,104.0,45.0,21.0,79.0,22.0,18.0,39.0,95.0,0.0625698324022346,17504.0,174.0,3716.62,63.90796645702306,25.510251911110686,41.0,157.0,46.0,49.366766929626465,6.787335395812988,312.0,19,54,603,1.0,32.3,500.0,5417.0,142.0,1,0,0
p06,2019-11-13,3,3,7,4,7,4,458.0,35.0,100.0,493.0,0.0,79.0,258.0,121.0,35.0,20.0,84.0,21.0,20.0,43.0,78.0,0.0539714867617108,15675.0,185.0,3757.89,63.79940183721427,28.552710327184794,40.0,171.0,45.0,49.37032604217529,6.787169456481934,282.0,23,62,580,1.0,35.31666666666667,554.0,5467.0,143.0,2,0,0
p06,2019-11-14,2,3,5,3,5,3,339.0,28.0,99.0,367.0,0.0,68.0,196.0,75.0,28.0,21.0,74.0,21.0,17.0,36.0,68.0,0.0530612244897959,19704.0,165.0,3768.05,65.38081036610448,25.133404957572296,36.0,155.0,45.0,48.758840560913086,6.787114143371582,292.0,25,71,613,1.0,56.733333333333334,678.0,8042.0,123.0,3,0,0
p06,2019-11-15,2,3,7,3,6,4,398.0,41.0,97.0,439.0,0.0,88.0,197.0,113.0,41.0,22.0,82.0,22.0,20.0,40.0,88.0,0.0457209847596717,10308.0,115.0,3179.77,54.07096202811912,8.230847224294108,40.0,118.0,44.0,48.40552234649658,6.78709602355957,334.0,7,4,656,,,,,,4,0,0
p06,2019-11-16,3,4,6,4,6,2,371.0,60.0,94.0,431.0,0.0,74.0,220.0,77.0,60.0,23.0,77.0,21.0,19.0,37.0,73.0,0.067065868263473,20966.0,172.0,3824.98,65.69268650461022,27.283941432229625,40.0,153.0,44.0,48.43335723876953,6.787090301513672,230.0,32,78,669,1.0,46.06666666666667,676.0,7465.0,135.0,5,1,0
p06,2019-11-17,3,4,5,4,7,2,511.0,125.0,92.0,636.0,0.0,110.0,350.0,51.0,125.0,21.0,77.0,17.0,19.0,41.0,110.0,0.123719464144996,11738.0,182.0,3337.01,60.8995797389958,26.991977363410015,39.0,164.0,42.0,47.73354721069336,6.787088394165039,232.0,8,50,514,1.0,35.96666666666667,520.0,5442.0,133.0,6,1,0
p06,2019-11-18,3,4,6,4,7,4,423.0,47.0,99.0,470.0,0.0,79.0,282.0,62.0,47.0,22.0,79.0,18.0,19.0,42.0,79.0,0.0425985090521831,17916.0,174.0,3884.51,63.80427298501417,22.185164753895123,39.0,145.0,44.0,47.80309867858887,6.787087440490723,316.0,15,72,567,2.0,60.9,717.0,8318.0,111.5,0,0,0
p06,2019-11-19,3,4,3,4,7,3,433.0,77.0,94.0,510.0,0.0,73.0,299.0,61.0,77.0,22.0,76.0,17.0,20.0,39.0,73.0,0.0714985308521057,9460.0,116.0,2889.4,53.22559606543355,8.563567419257957,37.0,106.0,42.0,47.421058654785156,6.787087440490723,296.0,0,0,634,,,,,,1,0,0
p06,2019-11-20,3,4,6,4,6,4,364.0,54.0,98.0,418.0,0.0,71.0,242.0,51.0,54.0,0.0,67.0,17.0,14.0,36.0,71.0,0.056152927120669,16304.0,171.0,3853.1,66.48118166526493,26.917176580591995,42.0,169.0,48.0,49.95540523529053,6.787087440490723,287.0,49,51,635,1.0,40.13333333333333,613.0,6626.0,142.0,2,0,0
p06,2019-11-21,3,4,4,4,7,4,436.0,40.0,98.0,476.0,0.0,89.0,252.0,95.0,40.0,23.0,86.0,22.0,21.0,43.0,89.0,0.0455991516436903,8133.0,102.0,2817.73,52.55075053609721,8.183328350632868,40.0,96.0,43.0,49.05532264709473,6.787087440490723,231.0,24,3,706,,,,,,3,0,0
p06,2019-11-22,3,5,5,3,7,4,427.0,53.0,98.0,480.0,0.0,46.0,279.0,102.0,53.0,23.0,84.0,21.0,21.0,42.0,46.0,0.0530697190426638,7391.0,115.0,2586.83,54.39728446848438,8.134150490060911,40.0,105.0,44.0,49.120118141174316,6.787087440490723,189.0,7,2,762,,,,,,4,0,0
p06,2019-11-23,1,3,3,2,3,2,166.0,26.0,94.0,192.0,0.0,22.0,123.0,21.0,26.0,9.0,66.0,15.0,22.0,29.0,21.0,0.0783783783783783,6690.0,116.0,2831.28,55.36746170254024,7.365361656219262,40.0,111.0,43.0,47.8447847366333,6.787087440490723,263.0,0,0,985,,,,,,5,1,0
p06,2019-11-24,2,3,7,2,8,2,305.0,45.0,96.0,350.0,0.0,34.0,225.0,46.0,45.0,5.0,62.0,20.0,14.0,28.0,41.0,0.0551724137931034,14428.0,173.0,3390.58,63.97510641042177,28.960433034933168,41.0,175.0,45.0,48.90261650085449,6.787087440490723,138.0,18,83,634,3.0,82.58333333333334,1015.0,10877.0,119.33333333333333,6,1,0
p06,2019-11-25,1,4,3,2,2,3,92.0,0.0,100.0,92.0,0.0,,,,,0.0,,,,,,,9446.0,118.0,3304.03,56.88283157038242,10.39382365241806,37.0,140.0,46.0,50.71913146972656,6.787087440490723,312.0,27,35,899,2.0,40.95,319.0,0.0,99.0,0,0,0
p06,2019-11-26,1,4,4,2,3,3,168.0,29.0,95.0,197.0,0.0,19.0,129.0,20.0,29.0,21.0,65.0,15.0,15.0,35.0,19.0,0.0569800569800569,14819.0,113.0,3531.48,55.722549160327254,9.1272521007764,41.0,104.0,44.0,51.827260971069336,6.787087440490723,493.0,0,0,655,,,,,,1,0,0
p06,2019-11-27,2,4,4,2,4,2,256.0,36.0,100.0,292.0,0.0,32.0,199.0,25.0,36.0,2.0,67.0,15.0,25.0,27.0,31.0,0.0153846153846153,11558.0,125.0,3325.56,55.624202162302986,8.66813917116914,42.0,100.0,46.0,51.0802583694458,6.787087440490723,382.0,24,6,736,,,,,,2,0,0
p06,2019-11-28,3,4,6,2,7,4,433.0,49.0,97.0,482.0,0.0,109.0,231.0,93.0,49.0,21.0,88.0,22.0,24.0,42.0,109.0,0.0323928944618599,14498.0,113.0,3870.88,56.3714089347079,10.83050136593692,39.0,155.0,44.0,49.935075759887695,6.787087440490723,383.0,52,40,483,2.0,44.38333333333333,323.0,0.0,102.0,3,0,0
p06,2019-11-29,2,4,5,2,4,3,227.0,53.0,96.0,280.0,0.0,37.0,154.0,36.0,53.0,1.0,71.0,18.0,22.0,31.0,36.0,0.0266940451745379,18461.0,147.0,4222.12,57.7328727691422,11.56393167940414,41.0,135.0,44.0,49.34235763549805,6.787087440490723,389.0,47,71,653,,,,,,4,0,0
p06,2019-11-30,3,4,6,4,7,4,442.0,40.0,100.0,482.0,0.0,57.0,239.0,146.0,40.0,0.0,87.0,20.0,25.0,42.0,56.0,0.0219206680584551,12564.0,183.0,3396.25,61.33217035611165,25.915200692988318,41.0,173.0,44.0,49.17588520050049,6.787087440490723,286.0,0,28,644,1.0,16.166666666666668,240.0,2291.0,147.0,5,1,0
p06,2019-12-01,3,4,6,2,7,4,439.0,43.0,98.0,482.0,0.0,101.0,214.0,124.0,43.0,0.0,87.0,22.0,23.0,42.0,100.0,0.0393782383419689,10273.0,182.0,3471.37,64.26684991753712,28.708095660637593,39.0,181.0,43.0,48.77186584472656,6.787087440490723,256.0,15,50,637,1.0,24.65,412.0,4078.0,162.0,6,1,0
p06,2019-12-02,2,4,4,3,5,3,323.0,38.0,97.0,361.0,0.0,47.0,226.0,50.0,38.0,0.0,71.0,18.0,18.0,35.0,47.0,0.062586926286509,16083.0,143.0,3745.61,55.23365807668133,12.945524411965598,39.0,146.0,45.0,49.75484848022461,6.787087440490723,418.0,16,28,617,,,,,,0,0,0
p06,2019-12-03,3,4,5,3,6,4,329.0,43.0,97.0,372.0,0.0,32.0,213.0,84.0,43.0,23.0,78.0,20.0,23.0,35.0,32.0,0.0628415300546448,17480.0,136.0,3834.29,52.15875370919881,9.993948046500384,39.0,139.0,43.0,49.296552658081055,6.787087440490723,324.0,53,72,619,,,,,,1,0,0
p06,2019-12-04,2,3,7,3,5,2,313.0,51.0,97.0,364.0,0.0,48.0,217.0,48.0,51.0,0.0,73.0,17.0,23.0,33.0,48.0,0.0587412587412587,15580.0,171.0,3571.48,61.00852023555945,27.199318647997153,39.0,166.0,43.0,47.86725616455078,6.787087440490723,303.0,12,59,702,1.0,30.416666666666668,458.0,4955.0,141.0,2,0,0
p06,2019-12-05,3,4,6,3,6,4,376.0,43.0,96.0,419.0,0.0,73.0,258.0,45.0,43.0,23.0,72.0,17.0,17.0,38.0,72.0,0.0689238210399032,16724.0,140.0,3871.16,55.11471833696908,11.379025348904442,39.0,149.0,43.0,49.63007926940918,6.787087440490723,342.0,50,64,565,,,,,,3,0,0
p06,2019-12-06,3,4,7,3,6,3,392.0,27.0,99.0,419.0,0.0,86.0,235.0,71.0,27.0,23.0,84.0,20.0,24.0,40.0,85.0,0.0312876052948255,15567.0,154.0,3808.6,57.12315204123152,15.654686353352293,40.0,167.0,44.0,48.60337257385254,6.787087440490723,313.0,67,58,583,,,,,,4,0,0
p06,2019-12-07,3,4,7,2,7,4,462.0,54.0,96.0,516.0,0.0,106.0,217.0,139.0,54.0,0.0,83.0,22.0,19.0,42.0,106.0,0.0698131760078662,5831.0,117.0,2710.9,53.47262180974478,7.514911801141923,40.0,113.0,44.0,48.88244342803955,6.787087440490723,233.0,7,6,678,,,,,,5,1,0
p06,2019-12-08,3,4,7,2,6,4,369.0,44.0,99.0,413.0,0.0,67.0,255.0,47.0,44.0,0.0,75.0,17.0,21.0,37.0,67.0,0.0415647921760391,11579.0,184.0,3328.77,67.0659290521273,28.621085590595477,40.0,173.0,45.0,49.228132247924805,6.787087440490723,231.0,1,46,749,,,,,,6,1,0
p06,2019-12-09,3,4,6,3,5,3,317.0,40.0,99.0,357.0,0.0,76.0,210.0,31.0,40.0,23.0,70.0,16.0,20.0,34.0,76.0,0.047008547008547,22656.0,175.0,4329.87,69.44331153718275,30.889629742910362,42.0,181.0,47.0,49.52094745635986,6.787087440490723,447.0,13,57,566,1.0,40.35,638.0,6495.0,150.0,0,0,0
p06,2019-12-10,3,4,4,2,6,4,358.0,31.0,97.0,389.0,0.0,96.0,172.0,90.0,31.0,23.0,83.0,22.0,23.0,38.0,96.0,0.0328515111695138,19470.0,145.0,4251.08,59.03048780487805,15.25119507976343,38.0,147.0,46.0,50.279911041259766,6.787087440490723,347.0,98,65,541,,,,,,1,0,0
p06,2019-12-11,2,4,6,2,5,2,321.0,45.0,97.0,366.0,0.0,67.0,212.0,42.0,45.0,23.0,73.0,17.0,23.0,33.0,67.0,0.0504774897680764,18762.0,136.0,3967.72,59.136375223043586,12.682805182321232,42.0,143.0,46.0,50.82588863372803,6.787087440490723,423.0,54,32,565,,,,,,2,0,0
p06,2019-12-12,2,4,6,2,6,3,362.0,44.0,98.0,406.0,0.0,64.0,244.0,54.0,44.0,23.0,78.0,18.0,23.0,37.0,64.0,0.0547945205479452,18545.0,134.0,4108.95,54.282485875706215,10.0914721761474,42.0,169.0,45.0,50.99330234527588,6.787087440490723,325.0,99,67,543,,,,,,3,0,0
p06,2019-12-13,3,4,7,2,6,3,352.0,34.0,99.0,386.0,0.0,96.0,210.0,46.0,34.0,23.0,77.0,18.0,22.0,37.0,96.0,0.0491591203104786,20325.0,133.0,4225.77,55.158840579710144,10.085415113805544,41.0,130.0,43.0,49.672696113586426,6.787087440490723,378.0,72,69,535,,,,,,4,0,0
p06,2019-12-14,3,4,7,2,6,4,365.0,36.0,98.0,401.0,0.0,76.0,219.0,70.0,36.0,0.0,76.0,21.0,14.0,41.0,76.0,0.0433070866141732,10382.0,125.0,3339.07,63.24124836833986,9.357286522757201,44.0,132.0,51.0,52.13210582733154,6.787087440490723,396.0,14,18,611,1.0,20.1,164.0,1460.0,100.0,5,1,0
p06,2019-12-15,2,4,3,4,5,3,247.0,30.0,97.0,277.0,0.0,51.0,134.0,62.0,30.0,4.0,65.0,21.0,15.0,29.0,51.0,0.0369685767097966,4724.0,98.0,2747.91,62.67561159607716,8.269793196393906,46.0,114.0,52.0,54.44973850250244,7.501399993896484,257.0,0,0,796,,,,,,6,1,0
p06,2019-12-16,2,4,6,3,8,4,481.0,43.0,96.0,524.0,0.0,53.0,328.0,100.0,43.0,21.0,90.0,21.0,22.0,47.0,52.0,0.0302439024390243,19651.0,139.0,4161.68,58.18033966609096,12.672798910071633,43.0,141.0,46.0,53.23853015899658,7.017984390258789,319.0,102,76,419,,,,,,0,0,0
p06,2019-12-17,3,4,6,3,6,2,341.0,55.0,97.0,396.0,0.0,105.0,152.0,84.0,55.0,23.0,80.0,22.0,24.0,34.0,105.0,0.0602564102564102,20030.0,136.0,4299.5,57.604921205418854,11.931441933946093,42.0,133.0,45.0,52.24363708496094,6.863011360168457,263.0,114,103,564,1.0,20.483333333333334,169.0,1476.0,100.0,1,0,0
p06,2019-12-18,2,4,3,2,5,2,341.0,56.0,99.0,397.0,0.0,44.0,228.0,69.0,56.0,23.0,79.0,20.0,24.0,35.0,43.0,0.0421052631578947,17962.0,132.0,4101.69,56.3779296875,12.223108425589864,41.0,130.0,44.0,50.94245624542236,6.812191009521484,292.0,101,76,574,,,,,,2,0,0
p06,2019-12-19,3,4,2,2,5,2,327.0,47.0,99.0,374.0,0.0,52.0,206.0,69.0,47.0,23.0,77.0,21.0,22.0,34.0,52.0,0.0713324360699865,19380.0,136.0,3956.69,57.207511987213636,9.836120180250727,41.0,128.0,46.0,50.841278076171875,6.795402526855469,467.0,47,17,535,,,,,,3,0,0
p06,2019-12-20,2,4,3,2,5,2,336.0,47.0,96.0,383.0,0.0,84.0,188.0,64.0,47.0,23.0,74.0,20.0,19.0,35.0,84.0,0.0529100529100529,23042.0,135.0,4889.46,55.16096084736145,10.53886760003777,43.0,137.0,48.0,51.65349578857422,6.789843559265137,280.0,120,169,488,,,,,,4,0,0
p06,2019-12-21,2,4,4,3,8,4,476.0,41.0,99.0,517.0,0.0,107.0,274.0,95.0,41.0,23.0,86.0,22.0,21.0,43.0,107.0,0.0570048309178743,5683.0,118.0,2696.49,55.78313974374326,8.311238088995292,42.0,99.0,45.0,51.269646644592285,6.78800106048584,244.0,7,4,668,,,,,,5,1,0
p06,2019-12-22,3,4,8,4,7,4,418.0,60.0,97.0,478.0,0.0,107.0,254.0,57.0,60.0,23.0,76.0,18.0,20.0,38.0,107.0,0.0595611285266457,13713.0,164.0,3357.83,63.46962543279824,23.479508059048936,41.0,162.0,46.0,50.926085472106934,6.787389755249023,265.0,12,49,636,2.0,49.36666666666666,579.0,6641.0,116.5,6,1,0
p06,2019-12-23,2,4,6,3,6,2,398.0,75.0,90.0,473.0,0.0,102.0,232.0,64.0,75.0,23.0,71.0,19.0,18.0,34.0,102.0,0.1087645195353748,15738.0,133.0,3686.86,55.88554450329415,9.973444018254728,41.0,127.0,45.0,50.63756561279297,6.787187576293945,273.0,62,63,569,1.0,15.35,150.0,1682.0,94.0,0,0,0
p06,2019-12-24,3,4,6,4,6,4,397.0,47.0,97.0,444.0,0.0,74.0,264.0,59.0,47.0,23.0,78.0,18.0,20.0,40.0,74.0,0.0455607476635514,10771.0,159.0,3128.44,63.751699644850326,23.43472771906661,39.0,155.0,46.0,51.457186698913574,6.787120819091797,253.0,8,44,691,1.0,39.516666666666666,512.0,5786.0,128.0,1,0,0
p06,2019-12-26,3,4,6,4,8,4,487.0,65.0,95.0,552.0,0.0,82.0,316.0,89.0,65.0,0.0,83.0,20.0,17.0,46.0,82.0,0.0711030082041932,2414.0,94.0,2309.5,55.21725840583118,7.280735749026429,42.0,118.0,46.0,51.851226806640625,6.787090301513672,147.0,0,0,741,,,,,,3,0,0
p06,2019-12-27,2,4,3,2,5,3,336.0,33.0,96.0,369.0,0.0,74.0,209.0,53.0,33.0,0.0,73.0,18.0,19.0,36.0,73.0,0.0477489768076398,13570.0,109.0,3459.42,57.323088362870244,9.304339703202627,41.0,109.0,46.0,52.095614433288574,6.787088394165039,332.0,63,17,659,,,,,,4,0,0
p06,2019-12-28,3,4,4,4,8,4,489.0,54.0,99.0,543.0,0.0,86.0,267.0,136.0,54.0,23.0,91.0,21.0,24.0,46.0,86.0,0.0392156862745098,3778.0,124.0,2395.5,55.65608299276957,8.368273971521665,41.0,126.0,46.0,51.33995819091797,6.787087440490723,137.0,5,5,681,,,,,,5,1,0
p06,2019-12-29,3,3,3,3,7,4,433.0,48.0,98.0,481.0,0.0,84.0,262.0,87.0,48.0,0.0,82.0,21.0,19.0,42.0,84.0,0.0519210799584631,8291.0,155.0,2868.8,60.30784746902315,15.475040636316782,42.0,129.0,46.0,51.402976989746094,6.787087440490723,195.0,7,37,720,1.0,30.05,341.0,4568.0,106.0,6,1,0
p06,2019-12-30,2,4,5,3,5,2,332.0,42.0,95.0,374.0,0.0,63.0,217.0,52.0,42.0,0.0,74.0,18.0,20.0,36.0,63.0,0.0554016620498614,12068.0,106.0,3461.63,58.476149706457925,10.411880706197733,43.0,146.0,47.0,51.905221939086914,6.787087440490723,349.0,23,30,664,1.0,19.616666666666667,146.0,0.0,99.0,0,0,0
p06,2019-12-31,2,4,3,3,5,3,302.0,31.0,99.0,333.0,0.0,81.0,144.0,77.0,31.0,0.0,78.0,21.0,24.0,33.0,81.0,0.032983508245877,8574.0,106.0,2986.92,57.999769797421735,9.028203634478725,42.0,109.0,46.0,51.82264804840088,6.787087440490723,302.0,16,8,781,,,,,,1,0,0
p06,2020-01-01,2,3,5,2,6,2,373.0,31.0,99.0,404.0,0.0,65.0,256.0,52.0,31.0,1.0,75.0,17.0,20.0,38.0,64.0,0.05125,3786.0,74.0,2529.19,58.135316804407715,7.713273061893326,43.0,90.0,48.0,52.549004554748535,6.787087440490723,225.0,0,0,811,,,,,,2,0,0
p06,2020-01-02,3,4,6,3,5,3,338.0,28.0,98.0,366.0,0.0,68.0,217.0,53.0,28.0,0.0,75.0,18.0,21.0,36.0,68.0,0.0559345156889495,16366.0,134.0,3837.64,65.93248019500305,21.989156147019976,42.0,145.0,49.0,52.59895038604736,6.787087440490723,359.0,27,60,628,2.0,52.55,597.0,3605.0,121.5,3,0,0
p06,2020-01-03,3,4,6,4,6,3,364.0,46.0,98.0,410.0,0.0,69.0,203.0,92.0,46.0,23.0,75.0,21.0,17.0,37.0,68.0,0.0461346633416458,21206.0,172.0,4198.01,71.79118961945262,26.61067325515891,45.0,163.0,51.0,54.564680099487305,6.787087440490723,337.0,40,89,500,2.0,60.233333333333334,792.0,6315.0,132.0,4,0,0
p06,2020-01-04,3,4,2,3,6,3,339.0,32.0,98.0,371.0,0.0,74.0,210.0,55.0,32.0,2.0,78.0,19.0,22.0,37.0,74.0,0.0544217687074829,5505.0,107.0,2665.7,58.566718806401155,8.178210273390752,44.0,93.0,49.0,54.468058586120605,6.787087440490723,261.0,0,0,808,,,,,,5,1,0
p06,2020-01-05,3,4,6,3,6,4,398.0,26.0,98.0,424.0,0.0,98.0,233.0,67.0,26.0,0.0,80.0,20.0,20.0,40.0,97.0,0.0437869822485207,9205.0,163.0,2978.67,64.01314470313022,20.84575507290114,44.0,137.0,48.0,54.164082527160645,6.787087440490723,218.0,12,31,755,1.0,30.133333333333333,382.0,4812.0,126.0,6,1,0
p06,2020-01-06,3,4,8,4,6,3,360.0,33.0,99.0,393.0,0.0,82.0,202.0,76.0,33.0,0.0,84.0,21.0,24.0,39.0,82.0,0.0288335517693315,16698.0,173.0,3780.98,68.28045449579373,27.35221149960798,44.0,156.0,47.0,53.11808490753174,6.787087440490723,364.0,23,52,608,2.0,59.96666666666667,684.0,6449.0,114.0,0,0,0
p06,2020-01-07,2,4,3,4,5,2,301.0,31.0,98.0,332.0,0.0,65.0,196.0,40.0,31.0,0.0,75.0,17.0,24.0,34.0,64.0,0.0474006116207951,22046.0,173.0,4421.56,68.70681495504023,28.19972357716037,43.0,189.0,47.0,52.52852535247803,6.787087440490723,353.0,71,87,597,3.0,78.01666666666668,886.0,5856.0,114.66666666666667,1,0,0
p06,2020-01-08,2,4,2,3,5,2,322.0,36.0,96.0,358.0,0.0,82.0,185.0,55.0,36.0,0.0,78.0,19.0,24.0,35.0,82.0,0.0514285714285714,11875.0,122.0,3487.43,57.42220843672457,11.895396680130807,43.0,136.0,46.0,51.80301761627197,6.787087440490723,349.0,36,33,664,2.0,42.666666666666664,367.0,0.0,107.5,2,0,0
p06,2020-01-09,2,4,2,3,6,3,368.0,35.0,97.0,403.0,0.0,81.0,226.0,61.0,35.0,23.0,81.0,19.0,24.0,38.0,81.0,0.0420918367346938,12677.0,115.0,3429.94,55.288503253796094,10.127727103426528,39.0,135.0,45.0,50.959733963012695,6.787087440490723,394.0,27,9,607,2.0,42.650000000000006,263.0,0.0,92.0,3,0,0
p06,2020-01-10,2,4,4,3,5,3,330.0,43.0,99.0,373.0,0.0,75.0,190.0,65.0,43.0,0.0,77.0,21.0,20.0,36.0,75.0,0.0567081604426002,14740.0,129.0,3955.75,56.467707781895186,9.707332922507716,42.0,132.0,46.0,51.058281898498535,6.787087440490723,303.0,111,57,596,2.0,43.53333333333333,325.0,0.0,100.0,4,0,0
p06,2020-01-11,2,3,2,3,7,3,472.0,45.0,99.0,517.0,0.0,108.0,276.0,88.0,45.0,23.0,88.0,21.0,24.0,43.0,108.0,0.0444444444444444,6356.0,113.0,2701.88,54.15922023182297,8.056147275792362,41.0,100.0,44.0,49.84084606170654,6.787087440490723,269.0,4,5,645,,,,,,5,1,0
p06,2020-01-12,3,4,7,4,7,3,416.0,55.0,98.0,471.0,0.0,85.0,276.0,55.0,55.0,23.0,76.0,17.0,20.0,39.0,84.0,0.0595111583421891,8220.0,133.0,3117.02,56.9371268001405,9.357905880577727,41.0,116.0,45.0,49.71419620513916,6.787087440490723,293.0,32,17,627,,,,,,6,1,0
p06,2020-01-13,3,4,4,3,6,3,353.0,47.0,99.0,400.0,0.0,74.0,231.0,48.0,47.0,23.0,70.0,17.0,17.0,36.0,74.0,0.0455696202531645,11225.0,111.0,3449.89,56.941956664478006,9.255276608893494,41.0,135.0,47.0,50.2042350769043,6.787087440490723,350.0,29,21,640,2.0,49.483333333333334,288.0,0.0,90.5,0,0,0
p06,2020-01-14,3,4,4,2,6,3,349.0,30.0,99.0,379.0,0.0,36.0,252.0,61.0,30.0,0.0,77.0,18.0,20.0,39.0,36.0,0.0365853658536585,23909.0,159.0,4371.08,65.01844614663123,23.67130100895026,42.0,163.0,48.0,51.467082023620605,6.787087440490723,299.0,107,95,560,2.0,57.65,540.0,5354.0,112.5,1,0,0
p06,2020-01-15,3,4,5,3,5,3,316.0,33.0,99.0,349.0,0.0,76.0,163.0,77.0,33.0,0.0,80.0,21.0,24.0,35.0,76.0,0.0439882697947214,17218.0,136.0,4134.11,63.5297419971333,19.76846505213768,42.0,138.0,45.0,50.3661584854126,6.787087440490723,378.0,63,61,589,3.0,75.31666666666666,649.0,3594.0,101.0,2,0,0
p06,2020-01-16,3,4,3,3,6,3,350.0,37.0,97.0,387.0,0.0,73.0,226.0,51.0,37.0,0.0,73.0,18.0,18.0,37.0,73.0,0.0517241379310344,13471.0,135.0,3625.11,57.82175983955879,10.1823572397794,42.0,129.0,47.0,51.05311393737793,6.787087440490723,410.0,38,22,583,2.0,46.93333333333334,355.0,0.0,99.5,3,0,0
p06,2020-01-17,3,4,4,3,6,3,363.0,35.0,97.0,398.0,0.0,27.0,218.0,118.0,35.0,23.0,80.0,19.0,24.0,37.0,27.0,0.055207026348808,15080.0,119.0,3960.94,59.48253968253968,12.160476640345962,43.0,139.0,46.0,51.06617546081543,6.787087440490723,362.0,90,42,548,2.0,43.53333333333333,316.0,0.0,99.0,4,0,0
p06,2020-01-18,2,4,3,3,7,3,445.0,45.0,99.0,490.0,0.0,105.0,259.0,81.0,45.0,0.0,82.0,21.0,19.0,42.0,105.0,0.0502049180327868,10668.0,130.0,3082.67,57.33548241149191,8.742941297427361,42.0,130.0,47.0,51.401366233825684,6.787087440490723,271.0,17,21,641,1.0,17.933333333333334,189.0,1864.0,110.0,5,1,0
p06,2020-01-19,3,4,5,3,6,4,390.0,50.0,99.0,440.0,0.0,85.0,223.0,82.0,50.0,0.0,74.0,21.0,15.0,38.0,84.0,0.061293984108967,12767.0,161.0,3326.2599999999998,64.85591475965613,18.32914182072456,42.0,132.0,50.0,52.90318012237549,6.787087440490723,254.0,26,58,662,2.0,52.25,533.0,6247.0,108.5,6,1,0
p06,2020-01-20,3,4,5,3,6,4,363.0,35.0,99.0,398.0,0.0,47.0,237.0,79.0,35.0,23.0,82.0,21.0,23.0,38.0,46.0,0.0292993630573248,12969.0,122.0,3563.48,58.3499498997996,9.453249618265081,43.0,137.0,48.0,52.887855529785156,6.787087440490723,397.0,22,37,586,2.0,47.78333333333333,338.0,0.0,98.5,0,0,0
p06,2020-01-21,3,4,3,3,6,3,384.0,53.0,100.0,437.0,0.0,79.0,215.0,90.0,53.0,23.0,81.0,21.0,22.0,38.0,79.0,0.0338785046728971,19587.0,129.0,4179.63,60.78224186420249,13.180178587203198,43.0,134.0,46.0,52.02400493621826,6.787087440490723,349.0,83,79,492,4.0,93.88333333333334,783.0,5416.0,99.5,1,0,0
p06,2020-01-22,2,4,3,3,6,3,354.0,28.0,99.0,382.0,0.0,72.0,232.0,50.0,28.0,0.0,78.0,18.0,23.0,37.0,71.0,0.0287581699346405,12449.0,113.0,3524.5099999999998,55.96015692043643,8.65451863849422,43.0,137.0,46.0,51.81532573699951,6.787087440490723,430.0,20,10,598,2.0,40.1,214.0,0.0,85.5,2,0,0
p06,2020-01-23,3,4,7,3,6,4,387.0,40.0,99.0,427.0,0.0,69.0,288.0,30.0,40.0,22.0,79.0,16.0,24.0,39.0,69.0,0.0309892729439809,16912.0,124.0,3800.14,57.07187708750835,9.045754369727264,40.0,137.0,46.0,51.334089279174805,6.787087440490723,481.0,34,24,474,2.0,42.65,223.0,0.0,86.0,3,0,0
p06,2020-01-24,3,4,5,3,6,4,419.0,45.0,98.0,464.0,0.0,52.0,265.0,102.0,45.0,23.0,84.0,21.0,23.0,40.0,52.0,0.04004329004329,11778.0,116.0,3464.52,56.91062740076825,8.752948886955984,42.0,107.0,46.0,51.151474952697754,6.787087440490723,308.0,60,22,586,,,,,,4,0,0
p06,2020-01-25,3,4,4,4,7,4,425.0,43.0,100.0,468.0,0.0,86.0,210.0,129.0,43.0,0.0,83.0,21.0,20.0,42.0,86.0,0.0408602150537634,12526.0,172.0,3320.32,65.09530938123753,21.920258090153848,43.0,170.0,47.0,51.557016372680664,6.787087440490723,242.0,15,54,661,2.0,44.95,505.0,5540.0,119.5,5,1,0
p06,2020-01-26,3,4,3,3,6,3,375.0,39.0,98.0,414.0,0.0,83.0,204.0,88.0,39.0,0.0,75.0,21.0,16.0,38.0,82.0,0.0475609756097561,7724.0,128.0,2819.75,57.563678982029245,8.164565352049909,40.0,130.0,47.0,52.953707695007324,6.787087440490723,236.0,13,33,744,2.0,34.96666666666667,304.0,2996.0,97.5,6,1,0
p06,2020-01-27,3,4,6,3,6,4,358.0,49.0,95.0,407.0,0.0,78.0,200.0,80.0,49.0,23.0,81.0,21.0,23.0,37.0,78.0,0.0641509433962264,18901.0,179.0,4116.05,68.40720720720721,26.666254868631388,44.0,173.0,47.0,52.11040019989014,6.787087440490723,434.0,35,44,520,3.0,60.31666666666666,531.0,3237.0,106.33333333333333,0,0,0
p06,2020-01-28,3,4,4,3,6,2,348.0,33.0,100.0,381.0,0.0,67.0,187.0,94.0,33.0,0.0,79.0,21.0,21.0,37.0,66.0,0.031081081081081,13924.0,151.0,3374.4,58.25178236397748,9.456179712956853,42.0,151.0,48.0,52.468698501586914,6.787087440490723,267.0,51,20,721,1.0,2.533333333333333,23.0,322.0,114.0,1,0,0
p06,2020-01-29,2,4,4,3,5,2,331.0,40.0,99.0,371.0,0.0,47.0,185.0,99.0,40.0,0.0,79.0,21.0,22.0,36.0,46.0,0.0322128851540616,15027.0,126.0,3720.03,56.58027972027972,9.764691414020454,43.0,135.0,47.0,52.393954277038574,6.787087440490723,442.0,41,16,570,2.0,40.95,275.0,0.0,96.0,2,0,0
p06,2020-01-30,3,4,4,3,6,3,402.0,35.0,100.0,437.0,0.0,83.0,233.0,86.0,35.0,23.0,85.0,21.0,24.0,40.0,83.0,0.0342857142857142,19324.0,138.0,4403.4,62.13109715354804,20.67944520165417,40.0,148.0,46.0,51.15793704986572,6.787087440490723,298.0,103,97,505,4.0,80.13333333333333,721.0,4291.0,113.75,3,0,0
p06,2020-01-31,2,4,4,3,6,2,369.0,39.0,98.0,408.0,0.0,76.0,222.0,71.0,39.0,23.0,84.0,20.0,24.0,40.0,75.0,0.0531520395550061,20418.0,179.0,4315.38,69.24358201759672,28.609010760849,41.0,171.0,45.0,50.623393058776855,6.787087440490723,411.0,37,64,520,3.0,70.15,693.0,4274.0,113.0,4,0,0
p06,2020-02-01,3,4,3,3,7,3,412.0,43.0,100.0,455.0,0.0,87.0,260.0,65.0,43.0,0.0,77.0,19.0,15.0,43.0,87.0,0.0323299888517279,6750.0,121.0,2754.67,52.42078212290503,4.056062953608068,43.0,88.0,47.0,51.89691352844238,6.787087440490723,220.0,12,15,738,,,,,,5,1,0
p06,2020-02-02,3,4,6,4,8,4,488.0,41.0,97.0,529.0,0.0,116.0,290.0,82.0,41.0,23.0,90.0,21.0,23.0,46.0,115.0,0.0538243626062322,10674.0,127.0,3245.2599999999998,48.89640702858642,5.1969621639520955,41.0,84.0,43.0,50.25901794433594,6.787087440490723,279.0,18,52,562,3.0,56.333333333333336,526.0,4765.0,102.33333333333333,6,1,0
p06,2020-02-03,3,4,5,3,5,2,314.0,54.0,98.0,368.0,0.0,70.0,193.0,51.0,54.0,0.0,76.0,18.0,23.0,35.0,70.0,0.0390516039051603,14075.0,133.0,3796.99,50.21277915632754,7.817100071073597,42.0,142.0,45.0,50.18923568725586,6.787087440490723,389.0,21,50,612,4.0,50.15,446.0,795.0,108.0,0,0,0
p06,2020-02-04,3,4,5,3,6,4,360.0,32.0,99.0,392.0,0.0,89.0,207.0,64.0,32.0,0.0,84.0,20.0,24.0,40.0,88.0,0.0416124837451235,15168.0,118.0,3927.71,47.63092269326683,6.531671725879127,40.0,138.0,42.0,49.589598655700684,6.787087440490723,304.0,86,62,596,2.0,46.083333333333336,370.0,0.0,103.5,1,0,0
p06,2020-02-05,2,4,3,2,5,3,304.0,44.0,99.0,348.0,0.0,70.0,195.0,39.0,44.0,0.0,71.0,17.0,20.0,34.0,70.0,0.0530846484935437,17656.0,140.0,4048.6,49.13297068600786,4.598626736888158,40.0,115.0,45.0,48.51404571533203,6.787087440490723,331.0,72,66,623,1.0,10.366666666666667,117.0,1182.0,123.0,2,0,0
p06,2020-02-06,3,4,6,3,7,3,404.0,54.0,98.0,458.0,0.0,88.0,266.0,50.0,54.0,22.0,79.0,17.0,20.0,42.0,88.0,0.0559210526315789,23201.0,168.0,4745.64,52.15337423312884,9.973719884521481,41.0,136.0,45.0,48.25457000732422,6.787087440490723,441.0,69,92,380,3.0,72.81666666666666,819.0,4103.0,117.66666666666667,3,0,0
p06,2020-02-07,2,4,5,2,6,2,348.0,46.0,100.0,394.0,0.0,89.0,188.0,71.0,46.0,0.0,79.0,21.0,20.0,38.0,88.0,0.0498034076015727,11461.0,102.0,3647.95,52.24534557510839,7.149211058884469,41.0,136.0,45.0,48.71599006652832,6.787087440490723,284.0,58,57,647,2.0,45.233333333333334,367.0,0.0,100.0,4,0,0
p06,2020-02-08,3,3,5,3,7,3,439.0,77.0,99.0,516.0,0.0,100.0,228.0,111.0,77.0,22.0,80.0,22.0,17.0,41.0,100.0,0.0575396825396825,6688.0,120.0,2835.48,51.484328358208955,4.799125238740967,40.0,75.0,45.0,48.557228088378906,6.787087440490723,315.0,0,0,609,,,,,,5,1,0
p06,2020-02-09,3,4,6,3,7,4,426.0,56.0,97.0,482.0,0.0,81.0,274.0,71.0,56.0,23.0,76.0,19.0,14.0,43.0,81.0,0.0576923076923076,11882.0,173.0,3404.87,54.04624624624625,5.198056285701184,45.0,109.0,48.0,50.34501647949219,6.787087440490723,313.0,7,40,598,1.0,34.45,403.0,4527.0,130.0,6,1,0
p06,2020-02-11,3,4,5,3,6,4,340.0,27.0,100.0,367.0,0.0,62.0,212.0,66.0,27.0,23.0,78.0,20.0,20.0,38.0,62.0,0.0394557823129251,23778.0,179.0,4742.99,54.79365079365079,15.00837941967889,41.0,152.0,46.0,50.14171123504639,6.787087440490723,382.0,68,94,529,3.0,64.63333333333334,874.0,6057.0,134.33333333333334,1,0,0
p06,2020-02-12,3,4,3,3,6,4,368.0,29.0,100.0,397.0,0.0,54.0,252.0,62.0,29.0,23.0,81.0,19.0,22.0,40.0,54.0,0.0520304568527918,13367.0,106.0,3539.1,49.72642420341165,4.132522237422086,40.0,71.0,44.0,49.82376956939697,6.787087440490723,421.0,21,10,591,,,,,,2,0,0
p06,2020-02-13,3,4,5,3,6,3,340.0,32.0,97.0,372.0,0.0,65.0,184.0,91.0,32.0,23.0,81.0,21.0,22.0,38.0,64.0,0.040983606557377,16553.0,128.0,3775.17,49.399323701198895,3.6890299174581402,41.0,83.0,44.0,49.08243656158447,6.787087440490723,458.0,28,24,558,1.0,30.716666666666665,207.0,1640.0,89.0,3,0,0
p06,2020-02-14,3,4,7,4,7,4,419.0,38.0,99.0,457.0,0.0,87.0,214.0,118.0,38.0,22.0,83.0,21.0,19.0,43.0,87.0,0.0484581497797356,15395.0,118.0,3742.39,52.431057563587686,5.3496680327814605,39.0,99.0,46.0,49.50936031341553,6.787087440490723,401.0,55,25,502,,,,,,4,0,0
p06,2020-02-15,3,4,6,3,6,2,392.0,35.0,100.0,427.0,0.0,51.0,241.0,100.0,35.0,1.0,77.0,21.0,13.0,43.0,50.0,0.0619883040935672,6220.0,90.0,2795.14,56.43883957566573,6.119594019335105,43.0,112.0,48.0,51.63751697540283,6.787087440490723,278.0,0,0,735,,,,,,5,1,0
p06,2020-02-16,3,4,6,3,8,4,473.0,53.0,99.0,526.0,0.0,92.0,283.0,98.0,53.0,23.0,89.0,21.0,22.0,46.0,91.0,0.0618458610846812,9840.0,124.0,3234.99,50.99428227505266,5.46112337912988,41.0,80.0,45.0,50.71963405609131,6.787087440490723,373.0,11,15,515,,,,,,6,1,0
p06,2020-02-17,3,4,6,3,5,2,305.0,34.0,100.0,339.0,0.0,41.0,204.0,60.0,34.0,0.0,74.0,20.0,18.0,36.0,40.0,0.0427098674521354,16697.0,174.0,3871.09,53.803646934460886,6.386095242252124,42.0,137.0,47.0,49.91107749938965,6.787087440490723,327.0,19,62,693,2.0,61.6,733.0,6821.0,115.5,0,0,0
p06,2020-02-18,3,4,3,3,7,3,403.0,39.0,99.0,442.0,0.0,84.0,222.0,97.0,39.0,23.0,83.0,21.0,20.0,42.0,84.0,0.047457627118644,18417.0,119.0,4147.56,51.94445971954908,7.26200650035939,41.0,146.0,46.0,49.4947566986084,6.787087440490723,415.0,62,48,473,2.0,40.95,390.0,0.0,108.5,1,0,0
p06,2020-02-19,2,4,3,3,7,2,404.0,33.0,97.0,437.0,0.0,88.0,260.0,56.0,33.0,23.0,83.0,18.0,22.0,43.0,87.0,0.04959630911188,11235.0,119.0,3479.68,49.25322679778734,6.619548807291852,40.0,152.0,44.0,48.871076583862305,6.787087440490723,297.0,26,36,644,2.0,40.95,401.0,0.0,107.0,2,0,0
p06,2020-02-20,2,4,5,3,5,4,340.0,35.0,100.0,375.0,0.0,82.0,201.0,57.0,35.0,0.0,78.0,19.0,21.0,38.0,82.0,0.03485254691689,14733.0,123.0,3839.52,50.25829457364341,7.631596536835565,40.0,142.0,44.0,48.66890335083008,6.787087440490723,369.0,33,52,611,3.0,63.150000000000006,610.0,1641.0,109.0,3,0,0
p06,2020-02-21,3,4,6,3,5,4,373.0,34.0,98.0,407.0,0.0,98.0,228.0,47.0,34.0,23.0,77.0,18.0,19.0,40.0,98.0,0.0380368098159509,21907.0,179.0,4652.37,52.994873109459114,8.472064160766882,42.0,153.0,46.0,48.73244094848633,6.787087440490723,324.0,101,95,513,2.0,47.766666666666666,676.0,4543.0,138.0,4,0,0
p06,2020-02-22,3,4,3,3,7,4,423.0,53.0,100.0,476.0,0.0,100.0,249.0,74.0,53.0,23.0,78.0,20.0,16.0,42.0,99.0,0.0362860192102454,11523.0,118.0,3252.81,52.77491543065314,4.811661119582466,41.0,74.0,46.0,49.77181053161621,6.787087440490723,323.0,29,27,585,1.0,17.066666666666666,134.0,1169.0,95.0,5,1,0
p06,2020-02-23,3,4,6,3,6,4,364.0,37.0,98.0,401.0,0.0,71.0,235.0,58.0,37.0,0.0,76.0,19.0,18.0,39.0,70.0,0.0518331226295828,10247.0,134.0,3200.06,51.118445568272556,5.365905554333717,41.0,100.0,44.0,50.31017303466797,6.787087440490723,353.0,11,21,654,1.0,22.183333333333334,178.0,1783.0,95.0,6,1,0
p06,2020-02-24,3,4,7,3,6,4,385.0,30.0,98.0,415.0,0.0,80.0,242.0,63.0,30.0,23.0,83.0,19.0,23.0,41.0,79.0,0.0267965895249695,18858.0,173.0,3972.25,50.676182707993476,7.385078812618975,41.0,124.0,45.0,49.8616828918457,6.787087440490723,377.0,22,60,566,2.0,47.733333333333334,583.0,4921.0,118.5,0,0,0
p06,2020-02-25,3,4,4,3,7,4,431.0,51.0,99.0,482.0,0.0,44.0,321.0,66.0,51.0,22.0,82.0,17.0,23.0,42.0,44.0,0.0379346680716543,13538.0,129.0,3784.91,51.378765720971046,13.174532793740223,42.0,156.0,45.0,50.24992752075195,6.787087440490723,268.0,72,63,555,2.0,39.266666666666666,407.0,0.0,114.0,1,0,0
p06,2020-02-26,3,4,6,3,6,2,398.0,71.0,97.0,469.0,0.0,86.0,238.0,74.0,71.0,22.0,85.0,20.0,23.0,42.0,86.0,0.0338600451467268,17659.0,177.0,4051.88,51.716914749661704,12.55859997607219,41.0,148.0,44.0,50.602813720703125,6.787087440490723,359.0,21,67,524,2.0,61.266666666666666,862.0,6040.0,141.0,2,0,0
p06,2020-02-27,3,4,8,3,6,2,358.0,41.0,96.0,399.0,0.0,99.0,206.0,53.0,41.0,23.0,79.0,18.0,23.0,38.0,99.0,0.0670037926675094,20871.0,174.0,4042.95,50.632378932484976,9.201109837310634,41.0,117.0,44.0,50.336167335510254,6.787087440490723,441.0,31,48,521,2.0,60.78333333333333,697.0,6480.0,115.0,3,0,0
p06,2020-02-28,2,4,1,3,5,2,324.0,36.0,97.0,360.0,0.0,61.0,189.0,74.0,36.0,23.0,81.0,21.0,23.0,37.0,61.0,0.0611961057023643,14736.0,120.0,3695.54,48.118481435127244,6.194885582139751,40.0,94.0,41.0,48.975348472595215,6.787087440490723,497.0,31,9,543,,,,,,4,0,0
p06,2020-02-29,2,4,2,3,6,2,364.0,50.0,97.0,414.0,0.0,94.0,210.0,60.0,50.0,0.0,75.0,19.0,18.0,38.0,94.0,0.060313630880579,8254.0,111.0,3000.67,52.27497371188223,5.723361794726478,41.0,80.0,45.0,49.75969696044922,6.787087440490723,192.0,48,38,675,2.0,49.5,383.0,3833.0,90.5,5,1,0
p06,2020-03-01,2,3,3,3,7,2,455.0,82.0,96.0,537.0,0.0,116.0,260.0,79.0,82.0,22.0,82.0,20.0,18.0,44.0,116.0,0.081860465116279,6465.0,108.0,2773.29,50.34880671387359,4.117314522203797,42.0,78.0,46.0,50.55837059020996,6.787087440490723,286.0,0,0,617,,,,,,6,1,0
p06,2020-03-02,2,4,3,3,7,2,409.0,60.0,97.0,469.0,0.0,94.0,250.0,65.0,60.0,22.0,81.0,19.0,20.0,42.0,94.0,0.0573318632855567,13185.0,118.0,3638.08,51.539668174962294,8.735597399702543,42.0,146.0,45.0,51.03332328796387,6.787087440490723,360.0,40,42,529,2.0,47.78333333333333,420.0,0.0,104.0,0,0,0
p06,2020-03-03,3,4,4,3,6,3,376.0,39.0,98.0,415.0,0.0,71.0,242.0,63.0,39.0,23.0,81.0,19.0,23.0,39.0,71.0,0.0481347773766546,14399.0,113.0,3624.75,51.34930643127365,9.785176271582579,43.0,141.0,46.0,51.361618995666504,6.787087440490723,403.0,31,28,563,2.0,41.8,362.0,0.0,103.0,1,0,0
p06,2020-03-04,3,4,6,3,6,3,,,,,,,,,,,,,,,,,26124.0,181.0,4538.49,62.64039408866995,11.4521796144579,46.0,109.0,49.0,0.0,0.0,468.0,24,67,881,1.0,31.816666666666666,449.0,5003.0,135.0,2,0,0
p06,2020-03-05,3,4,2,3,6,4,346.0,28.0,99.0,374.0,0.0,100.0,166.0,80.0,28.0,0.0,82.0,22.0,22.0,38.0,99.0,0.0387182910547396,13892.0,136.0,3415.89,52.105737910298174,3.8392961774665584,43.0,79.0,47.0,52.314687728881836,7.107123374938965,288.0,34,31,713,,,,,,3,0,0
p06,2020-03-06,3,4,6,3,7,4,420.0,31.0,100.0,451.0,0.0,80.0,264.0,76.0,31.0,22.0,86.0,20.0,21.0,45.0,80.0,0.0365714285714285,17486.0,140.0,3794.88,53.441942088329924,4.540347225379777,43.0,93.0,48.0,52.80194664001465,6.8919878005981445,386.0,49,42,512,,,,,,4,0,0
p06,2020-03-07,3,4,5,3,6,4,388.0,41.0,99.0,429.0,0.0,79.0,166.0,143.0,41.0,23.0,76.0,19.0,17.0,40.0,79.0,0.0477855477855477,9065.0,121.0,3127.32,55.610611510791365,5.138886185754673,45.0,82.0,49.0,53.85465049743652,6.8217363357543945,385.0,0,0,626,,,,,,5,1,0
p06,2020-03-08,3,4,3,4,7,3,443.0,69.0,98.0,512.0,0.0,84.0,251.0,108.0,69.0,23.0,78.0,21.0,16.0,41.0,84.0,0.0790243902439024,4867.0,96.0,2667.36,57.347370983446936,5.102153486405173,45.0,89.0,51.0,55.366597175598145,6.798561096191406,267.0,0,0,661,,,,,,6,1,0
p06,2020-03-09,2,4,7,3,6,2,405.0,53.0,94.0,458.0,0.0,65.0,245.0,95.0,53.0,22.0,82.0,21.0,20.0,41.0,65.0,0.0752453653217012,24194.0,174.0,4291.88,56.081228014070994,6.112806273622924,46.0,119.0,51.0,56.08207893371582,6.790889739990234,431.0,14,86,451,3.0,62.11666666666667,688.0,7760.0,123.33333333333333,0,0,0
p06,2020-03-10,3,4,2,3,6,4,383.0,27.0,100.0,410.0,0.0,85.0,206.0,92.0,27.0,23.0,87.0,21.0,24.0,42.0,85.0,0.0460772104607721,16479.0,135.0,3667.87,52.97650695517774,3.9995444440877566,45.0,75.0,48.0,55.00669002532959,6.788347244262695,459.0,18,16,537,,,,,,1,0,0
p06,2020-03-11,3,4,6,3,6,3,337.0,30.0,98.0,367.0,0.0,74.0,191.0,72.0,30.0,23.0,83.0,21.0,24.0,38.0,73.0,0.0441379310344827,18553.0,179.0,4112.02,56.254683840749415,10.297171924907937,45.0,157.0,48.0,54.40668964385986,6.787505149841309,363.0,38,70,602,1.0,30.433333333333334,442.0,4880.0,152.0,2,0,0
p06,2020-03-12,3,4,2,2,6,4,348.0,45.0,99.0,393.0,0.0,65.0,204.0,79.0,45.0,23.0,83.0,21.0,24.0,38.0,65.0,0.0314547837483617,15869.0,133.0,3650.61,52.28457528365532,3.854640822459884,42.0,75.0,47.0,53.96468162536621,6.787225723266602,398.0,30,20,599,,,,,,3,0,0
p06,2020-03-13,2,4,5,2,6,3,366.0,36.0,99.0,402.0,0.0,97.0,172.0,97.0,36.0,23.0,84.0,22.0,23.0,39.0,97.0,0.0436953807740324,19075.0,128.0,4152.19,54.388741972043825,6.891804605078077,42.0,97.0,48.0,53.72850799560547,6.78713321685791,458.0,61,41,478,1.0,16.2,146.0,1379.0,105.0,4,0,0
p06,2020-03-14,2,4,0,2,6,2,267.0,37.0,99.0,304.0,0.0,59.0,173.0,35.0,37.0,2.0,64.0,17.0,13.0,34.0,59.0,0.0576271186440678,6819.0,129.0,2852.41,61.22810344827586,7.371702198168841,46.0,112.0,51.0,55.67240333557129,8.60643196105957,181.0,15,20,809,1.0,7.516666666666667,50.0,572.0,105.0,5,1,0
p06,2020-03-16,3,4,6,2,6,4,378.0,28.0,100.0,406.0,0.0,70.0,218.0,90.0,28.0,23.0,87.0,21.0,24.0,42.0,70.0,0.0290037831021437,17433.0,116.0,3673.46,51.13816503800217,4.807809794970587,42.0,79.0,46.0,52.39241886138916,6.97104549407959,408.0,47,17,562,,,,,,0,0,0
p06,2020-03-17,3,4,2,2,6,4,365.0,37.0,98.0,402.0,0.0,56.0,216.0,93.0,37.0,23.0,84.0,21.0,24.0,39.0,56.0,0.0447204968944099,14218.0,110.0,3555.63,51.65859154929578,5.831488569334263,42.0,99.0,46.0,51.198198318481445,6.847678184509277,393.0,43,7,595,,,,,,1,0,0
p06,2020-03-18,3,4,2,2,6,4,400.0,46.0,100.0,446.0,0.0,61.0,212.0,127.0,46.0,23.0,87.0,21.0,23.0,43.0,61.0,0.0420932878270762,15606.0,173.0,3989.35,57.46622015142691,13.492686970032933,42.0,134.0,46.0,50.977885246276855,6.807132720947266,313.0,70,49,562,1.0,27.35,435.0,4539.0,153.0,2,0,0
p06,2020-03-19,3,4,6,2,4,3,266.0,24.0,97.0,290.0,0.0,53.0,149.0,64.0,24.0,23.0,69.0,21.0,14.0,34.0,53.0,0.0551724137931034,15483.0,112.0,3662.73,54.6242707117853,4.001242172050911,41.0,96.0,49.0,52.40081214904785,6.793728828430176,456.0,22,4,668,,,,,,3,0,0
p06,2020-03-20,3,4,5,2,6,4,371.0,26.0,98.0,397.0,0.0,80.0,171.0,120.0,26.0,22.0,82.0,20.0,22.0,40.0,80.0,0.0229885057471264,13851.0,116.0,3545.5,52.381458409673876,6.3033035430277184,38.0,128.0,45.0,51.8991584777832,6.789288520812988,416.0,26,11,590,,,,,,4,0,0
p06,2020-03-21,3,4,5,2,6,3,329.0,32.0,100.0,361.0,0.0,66.0,218.0,45.0,32.0,0.0,77.0,17.0,23.0,37.0,66.0,0.0345781466113416,16478.0,177.0,4019.88,53.35861650485437,8.127289971049638,43.0,162.0,47.0,51.151302337646484,6.787817001342773,349.0,36,71,623,2.0,53.81666666666666,610.0,6139.0,124.5,5,1,0
p06,2020-03-22,3,4,3,2,7,4,440.0,60.0,96.0,500.0,0.0,92.0,221.0,127.0,60.0,23.0,84.0,22.0,21.0,41.0,92.0,0.0495449949443882,9512.0,112.0,3175.14,49.4702419882276,4.632019804052938,41.0,82.0,43.0,50.13024711608887,6.787328720092773,425.0,0,0,515,,,,,,6,1,0
p06,2020-03-23,3,4,5,2,5,4,327.0,26.0,96.0,353.0,0.0,70.0,199.0,58.0,26.0,23.0,80.0,20.0,22.0,38.0,70.0,0.0554765291607396,19509.0,118.0,4383.8,50.51231702963227,4.918471926700612,42.0,83.0,46.0,48.82879447937012,6.787167549133301,504.0,70,43,470,,,,,,0,0,0
p06,2020-03-24,2,4,3,2,6,2,356.0,48.0,99.0,404.0,0.0,98.0,185.0,73.0,48.0,23.0,77.0,22.0,17.0,38.0,98.0,0.0331210191082802,12330.0,112.0,3284.74,50.281502890173414,3.7631456467956554,39.0,70.0,46.0,49.297964096069336,6.787114143371582,351.0,8,7,670,,,,,,1,0,0
p06,2020-03-25,2,4,4,2,5,2,337.0,48.0,96.0,385.0,0.0,79.0,170.0,88.0,48.0,23.0,79.0,21.0,22.0,36.0,79.0,0.0661478599221789,13209.0,113.0,3579.08,49.58088694565896,6.671793177645098,40.0,105.0,43.0,48.4007682800293,6.78709602355957,403.0,23,16,613,,,,,,2,0,0
p06,2020-03-26,2,4,3,2,6,2,384.0,34.0,97.0,418.0,0.0,52.0,253.0,79.0,34.0,22.0,81.0,21.0,20.0,40.0,52.0,0.0438489646772229,21661.0,182.0,4412.46,53.45643392960184,10.27382560213757,41.0,164.0,45.0,48.939913749694824,6.787090301513672,436.0,63,56,467,1.0,27.883333333333333,434.0,4770.0,144.0,3,0,0
p06,2020-03-27,3,4,4,2,6,4,350.0,42.0,97.0,392.0,0.0,72.0,185.0,93.0,42.0,23.0,79.0,21.0,21.0,37.0,72.0,0.0445859872611464,10031.0,110.0,3079.61,47.73989016475287,3.9052116511615225,39.0,67.0,43.0,48.35475826263428,6.787088394165039,315.0,16,16,701,,,,,,4,0,0
p06,2020-03-28,3,4,3,2,7,4,420.0,65.0,96.0,485.0,0.0,84.0,277.0,59.0,65.0,22.0,80.0,17.0,22.0,41.0,84.0,0.067778936392075,8162.0,124.0,3001.54,48.198163733741396,4.392567550816988,40.0,113.0,43.0,47.94961452484131,6.787087440490723,284.0,8,18,645,1.0,32.416666666666664,230.0,1848.0,89.0,5,1,0
p06,2020-03-29,3,4,4,2,6,4,363.0,39.0,99.0,462.0,0.0,91.0,158.0,114.0,39.0,23.0,80.0,22.0,17.0,41.0,91.0,0.0383747178329571,4358.0,74.0,2577.57,47.81347708894879,3.869289463962621,40.0,83.0,43.0,47.71632957458496,6.787087440490723,243.0,0,0,795,,,,,,6,1,0
p06,2020-03-30,3,4,5,2,6,4,370.0,59.0,97.0,429.0,0.0,93.0,225.0,52.0,59.0,22.0,74.0,18.0,20.0,36.0,93.0,0.0500582072176949,18820.0,180.0,4090.09,53.370744481855596,11.878463759231321,39.0,164.0,44.0,47.23299980163574,6.787087440490723,392.0,31,53,535,1.0,28.416666666666668,425.0,4582.0,152.0,0,0,0
p07,2019-11-06,3,3,2,5,9,4,,,,,,,,,,,,,,,,,9370.0,126.0,2538.77,72.47954427757638,16.98310562539739,50.0,144.0,56.5,0.0,0.0,82.0,23,65,1270,3.0,81.86666666666666,629.0,6392.0,113.0,2,0,0
p07,2019-11-07,4,3,6,4,9,4,443.0,82.0,94.0,525.0,0.0,109.0,256.0,78.0,82.0,22.0,,,,,,,19979.0,125.0,3420.22,60.77172690763052,10.798982861270133,45.0,152.0,50.0,55.6679162979126,100.0,226.0,21,105,563,2.0,105.75,948.0,9350.0,119.0,3,0,1
p07,2019-11-08,3,3,4,3,8,4,454.0,64.0,98.0,518.0,0.0,104.0,241.0,109.0,64.0,22.0,82.0,22.0,20.0,40.0,104.0,0.0540019286403085,9614.0,122.0,2638.93,58.631693648816935,9.406790846166704,45.0,117.0,48.0,53.80065727233887,13.884297370910645,224.0,9,29,660,1.0,20.483333333333334,181.0,1954.0,111.0,4,0,0
p07,2019-11-09,4,4,8,4,6,4,367.0,43.0,97.0,410.0,0.0,74.0,254.0,39.0,43.0,0.0,76.0,16.0,23.0,37.0,74.0,0.0525,28445.0,113.0,5465.84,80.09918124302196,42.27180697218143,37.0,179.0,48.0,53.646626472473145,8.661454200744629,243.0,16,324,383,2.0,293.3333333333333,3111.0,21171.0,140.5,5,1,1
p07,2019-11-10,3,3,4,4,8,3,,,,,,,,,,,,,,,,,6203.0,121.0,2304.2,59.68377935554342,7.2960162915644275,46.0,152.0,50.0,53.78922080993652,12.22204875946045,189.0,5,6,1240,,,,,,6,1,0
p07,2019-11-11,2,3,2,5,8,3,456.0,50.0,97.0,506.0,0.0,97.0,221.0,138.0,50.0,22.0,86.0,22.0,23.0,41.0,96.0,0.0424481737413622,17453.0,163.0,3266.91,75.35695372588576,40.23868331350811,36.0,181.0,44.0,52.61652183532715,8.294273376464844,154.0,45,98,637,2.0,77.53333333333333,864.0,9366.0,135.5,0,0,0
p07,2019-11-12,3,3,6,4,8,3,452.0,62.0,97.0,514.0,0.0,95.0,275.0,82.0,62.0,22.0,78.0,19.0,18.0,41.0,95.0,0.0540806293018682,7921.0,120.0,2414.42,57.56599832915622,8.433593550789446,43.0,111.0,47.0,52.861595153808594,11.92733097076416,194.0,19,4,709,,,,,,1,0,0
p07,2019-11-13,2,3,4,2,7,3,443.0,75.0,96.0,518.0,0.0,71.0,309.0,63.0,75.0,22.0,76.0,17.0,20.0,39.0,71.0,0.0626808100289296,19280.0,166.0,3288.83,73.92169811320754,37.42552024383176,37.0,167.0,46.0,52.38880634307861,8.225302696228027,234.0,13,75,600,1.0,57.18333333333333,674.0,8918.0,148.0,2,0,0
p07,2019-11-14,3,3,4,4,7,3,447.0,64.0,97.0,511.0,0.0,67.0,324.0,56.0,64.0,22.0,78.0,17.0,19.0,42.0,66.0,0.0548223350253807,15531.0,164.0,3133.85,75.25654993514915,37.888857380306426,37.0,185.0,48.0,53.208542823791504,7.240467071533203,180.0,8,80,661,2.0,77.76666666666667,804.0,7992.0,132.5,3,0,0
p07,2019-11-15,3,3,6,2,7,3,488.0,74.0,97.0,562.0,0.0,87.0,330.0,71.0,74.0,21.0,80.0,17.0,19.0,44.0,87.0,0.0491510277033065,19813.0,169.0,3397.49,72.42351816443595,28.027884504850682,40.0,179.0,49.0,54.55295467376709,6.934993743896484,287.0,29,54,508,2.0,32.65,348.0,4294.0,125.0,4,0,0
p07,2019-11-16,3,3,6,4,8,3,426.0,62.0,95.0,488.0,0.0,106.0,231.0,89.0,62.0,23.0,80.0,21.0,19.0,40.0,106.0,0.0696008188331627,14579.0,137.0,3731.37,65.8297033098954,20.159322081612164,45.0,159.0,48.0,55.30376148223877,6.835866928100586,259.0,41,139,513,1.0,135.28333333333333,1189.0,5153.0,128.0,5,1,0
p07,2019-11-17,3,3,2,4,4,3,238.0,78.0,90.0,316.0,0.0,49.0,157.0,32.0,78.0,5.0,55.0,18.0,12.0,25.0,39.0,0.1159737417943107,21765.0,168.0,3424.65,88.36498727735369,35.251783336192524,50.0,186.0,58.0,57.483527183532715,10.310452461242676,171.0,9,112,744,1.0,102.08333333333333,1165.0,16470.0,145.0,6,1,0
p07,2019-11-18,3,2,5,4,7,3,416.0,79.0,96.0,495.0,0.0,74.0,296.0,46.0,79.0,23.0,74.0,16.0,22.0,36.0,74.0,0.0524152106885919,10932.0,130.0,2730.43,61.446676406135865,13.664885861093902,45.0,159.0,50.0,56.892160415649414,7.823816299438477,140.0,27,69,709,1.0,50.15,439.0,4267.0,129.0,0,0,0
p07,2019-11-19,3,3,4,5,9,4,493.0,70.0,96.0,563.0,0.0,132.0,271.0,90.0,70.0,23.0,88.0,21.0,22.0,45.0,132.0,0.052064631956912,14873.0,173.0,3028.48,69.97701736465781,28.099333870946314,43.0,192.0,48.0,55.85757827758789,7.118454933166504,210.0,12,59,596,1.0,21.65,263.0,3286.0,170.0,1,0,0
p07,2019-11-20,3,3,2,5,8,5,444.0,67.0,97.0,511.0,0.0,105.0,238.0,101.0,67.0,0.0,85.0,22.0,22.0,41.0,105.0,0.056547619047619,19472.0,165.0,3257.85,75.41729166666667,37.096103302862296,40.0,172.0,48.0,55.4412956237793,6.895658493041992,157.0,35,93,644,2.0,90.18333333333334,968.0,12545.0,129.0,2,0,0
p07,2019-11-21,2,3,3,4,8,3,493.0,97.0,94.0,590.0,0.0,122.0,270.0,101.0,97.0,22.0,84.0,21.0,20.0,43.0,121.0,0.0829769033361847,18312.0,166.0,3305.27,76.42735974797044,36.025953546164935,44.0,185.0,48.0,55.4818172454834,6.822944641113281,218.0,21,94,517,2.0,87.03333333333333,860.0,10017.0,130.0,3,0,0
p07,2019-11-22,3,3,4,3,5,2,306.0,45.0,97.0,351.0,0.0,68.0,198.0,40.0,45.0,23.0,67.0,17.0,17.0,33.0,68.0,0.0645645645645645,9074.0,116.0,2518.58,62.07429963459196,8.08832524667016,43.0,123.0,52.0,57.73783493041992,6.7989606857299805,237.0,13,9,830,,,,,,4,0,0
p07,2019-11-23,3,3,5,4,8,4,474.0,57.0,94.0,531.0,0.0,113.0,247.0,114.0,57.0,0.0,85.0,23.0,21.0,41.0,113.0,0.0921919096895578,11397.0,165.0,2872.94,73.08464730290457,25.462834529898732,43.0,182.0,48.0,56.93072032928467,6.791022300720215,242.0,14,30,623,1.0,42.3,359.0,3591.0,124.0,5,1,0
p07,2019-11-24,3,3,4,4,5,3,235.0,47.0,90.0,282.0,0.0,51.0,154.0,30.0,47.0,4.0,48.0,16.0,12.0,20.0,51.0,0.0973451327433628,19537.0,167.0,3272.5499999999997,84.28623353021354,27.745985795604494,45.0,186.0,55.0,59.16588020324707,10.276405334472656,216.0,1,86,855,1.0,85.11666666666666,895.0,13897.0,136.0,6,1,0
p07,2019-11-25,3,3,5,4,9,4,589.0,57.0,97.0,646.0,0.0,92.0,387.0,110.0,57.0,22.0,89.0,19.0,24.0,46.0,92.0,0.0505130228887134,13398.0,165.0,2863.2999999999997,70.54072657743785,31.687761955660513,42.0,155.0,46.0,56.551207542419434,9.189762115478516,201.0,7,49,537,1.0,46.516666666666666,512.0,7302.0,142.0,0,0,0
p07,2019-11-26,3,3,4,4,8,3,510.0,53.0,96.0,563.0,0.0,102.0,313.0,95.0,53.0,23.0,87.0,20.0,21.0,46.0,102.0,0.0543187889581478,16422.0,167.0,3227.27,76.99326337608498,35.10599514712866,44.0,181.0,49.0,56.55622673034668,7.520303726196289,255.0,21,63,538,3.0,71.05,707.0,7911.0,123.66666666666667,1,0,0
p07,2019-11-27,3,3,6,4,8,3,437.0,74.0,95.0,511.0,0.0,82.0,250.0,105.0,74.0,23.0,81.0,21.0,20.0,40.0,81.0,0.0691699604743083,15625.0,170.0,2959.75,74.31230788147055,31.916861106165737,44.0,156.0,48.0,56.20097827911377,7.023938179016113,221.0,4,56,648,1.0,60.583333333333336,631.0,8846.0,137.0,2,0,0
p07,2019-11-28,3,3,4,3,7,3,397.0,65.0,96.0,462.0,0.0,110.0,231.0,56.0,65.0,22.0,78.0,18.0,22.0,38.0,110.0,0.0412371134020618,13232.0,164.0,3008.89,75.2918315940986,33.77024340242676,45.0,187.0,49.0,56.591370582580566,6.864952087402344,211.0,16,66,685,1.0,50.266666666666666,541.0,5596.0,144.0,3,0,0
p07,2019-11-29,3,3,4,3,7,3,417.0,49.0,96.0,466.0,0.0,71.0,267.0,79.0,49.0,22.0,80.0,19.0,21.0,40.0,70.0,0.0490730643402399,9231.0,124.0,2707.59,64.06033772652388,12.350521872970951,46.0,125.0,49.0,57.38034152984619,6.812830924987793,298.0,5,6,665,,,,,,4,0,0
p07,2019-11-30,2,2,1,3,5,3,357.0,32.0,97.0,389.0,0.0,105.0,161.0,91.0,32.0,3.0,74.0,22.0,15.0,37.0,105.0,0.0385109114249037,15790.0,118.0,3268.0899999999997,68.53365954922894,10.631982726340873,46.0,154.0,57.0,58.72146987915039,10.172138214111328,239.0,28,90,694,2.0,76.08333333333334,639.0,5020.0,111.0,5,1,0
p07,2019-12-01,2,3,3,4,8,3,456.0,56.0,96.0,512.0,0.0,112.0,234.0,110.0,56.0,23.0,85.0,23.0,21.0,41.0,112.0,0.0404738400789733,31707.0,164.0,3945.25,84.55533980582524,38.1499337504678,44.0,164.0,50.0,57.634098052978516,7.787537574768066,184.0,28,171,545,4.0,174.96666666666667,1691.0,18355.0,108.5,6,1,0
p07,2019-12-02,3,3,5,4,7,3,431.0,82.0,94.0,513.0,0.0,91.0,254.0,86.0,82.0,21.0,80.0,19.0,21.0,40.0,91.0,0.0502008032128514,30035.0,166.0,4045.23,75.1218465539662,32.76231580163463,41.0,152.0,46.0,55.630921363830566,7.10726261138916,322.0,49,149,344,3.0,106.53333333333333,995.0,11265.0,120.33333333333333,0,0,0
p07,2019-12-03,2,3,3,4,7,4,451.0,61.0,95.0,512.0,0.0,143.0,194.0,114.0,61.0,23.0,88.0,25.0,21.0,42.0,142.0,0.0526849037487335,16270.0,165.0,3195.41,71.71785283474065,34.456830092721205,44.0,183.0,47.0,55.07942008972168,6.892033576965332,264.0,24,58,582,1.0,37.53333333333333,459.0,5160.0,160.0,1,0,0
p07,2019-12-04,2,3,3,4,9,3,482.0,79.0,96.0,561.0,0.0,64.0,312.0,106.0,79.0,22.0,84.0,20.0,20.0,44.0,63.0,0.0671441360787824,17440.0,166.0,3113.74,72.84451718494272,29.446164264374232,43.0,157.0,47.0,55.09125518798828,6.821751594543457,206.0,18,64,591,1.0,51.5,597.0,8280.0,145.0,2,0,0
p07,2019-12-05,3,3,5,2,7,3,404.0,74.0,96.0,478.0,0.0,103.0,230.0,71.0,74.0,23.0,75.0,19.0,20.0,36.0,103.0,0.0556745182012847,21781.0,164.0,3497.96,75.2697395618024,29.34743138968856,45.0,151.0,50.0,56.52183532714844,6.798565864562988,340.0,10,74,538,1.0,56.21666666666667,624.0,8997.0,142.0,3,0,0
p07,2019-12-06,2,3,3,3,5,2,317.0,59.0,90.0,376.0,0.0,29.0,269.0,19.0,59.0,22.0,63.0,14.0,18.0,31.0,28.0,0.0804911323328785,22630.0,165.0,3833.2599999999998,89.30787621198034,44.152381926996895,45.0,185.0,48.400000000000034,56.57923221588135,6.790891647338867,329.0,17,91,455,1.0,68.15,873.0,9157.0,164.0,4,0,0
p07,2019-12-07,3,2,2,3,6,3,363.0,28.0,97.0,391.0,0.0,69.0,234.0,60.0,28.0,3.0,70.0,18.0,14.0,38.0,69.0,0.0312907431551499,18632.0,168.0,3389.91,83.33572515764297,25.55971519929693,54.0,155.0,61.0,58.38473415374756,10.27630615234375,367.0,3,57,622,1.0,88.6,714.0,9837.0,119.0,5,1,0
p07,2019-12-08,2,2,5,2,5,2,246.0,49.0,94.0,295.0,0.0,59.0,99.0,88.0,49.0,4.0,54.0,21.0,13.0,20.0,59.0,0.065989847715736,30416.0,178.0,3989.74,95.83527454242929,39.660296517210966,50.0,183.0,56.0,60.543731689453125,12.826950073242188,203.0,13,153,706,1.0,148.33333333333334,1694.0,24119.0,151.0,6,1,0
p07,2019-12-09,3,3,3,4,8,4,529.0,57.0,96.0,586.0,0.0,132.0,268.0,129.0,57.0,22.0,93.0,24.0,23.0,46.0,132.0,0.0561797752808988,17470.0,162.0,3277.35,63.03123748498198,15.734422607673388,43.0,151.0,48.0,58.6755256652832,8.432068824768066,207.0,29,112,506,3.0,141.21666666666667,1100.0,10655.0,111.33333333333333,0,0,0
p07,2019-12-10,3,3,5,3,9,3,397.0,60.0,97.0,457.0,0.0,72.0,240.0,85.0,60.0,1.0,80.0,20.0,23.0,37.0,71.0,0.0601092896174863,18436.0,166.0,3378.2799999999997,74.5684029765312,36.63855739741497,45.0,179.0,49.0,57.86398696899414,7.302003860473633,242.0,43,88,610,1.0,50.35,622.0,7028.0,161.0,1,0,0
p07,2019-12-11,1,3,2,4,8,4,466.0,75.0,94.0,541.0,0.0,133.0,198.0,135.0,75.0,0.0,85.0,24.0,21.0,40.0,133.0,0.0566572237960339,15245.0,166.0,2854.0499999999997,71.44361506660542,29.731263159726215,43.0,153.0,48.0,57.11247253417969,6.954703330993652,206.0,2,56,635,1.0,57.6,605.0,9040.0,136.0,2,0,0
p07,2019-12-12,3,3,4,2,8,3,427.0,60.0,97.0,487.0,0.0,70.0,273.0,84.0,60.0,22.0,83.0,19.0,24.0,40.0,70.0,0.0515995872033023,29998.0,173.0,4458.11,79.29385694940294,36.9200797404354,43.0,184.0,47.0,55.694236755371094,6.842328071594238,407.0,52,138,356,2.0,118.25,1057.0,9735.0,128.0,3,0,0
p07,2019-12-13,3,3,5,3,7,3,428.0,76.0,97.0,504.0,0.0,93.0,252.0,83.0,76.0,22.0,79.0,19.0,19.0,41.0,93.0,0.0614124872057318,21029.0,117.0,3817.9,67.7384143571104,14.900116411447293,45.0,118.0,49.0,56.37915229797363,6.805366516113281,357.0,30,101,448,2.0,174.08333333333334,1196.0,9115.0,99.5,4,0,0
p07,2019-12-14,3,3,4,3,8,4,482.0,72.0,98.0,554.0,0.0,95.0,241.0,146.0,72.0,22.0,88.0,22.0,21.0,45.0,95.0,0.0439560439560439,18222.0,165.0,3140.6,71.37862908083363,33.757496211326306,44.0,158.0,47.0,55.82217311859131,6.793143272399902,224.0,14,77,571,1.0,63.35,657.0,8399.0,138.0,5,1,0
p07,2019-12-15,3,3,6,2,7,3,439.0,76.0,97.0,515.0,0.0,86.0,270.0,83.0,76.0,23.0,83.0,19.0,23.0,41.0,86.0,0.0531062124248497,20183.0,166.0,3657.0699999999997,75.35291308500477,36.747754589006064,43.0,178.0,46.0,55.46092224121094,6.789094924926758,196.0,29,118,582,3.0,114.45,888.0,7812.0,106.0,6,1,0
p07,2019-12-16,2,3,3,3,7,3,427.0,65.0,96.0,492.0,0.0,71.0,302.0,54.0,65.0,22.0,77.0,17.0,20.0,40.0,70.0,0.0578680203045685,23522.0,164.0,3648.5699999999997,78.67939730040808,31.69809985901826,45.0,157.0,50.0,57.200096130371094,6.787753105163574,363.0,14,80,491,1.0,65.85,695.0,9684.0,147.0,0,0,0
p07,2019-12-17,1,2,2,2,7,2,468.0,59.0,98.0,527.0,0.0,117.0,270.0,81.0,59.0,22.0,82.0,20.0,20.0,42.0,117.0,0.0482160077145612,28754.0,170.0,4240.14,77.26547759433963,37.05167879855953,44.0,186.0,48.0,57.19074821472168,6.7873077392578125,480.0,21,86,326,2.0,90.31666666666666,686.0,7263.0,123.5,1,0,0
p07,2019-12-18,3,3,4,3,8,3,445.0,54.0,92.0,499.0,0.0,121.0,184.0,140.0,54.0,23.0,86.0,23.0,21.0,42.0,120.0,0.0730223123732251,20818.0,166.0,3290.86,73.35271274825253,31.73609856080646,42.0,153.0,47.0,56.76277828216553,6.7871599197387695,267.0,15,75,584,2.0,86.28333333333333,818.0,11544.0,124.0,2,0,0
p07,2019-12-19,4,3,6,2,7,3,418.0,50.0,95.0,468.0,0.0,67.0,275.0,76.0,50.0,23.0,80.0,18.0,23.0,39.0,67.0,0.0608324439701173,23077.0,171.0,3831.58,80.92125362127996,36.66205490974098,44.0,182.0,47.0,57.21604919433594,6.787111282348633,358.0,30,98,486,2.0,56.81666666666666,618.0,7431.0,128.0,3,0,1
p07,2019-12-20,3,3,1,2,5,2,327.0,28.0,97.0,355.0,0.0,80.0,195.0,52.0,28.0,2.0,67.0,18.0,14.0,35.0,80.0,0.0365682137834036,19588.0,168.0,3298.2599999999998,77.31098115659519,26.68114788513508,49.0,150.0,56.0,58.88996410369873,10.27343463897705,276.0,23,57,729,1.0,45.516666666666666,453.0,6894.0,138.0,4,0,0
p07,2019-12-21,2,3,2,3,8,4,446.0,44.0,97.0,490.0,0.0,81.0,257.0,108.0,44.0,0.0,88.0,21.0,25.0,42.0,81.0,0.0432543769309989,16151.0,169.0,3177.67,70.94192032229185,32.54467353939703,43.0,181.0,48.0,58.00957489013672,7.814138412475586,284.0,29,55,582,1.0,49.56666666666667,496.0,5561.0,144.0,5,1,0
p07,2019-12-22,3,3,5,3,7,4,438.0,56.0,98.0,494.0,0.0,104.0,202.0,132.0,56.0,23.0,87.0,22.0,24.0,41.0,103.0,0.0546006066734074,7406.0,122.0,2419.7,59.9134410622573,9.851536286181418,43.0,116.0,47.0,57.118669509887695,7.115471839904785,271.0,0,0,675,,,,,,6,1,0
p07,2019-12-23,3,3,6,3,8,4,439.0,75.0,96.0,514.0,0.0,76.0,263.0,100.0,75.0,23.0,87.0,21.0,24.0,42.0,76.0,0.054054054054054,12491.0,108.0,3051.89,60.031349206349205,10.665124610266846,43.0,101.0,48.0,57.14425277709961,6.894692420959473,296.0,36,40,554,1.0,154.06666666666666,904.0,6407.0,95.0,0,0,0
p07,2019-12-28,2,3,2,3,7,3,429.0,58.0,96.0,487.0,0.0,100.0,235.0,94.0,58.0,0.0,85.0,21.0,23.0,41.0,100.0,0.0605128205128205,14550.0,171.0,3092.93,75.65165962582981,36.34716899000063,45.0,183.0,50.0,59.65057849884033,7.814908981323242,226.0,11,64,652,1.0,47.016666666666666,560.0,6598.0,157.0,5,1,0
p07,2019-12-29,3,3,4,4,8,3,445.0,53.0,95.0,498.0,0.0,104.0,261.0,80.0,53.0,23.0,85.0,20.0,23.0,42.0,104.0,0.0503597122302158,8846.0,170.0,2420.0299999999997,62.919440824546854,18.393639495904427,44.0,145.0,50.0,59.47086238861084,7.115710258483887,214.0,2,14,712,1.0,22.233333333333334,189.0,2604.0,119.0,6,1,0
p07,2019-12-30,3,3,3,4,9,3,482.0,83.0,95.0,565.0,0.0,98.0,315.0,69.0,83.0,23.0,85.0,18.0,23.0,44.0,98.0,0.0595555555555555,20974.0,169.0,3573.0699999999997,77.55470603743738,37.4708355886178,41.0,181.0,45.0,56.98141670227051,7.210644721984863,287.0,27,79,482,1.0,72.23333333333333,714.0,8724.0,141.0,0,0,0
p07,2019-12-31,2,2,4,3,7,2,420.0,48.0,96.0,468.0,0.0,110.0,227.0,83.0,48.0,1.0,86.0,21.0,23.0,42.0,110.0,0.0533188248095756,15055.0,172.0,3432.09,81.04976162097735,41.954764472001756,46.0,186.0,49.0,58.35550498962402,6.925410270690918,348.0,15,61,548,1.0,52.35,606.0,7116.0,163.0,1,0,0
p07,2020-01-01,2,4,5,4,4,2,244.0,32.0,93.0,276.0,0.0,55.0,122.0,67.0,32.0,6.0,62.0,21.0,14.0,27.0,55.0,0.0589318600368324,14003.0,166.0,3056.71,83.24781497915826,25.165905336769207,49.0,158.0,64.0,60.780311584472656,10.378335952758789,276.0,9,47,717,1.0,41.78333333333333,452.0,6705.0,144.0,2,0,0
p07,2020-01-02,2,3,2,2,8,3,486.0,76.0,94.0,562.0,0.0,104.0,272.0,110.0,76.0,23.0,84.0,21.0,19.0,44.0,104.0,0.0648888888888888,15983.0,168.0,3097.69,75.06512203351704,26.91227947917443,44.0,151.0,49.0,59.83023452758789,7.841504096984863,278.0,15,59,526,1.0,44.61666666666667,465.0,6863.0,142.0,3,0,0
p07,2020-01-05,3,2,1,3,7,3,214.0,37.0,93.0,251.0,0.0,17.0,160.0,37.0,37.0,8.0,55.0,15.0,16.0,24.0,16.0,0.0974155069582504,2658.0,54.0,2036.84,64.35274028297285,7.076309435396164,48.0,114.0,55.0,62.2788724899292,7.451342582702637,146.0,0,0,1043,,,,,,6,1,0
p07,2020-01-06,3,3,2,2,5,2,333.0,94.0,86.0,427.0,0.0,55.0,237.0,41.0,94.0,23.0,59.0,16.0,22.0,21.0,55.0,0.1029239766081871,4380.0,110.0,2106.23,60.350030469226084,7.8300661364491395,46.0,106.0,50.0,60.760918617248535,7.0021820068359375,151.0,0,0,772,,,,,,0,0,0
p07,2020-01-07,2,3,2,2,9,3,510.0,100.0,93.0,610.0,0.0,80.0,321.0,109.0,100.0,20.0,83.0,19.0,21.0,43.0,80.0,0.0819000819000819,4684.0,113.0,2222.56,60.52409222697777,8.829591621063349,44.0,109.0,49.0,59.84506607055664,6.857854843139648,139.0,14,8,604,,,,,,1,0,0
p07,2020-01-08,3,3,3,4,8,4,513.0,77.0,93.0,590.0,0.0,122.0,282.0,109.0,77.0,23.0,88.0,22.0,22.0,44.0,122.0,0.073666384419983,12645.0,166.0,2834.85,68.33978896754374,24.97604403082446,45.0,152.0,50.0,59.65305042266846,6.810490608215332,223.0,17,36,574,1.0,24.633333333333333,246.0,3492.0,145.0,2,0,0
p07,2020-01-09,3,3,3,3,7,2,444.0,92.0,92.0,536.0,0.0,106.0,244.0,94.0,92.0,22.0,80.0,21.0,20.0,39.0,105.0,0.0726040658276863,12193.0,167.0,2737.4,67.8915476649942,25.669731145896844,44.0,153.0,50.0,59.03867149353027,6.794839859008789,220.0,17,36,545,1.0,27.016666666666666,297.0,4396.0,145.0,3,0,0
p07,2020-01-10,3,4,3,3,7,2,430.0,80.0,92.0,510.0,0.0,75.0,299.0,56.0,80.0,22.0,78.0,17.0,22.0,39.0,75.0,0.0876847290640394,9793.0,111.0,2813.67,62.896645865834635,11.671125863312396,44.0,105.0,49.0,58.19147300720215,6.789656639099121,317.0,0,0,613,,,,,,4,0,0
p07,2020-01-11,3,3,4,3,7,4,409.0,60.0,98.0,469.0,0.0,72.0,253.0,84.0,60.0,23.0,78.0,20.0,20.0,38.0,71.0,0.0517621145374449,12598.0,121.0,3139.67,64.61200067419517,10.288118646865202,49.0,119.0,52.0,59.72539806365967,6.787939071655273,272.0,52,37,610,1.0,15.366666666666667,114.0,1022.0,104.0,5,1,0
p07,2020-01-12,3,3,3,3,7,3,417.0,79.0,98.0,496.0,0.0,89.0,243.0,85.0,79.0,22.0,75.0,19.0,21.0,35.0,89.0,0.0523665659617321,11096.0,103.0,2847.7599999999998,61.329616489271835,8.93464988733365,45.0,102.0,51.0,60.04243564605713,6.787369728088379,330.0,3,11,600,,,,,,6,1,0
p07,2020-01-13,3,4,3,4,10,4,590.0,125.0,95.0,715.0,0.0,115.0,362.0,113.0,125.0,21.0,82.0,20.0,21.0,41.0,115.0,0.0852550663871418,14040.0,122.0,3334.41,63.58024874148653,12.434570385645344,46.0,129.0,50.0,60.1619873046875,6.7871809005737305,254.0,36,86,349,1.0,82.76666666666667,700.0,5100.0,112.0,0,0,0
p07,2020-01-14,3,3,5,4,8,4,430.0,75.0,96.0,505.0,0.0,67.0,307.0,56.0,75.0,22.0,77.0,17.0,19.0,41.0,66.0,0.0671414038657172,16414.0,164.0,3112.5,77.26660031281104,30.082851852827833,46.0,159.0,53.0,61.36836624145508,6.787117958068848,270.0,18,50,597,1.0,42.35,455.0,6419.0,147.0,1,0,0
p07,2020-01-15,3,3,5,3,7,3,398.0,46.0,95.0,444.0,0.0,96.0,219.0,83.0,46.0,0.0,81.0,21.0,22.0,38.0,95.0,0.061293984108967,13188.0,110.0,3166.3199999999997,62.67413793103448,10.775945209630912,46.0,113.0,52.0,61.558725357055664,6.787096977233887,260.0,29,60,580,2.0,116.05,864.0,7135.0,92.5,2,0,0
p07,2020-01-16,3,3,5,3,8,4,,,,,,,,,,,,,,,,,17111.0,165.0,3266.2599999999998,94.93667157584683,40.46833227305359,51.0,187.0,61.0,61.507187843322754,10.69985294342041,207.0,18,84,1131,3.0,74.23333333333333,726.0,7854.0,129.33333333333334,3,0,0
p07,2020-01-17,3,4,5,4,8,4,482.0,65.0,98.0,547.0,0.0,126.0,259.0,97.0,65.0,23.0,87.0,22.0,19.0,46.0,126.0,0.0451552210724365,16374.0,167.0,2910.45,75.94370903482843,29.27498678881865,47.0,162.0,53.0,62.934518814086914,7.924252510070801,228.0,2,55,608,1.0,59.61666666666667,576.0,8903.0,133.0,4,0,0
p07,2020-01-18,2,3,2,3,7,2,380.0,111.0,92.0,491.0,0.0,66.0,265.0,49.0,111.0,21.0,68.0,16.0,23.0,29.0,65.0,0.0761904761904762,19165.0,165.0,3379.84,83.00882079851439,40.057752181836186,47.0,182.0,51.0,61.63257694244385,7.149295806884766,260.0,25,82,582,2.0,62.4,667.0,8435.0,132.5,5,1,0
p07,2020-01-19,3,3,3,3,5,3,307.0,40.0,91.0,347.0,0.0,44.0,189.0,74.0,40.0,2.0,68.0,21.0,13.0,34.0,44.0,0.0492537313432835,11050.0,121.0,2921.2999999999997,72.8463696369637,11.823089199228294,47.0,128.0,55.0,63.22004508972168,10.54748821258545,348.0,2,8,735,,,,,,6,1,0
p07,2020-01-20,3,3,5,3,8,4,464.0,97.0,92.0,561.0,0.0,99.0,281.0,84.0,97.0,22.0,77.0,18.0,23.0,36.0,99.0,0.0872662511130899,18419.0,168.0,3408.87,75.36777486549869,38.49944007829509,44.0,185.0,49.0,61.03094482421875,11.116910934448242,268.0,39,71,396,1.0,38.65,445.0,4841.0,164.0,0,0,0
p07,2020-01-21,3,3,5,4,7,3,432.0,57.0,97.0,489.0,0.0,120.0,215.0,97.0,57.0,23.0,89.0,23.0,24.0,42.0,120.0,0.0618336886993603,20977.0,165.0,3345.18,81.01171458998935,32.65792506235717,44.0,157.0,50.0,58.8745756149292,8.029120445251465,251.0,21,80,599,2.0,193.11666666666667,701.0,9813.0,133.5,1,0,0
p07,2020-01-22,3,4,4,4,7,4,440.0,54.0,97.0,494.0,0.0,82.0,267.0,91.0,54.0,22.0,80.0,20.0,19.0,41.0,82.0,0.0566228513650151,18415.0,173.0,3334.44,76.92007690195001,35.95934901510338,45.0,182.0,52.0,58.80087089538574,7.181268692016602,215.0,49,83,599,2.0,55.0,594.0,7371.0,135.0,2,0,0
p07,2020-01-23,3,4,4,3,7,4,441.0,63.0,95.0,504.0,0.0,107.0,235.0,99.0,63.0,23.0,84.0,22.0,22.0,40.0,107.0,0.0693756194251734,23137.0,167.0,3884.18,73.38578947368421,24.772338494296513,45.0,146.0,50.0,58.05955982208252,6.915951728820801,304.0,82,92,458,4.0,145.5,1044.0,10378.0,104.25,3,0,0
p07,2020-01-24,3,4,5,3,7,4,405.0,43.0,98.0,448.0,0.0,55.0,259.0,91.0,43.0,23.0,80.0,21.0,21.0,38.0,55.0,0.060200668896321,12725.0,166.0,3174.81,66.33272946859903,11.09094264002395,45.0,110.0,52.0,58.836435317993164,6.829615592956543,270.0,49,55,545,2.0,70.85,474.0,1819.0,97.0,4,0,0
p07,2020-01-25,3,4,3,4,7,4,392.0,80.0,96.0,472.0,0.0,121.0,177.0,94.0,80.0,0.0,77.0,23.0,19.0,35.0,121.0,0.0613362541073384,17460.0,169.0,3383.68,69.39720058101149,23.242625799907547,45.0,170.0,51.0,58.883687019348145,6.801165580749512,279.0,37,80,572,2.0,151.08333333333331,790.0,6731.0,117.0,5,1,0
p07,2020-01-26,2,4,3,4,9,5,486.0,98.0,96.0,584.0,0.0,110.0,297.0,79.0,98.0,23.0,84.0,19.0,21.0,44.0,110.0,0.0755048287971905,12824.0,115.0,3044.69,60.30050355450237,11.320392134353455,45.0,118.0,50.0,58.99528980255127,6.791752815246582,263.0,51,45,497,1.0,106.66666666666667,616.0,4446.0,97.0,6,1,0
p07,2020-01-27,3,4,3,3,7,4,405.0,55.0,98.0,460.0,0.0,92.0,206.0,107.0,55.0,23.0,83.0,22.0,23.0,38.0,91.0,0.0509413067552602,19564.0,166.0,3377.39,80.84755312298776,39.350058275274606,44.0,176.0,49.0,58.07536029815674,6.788633346557617,297.0,16,77,590,1.0,57.96666666666667,653.0,9009.0,151.0,0,0,0
p07,2020-01-28,3,3,6,2,7,2,396.0,95.0,95.0,491.0,0.0,103.0,249.0,44.0,95.0,22.0,68.0,17.0,21.0,30.0,103.0,0.0579857578840284,20089.0,164.0,3433.81,78.24864056552474,36.03062040239281,45.0,158.0,49.0,57.59058094024658,6.787599563598633,290.0,27,73,559,1.0,68.55,718.0,9787.0,146.0,1,0,0
p07,2020-01-29,3,2,4,3,7,3,409.0,95.0,96.0,504.0,0.0,86.0,242.0,81.0,95.0,22.0,75.0,19.0,20.0,36.0,86.0,0.0592515592515592,20035.0,169.0,3395.84,76.22637335627381,37.86165661752949,45.0,182.0,50.0,57.80033493041992,6.787257194519043,217.0,38,85,596,1.0,45.38333333333333,565.0,6450.0,163.0,2,0,0
p07,2020-01-30,3,3,4,3,6,2,362.0,47.0,95.0,409.0,0.0,72.0,192.0,98.0,47.0,0.0,77.0,21.0,21.0,35.0,72.0,0.0537240537240537,18376.0,166.0,3212.35,75.14558542676656,36.608508388085674,45.0,196.0,50.0,58.22132968902588,6.787143707275391,284.0,9,65,673,1.0,46.53333333333333,550.0,7472.0,154.0,3,0,0
p07,2020-01-31,3,4,4,3,8,4,437.0,61.0,96.0,498.0,0.0,69.0,269.0,99.0,61.0,23.0,84.0,21.0,23.0,40.0,69.0,0.0531594784353059,18378.0,166.0,3233.96,76.78679386858184,29.61021242378715,46.0,149.0,49.0,57.62302017211914,6.787105560302734,243.0,23,73,603,1.0,109.83333333333333,847.0,11463.0,114.0,4,0,0
p07,2020-02-01,3,4,4,4,9,5,522.0,59.0,94.0,581.0,0.0,119.0,242.0,161.0,59.0,23.0,90.0,23.0,21.0,46.0,119.0,0.0675324675324675,19582.0,171.0,3416.36,80.22567773735477,40.037662758557246,42.0,183.0,49.0,57.44515132904053,6.787093162536621,250.0,18,82,509,2.0,81.03333333333333,901.0,11394.0,133.5,5,1,0
p07,2020-02-02,3,4,3,4,5,4,380.0,68.0,92.0,448.0,0.0,84.0,189.0,107.0,68.0,3.0,67.0,22.0,12.0,33.0,84.0,0.1719101123595505,15201.0,167.0,3040.96,73.85827405717353,27.74250328002496,49.0,156.0,53.0,59.62560749053955,6.7870893478393555,266.0,26,55,645,1.0,45.06666666666667,467.0,6964.0,136.0,6,1,0
p07,2020-02-03,2,3,2,4,8,4,447.0,73.0,97.0,520.0,0.0,117.0,210.0,120.0,73.0,22.0,88.0,23.0,23.0,42.0,117.0,0.0489296636085626,11216.0,167.0,2976.97,72.14203600060505,26.871970865269148,43.0,181.0,47.0,57.84424018859863,6.787087440490723,236.0,28,45,611,1.0,23.433333333333334,252.0,2436.0,141.0,0,0,0
p07,2020-02-04,3,3,3,4,8,3,454.0,77.0,94.0,531.0,0.0,111.0,236.0,107.0,77.0,21.0,80.0,22.0,18.0,40.0,111.0,0.0645773979107312,20606.0,168.0,3508.37,60.36330586524479,11.399270625343496,45.0,156.0,49.0,57.87099838256836,6.787087440490723,257.0,21,75,556,1.0,61.9,758.0,9796.0,161.0,1,0,0
p07,2020-02-05,3,4,4,4,8,4,454.0,55.0,94.0,509.0,0.0,87.0,233.0,134.0,55.0,0.0,83.0,22.0,20.0,41.0,86.0,0.0628066732090284,14532.0,170.0,3183.2999999999997,60.78698379508625,15.34885311585287,47.0,170.0,51.0,58.66803169250488,6.787087440490723,269.0,13,51,598,1.0,27.883333333333333,319.0,3623.0,172.0,2,0,0
p07,2020-02-06,2,3,2,4,7,3,387.0,54.0,97.0,441.0,0.0,67.0,253.0,67.0,54.0,0.0,78.0,18.0,23.0,37.0,67.0,0.0488372093023255,14395.0,112.0,3543.18,58.53802733214498,7.799810118873773,46.0,106.0,50.0,58.6647367477417,6.787087440490723,297.0,65,66,571,1.0,15.366666666666667,119.0,880.0,99.0,3,0,0
p07,2020-02-07,3,4,4,4,8,4,481.0,57.0,97.0,538.0,0.0,82.0,303.0,96.0,57.0,22.0,85.0,20.0,20.0,45.0,82.0,0.0575673166202414,22472.0,163.0,3614.47,57.33045977011494,6.661789427772672,45.0,89.0,50.0,59.2246675491333,6.787087440490723,277.0,36,86,503,1.0,86.45,788.0,10541.0,133.0,4,0,0
p07,2020-02-08,3,4,4,4,7,3,387.0,56.0,96.0,443.0,0.0,86.0,218.0,83.0,56.0,1.0,76.0,20.0,20.0,36.0,86.0,0.0574971815107102,21255.0,167.0,3626.13,62.05876341338784,10.60886615031877,46.0,158.0,51.0,59.70772647857666,6.787087440490723,263.0,32,85,617,1.0,62.21666666666667,765.0,8863.0,161.0,5,1,0
p07,2020-02-09,2,4,4,3,7,4,454.0,48.0,97.0,502.0,0.0,122.0,243.0,89.0,48.0,0.0,84.0,21.0,21.0,42.0,122.0,0.0507462686567164,14359.0,107.0,3561.41,59.05829704886309,9.19013017970203,41.0,116.0,50.0,59.49345684051514,6.787087440490723,278.0,73,87,500,1.0,354.7,1508.0,8369.0,91.0,6,1,0
p07,2020-02-10,3,3,3,3,8,4,445.0,44.0,96.0,489.0,0.0,99.0,201.0,145.0,44.0,22.0,85.0,22.0,21.0,42.0,99.0,0.0582226762002042,19868.0,164.0,3391.5099999999998,56.06287878787879,8.124867728452854,43.0,122.0,49.0,59.07296943664551,6.787087440490723,273.0,9,69,600,1.0,62.45,723.0,9966.0,152.0,0,0,0
p07,2020-02-11,3,4,3,4,8,4,447.0,63.0,96.0,510.0,0.0,99.0,251.0,97.0,63.0,22.0,83.0,21.0,22.0,40.0,99.0,0.0666013712047012,18162.0,172.0,3541.87,60.30148389431777,20.102091568165953,44.0,178.0,48.0,58.23183822631836,6.787087440490723,287.0,14,79,550,1.0,46.05,515.0,4987.0,157.0,1,0,0
p07,2020-02-12,3,3,4,3,8,3,430.0,69.0,96.0,499.0,0.0,81.0,267.0,82.0,69.0,23.0,80.0,19.0,20.0,41.0,80.0,0.0754332313965341,20221.0,167.0,3263.37,57.436691810344826,6.520723810476235,45.0,117.0,50.0,58.62939262390137,6.787087440490723,246.0,11,69,615,1.0,59.03333333333333,656.0,9506.0,145.0,2,0,0
p07,2020-02-13,3,3,3,3,7,3,441.0,71.0,93.0,512.0,0.0,103.0,261.0,77.0,71.0,23.0,80.0,19.0,21.0,40.0,103.0,0.0840751730959446,18706.0,166.0,3591.12,56.61603243917654,11.252738767792072,44.0,128.0,47.0,57.515225410461426,6.787087440490723,248.0,27,106,547,2.0,120.44999999999999,1032.0,11048.0,123.0,3,0,0
p07,2020-02-14,3,4,4,4,10,4,530.0,64.0,96.0,594.0,0.0,127.0,253.0,150.0,64.0,22.0,89.0,24.0,20.0,45.0,127.0,0.0580319596299411,15511.0,170.0,3225.23,58.52634394223054,12.097341893074104,44.0,158.0,48.0,57.46395397186279,6.787087440490723,236.0,28,53,529,1.0,34.53333333333333,419.0,4610.0,157.0,4,0,0
p07,2020-02-15,3,3,4,3,6,3,369.0,63.0,97.0,432.0,0.0,56.0,259.0,54.0,63.0,1.0,71.0,17.0,20.0,34.0,56.0,0.0670520231213872,16321.0,135.0,3702.5699999999997,57.09175489252486,8.174833757593682,43.0,143.0,49.0,58.10739517211914,6.787087440490723,338.0,43,75,552,1.0,174.65,1291.0,9692.0,97.0,5,1,0
p07,2020-02-16,3,3,3,3,3,3,176.0,32.0,97.0,208.0,0.0,33.0,125.0,18.0,32.0,4.0,57.0,15.0,14.0,28.0,33.0,0.0361757105943152,13991.0,134.0,3375.87,65.21975308641976,8.974347438610534,47.0,170.0,53.0,60.45293998718262,10.273416519165039,302.0,24,62,844,1.0,83.0,627.0,5174.0,98.0,6,1,0
p07,2020-02-16,3,3,3,2,9,4,176.0,32.0,97.0,208.0,0.0,33.0,125.0,18.0,32.0,4.0,57.0,15.0,14.0,28.0,33.0,0.0361757105943152,13991.0,134.0,3375.87,65.21975308641976,8.974347438610534,47.0,170.0,53.0,60.45293998718262,10.273416519165039,302.0,24,62,844,1.0,83.0,627.0,5174.0,98.0,6,1,0
p07,2020-02-18,2,2,3,3,8,4,480.0,72.0,93.0,552.0,0.0,117.0,212.0,151.0,72.0,22.0,89.0,23.0,21.0,45.0,117.0,0.065018315018315,17894.0,171.0,3296.11,54.68097120271033,8.68878104066528,42.0,89.0,46.0,56.39400291442871,7.428463935852051,207.0,33,72,576,1.0,61.56666666666667,662.0,9136.0,151.0,1,0,0
p07,2020-02-20,3,3,3,3,8,3,441.0,71.0,96.0,512.0,0.0,97.0,295.0,49.0,71.0,22.0,79.0,17.0,22.0,40.0,97.0,0.0532019704433497,14690.0,169.0,2889.96,50.56367924528302,5.701849082361577,43.0,140.0,46.0,55.90914821624756,6.855489730834961,130.0,21,70,707,2.0,75.35,674.0,8129.0,117.0,3,0,0
p07,2020-02-21,3,3,4,3,7,2,,,,,,,,,,,,,,,,,14177.0,139.0,2983.91,60.174726989079566,8.645181190112428,48.0,110.0,51.0,0.0,0.0,108.0,41,92,1199,2.0,66.68333333333334,588.0,6254.0,112.5,4,0,0
p07,2020-02-23,3,3,4,3,7,3,374.0,50.0,96.0,424.0,0.0,78.0,246.0,50.0,50.0,23.0,76.0,17.0,22.0,37.0,78.0,0.05973715651135,17626.0,167.0,3245.0499999999997,54.87145069695405,6.551746050451011,45.0,106.0,47.0,56.27193546295166,6.8988142013549805,255.0,22,78,661,2.0,78.46666666666667,773.0,11210.0,120.5,6,1,0
p07,2020-02-24,3,3,4,3,8,4,482.0,79.0,96.0,561.0,0.0,61.0,364.0,57.0,79.0,21.0,82.0,16.0,22.0,44.0,61.0,0.0632235084594835,18708.0,169.0,3394.3199999999997,53.597142857142856,8.418736650924693,43.0,152.0,46.0,55.99148082733154,6.823982238769531,258.0,28,75,518,1.0,50.53333333333333,593.0,8343.0,150.0,0,0,0
p07,2020-02-25,3,3,3,2,7,3,448.0,59.0,95.0,507.0,0.0,86.0,249.0,113.0,59.0,22.0,83.0,22.0,20.0,41.0,86.0,0.0555004955401387,20387.0,171.0,3754.27,58.47730930157709,17.34858282164377,43.0,151.0,47.0,56.501498222351074,6.799304008483887,281.0,48,98,506,1.0,46.8,560.0,6501.0,159.0,1,0,0
p07,2020-02-26,3,3,2,3,6,3,337.0,61.0,94.0,398.0,0.0,65.0,214.0,58.0,61.0,23.0,71.0,17.0,23.0,31.0,65.0,0.0614805520702634,18638.0,170.0,3170.11,54.63395638629284,5.6883458263920526,42.0,83.0,48.0,57.20426368713379,6.791135787963867,226.0,16,72,623,1.0,67.25,661.0,10201.0,129.0,2,0,0
p07,2020-02-27,3,3,4,3,7,2,508.0,147.0,87.0,655.0,0.0,79.0,382.0,47.0,147.0,22.0,75.0,16.0,19.0,40.0,78.0,0.13348588863463,18541.0,175.0,3571.13,54.743218806509944,9.64202849107566,42.0,122.0,47.0,57.22768497467041,6.788429260253906,243.0,42,87,413,1.0,44.88333333333333,492.0,6309.0,150.0,3,0,0
p07,2020-02-28,3,3,4,3,7,2,454.0,72.0,94.0,526.0,0.0,117.0,206.0,131.0,72.0,22.0,81.0,23.0,19.0,39.0,117.0,0.0930674264007597,19354.0,168.0,3179.08,58.34309165526676,6.213272229386714,47.0,100.0,50.0,59.13088893890381,6.787531852722168,198.0,21,91,604,2.0,83.16666666666667,769.0,11580.0,119.5,4,0,0
p07,2020-02-29,3,3,5,2,7,2,466.0,92.0,93.0,558.0,0.0,61.0,329.0,76.0,92.0,22.0,77.0,17.0,21.0,39.0,60.0,0.0971843778383288,18500.0,125.0,3916.7799999999997,57.16204437400951,14.2744560895055,42.0,147.0,46.0,58.06852340698242,6.787234306335449,360.0,52,104,366,3.0,74.85,596.0,5877.0,121.66666666666667,5,1,0
p07,2020-03-01,3,3,3,3,4,3,162.0,29.0,91.0,191.0,0.0,57.0,74.0,31.0,29.0,4.0,57.0,18.0,14.0,25.0,56.0,0.0652741514360313,11447.0,109.0,2886.38,61.33939537080774,7.512416509202424,47.0,92.0,49.0,60.02617359161377,10.273528099060059,181.0,67,41,960,1.0,73.38333333333334,497.0,6712.0,98.0,6,1,0
p07,2020-03-02,3,3,2,4,11,4,598.0,78.0,94.0,676.0,0.0,137.0,369.0,92.0,78.0,20.0,87.0,20.0,23.0,44.0,136.0,0.0561714708056171,7956.0,128.0,2587.63,49.08208208208208,5.577761004773442,41.0,83.0,43.0,57.91425895690918,11.156728744506836,299.0,0,0,465,,,,,,0,0,0
p07,2020-03-03,3,4,2,3,8,3,462.0,55.0,96.0,517.0,0.0,68.0,354.0,40.0,55.0,22.0,79.0,16.0,22.0,41.0,68.0,0.0708050436469447,11655.0,142.0,3013.22,50.78306306306306,5.53371406337941,43.0,111.0,45.0,56.34825611114502,8.03899097442627,294.0,28,40,561,1.0,17.066666666666666,123.0,1513.0,103.0,1,0,0
p07,2020-03-04,3,4,3,4,7,4,444.0,58.0,97.0,502.0,0.0,95.0,293.0,56.0,58.0,23.0,82.0,17.0,24.0,41.0,94.0,0.0552763819095477,12329.0,114.0,3300.66,54.8669918699187,8.215870032362874,43.0,95.0,46.0,56.29103755950928,7.184266090393066,229.0,59,64,586,1.0,110.01666666666667,765.0,5205.0,87.0,2,0,0
p07,2020-03-05,3,3,3,3,7,4,436.0,38.0,97.0,474.0,0.0,133.0,193.0,110.0,38.0,22.0,88.0,24.0,21.0,43.0,132.0,0.0585048754062838,15459.0,167.0,3248.46,55.77765726681128,7.01339078386806,44.0,81.0,49.0,57.7854585647583,6.91691780090332,308.0,43,46,569,1.0,33.55,158.0,1684.0,95.0,3,0,0
p07,2020-03-06,3,4,3,4,7,4,367.0,58.0,96.0,425.0,0.0,74.0,231.0,62.0,58.0,1.0,74.0,18.0,22.0,34.0,74.0,0.074074074074074,7428.0,116.0,2565.59,57.23109771414217,7.021885924409787,46.0,95.0,50.0,58.546531677246094,6.829933166503906,287.0,7,5,716,,,,,,4,0,0
p07,2020-03-07,3,3,3,4,6,3,366.0,61.0,94.0,427.0,0.0,76.0,251.0,39.0,61.0,23.0,72.0,16.0,23.0,33.0,76.0,0.0491228070175438,9694.0,116.0,2676.75,58.56526207605344,12.03392676038602,44.0,100.0,47.0,57.916686058044434,6.801271438598633,275.0,11,19,708,1.0,25.6,145.0,1629.0,100.0,5,1,0
p07,2020-03-09,3,3,3,3,8,3,547.0,66.0,96.0,613.0,0.0,112.0,332.0,103.0,66.0,21.0,86.0,20.0,21.0,45.0,112.0,0.0513447432762836,9040.0,121.0,2595.5299999999997,56.34300026364355,6.419839138284149,46.0,99.0,50.0,60.03900718688965,7.816951751708984,227.0,9,6,585,,,,,,0,0,0
p07,2020-03-10,3,3,3,3,8,4,487.0,83.0,94.0,570.0,0.0,97.0,293.0,97.0,83.0,21.0,86.0,19.0,23.0,44.0,96.0,0.0709903593339176,8661.0,120.0,2603.08,57.006700167504185,7.865098269517013,44.0,98.0,48.0,59.19132900238037,7.116339683532715,218.0,17,13,622,,,,,,1,0,0
p07,2020-03-11,3,3,4,2,7,4,452.0,85.0,96.0,537.0,0.0,133.0,192.0,127.0,85.0,22.0,86.0,24.0,23.0,39.0,133.0,0.0669856459330143,19547.0,166.0,3392.12,57.09549863218105,9.143675308135537,44.0,100.0,47.0,58.853607177734375,6.8949737548828125,256.0,32,76,539,1.0,57.43333333333333,640.0,8937.0,144.0,2,0,0
p07,2020-03-12,3,3,3,3,8,5,512.0,53.0,98.0,565.0,0.0,119.0,273.0,120.0,53.0,22.0,90.0,23.0,21.0,46.0,118.0,0.0559062218214607,17177.0,166.0,3053.44,53.6,4.870719264227758,46.0,79.0,49.0,58.66343593597412,6.822718620300293,238.0,14,67,556,1.0,52.81666666666667,513.0,8159.0,132.0,3,0,0
p07,2020-03-13,3,4,4,3,7,3,309.0,60.0,95.0,369.0,0.0,81.0,200.0,28.0,60.0,1.0,68.0,16.0,22.0,30.0,80.0,0.0983379501385041,13408.0,119.0,3058.43,55.64388349514563,9.781538379575805,43.0,86.0,46.0,57.58255863189697,6.798885345458984,274.0,3,49,745,1.0,52.9,498.0,4506.0,102.0,4,0,0
p07,2020-03-14,3,4,3,3,8,4,464.0,66.0,95.0,530.0,0.0,140.0,251.0,73.0,66.0,23.0,80.0,20.0,19.0,41.0,140.0,0.0478927203065134,13755.0,170.0,3007.1,59.91121718377088,8.688709191406646,46.0,112.0,51.0,59.69022464752197,6.790997505187988,242.0,12,49,607,1.0,54.516666666666666,557.0,7873.0,139.0,5,1,0
p07,2020-03-15,3,3,3,2,6,2,375.0,68.0,95.0,443.0,0.0,50.0,281.0,44.0,68.0,22.0,71.0,16.0,22.0,33.0,50.0,0.0721533258173618,5353.0,109.0,2502.19,56.94378608325737,7.500690959567888,45.0,86.0,49.0,59.801777839660645,6.788383483886719,262.0,0,0,735,,,,,,6,1,0
p07,2020-03-17,3,3,3,4,8,4,467.0,47.0,95.0,514.0,0.0,132.0,210.0,125.0,47.0,23.0,87.0,24.0,21.0,42.0,132.0,0.0583090379008746,15290.0,172.0,3104.95,58.47757671125098,6.846145598152677,45.0,93.0,51.0,60.33128356933594,6.787229537963867,126.0,7,79,714,2.0,78.35,908.0,11498.0,138.0,1,0,0
p07,2020-03-18,3,3,4,3,7,4,449.0,62.0,95.0,511.0,0.0,132.0,247.0,70.0,62.0,22.0,82.0,20.0,20.0,42.0,132.0,0.0553319919517102,14934.0,183.0,2999.38,61.7605099931082,8.536204592617343,50.0,118.0,54.0,62.55669975280762,6.787134170532227,173.0,5,69,622,2.0,70.15,750.0,10706.0,146.0,2,0,0
p07,2020-03-19,2,3,3,3,7,4,427.0,80.0,94.0,507.0,0.0,107.0,234.0,86.0,80.0,0.0,80.0,20.0,21.0,39.0,107.0,0.0857142857142857,10190.0,122.0,3013.36,60.46244868389278,6.8995100780061485,47.0,101.0,52.0,62.81834697723389,6.787102699279785,257.0,31,53,592,1.0,64.0,447.0,2749.0,105.0,3,0,0
p07,2020-03-20,3,4,5,4,8,4,450.0,62.0,96.0,512.0,0.0,137.0,217.0,96.0,62.0,23.0,86.0,23.0,22.0,41.0,136.0,0.0625620655412115,12551.0,179.0,2917.11,54.00031152647975,5.431490641193865,44.0,111.0,48.0,60.94653034210205,6.787092208862305,152.0,3,63,710,1.0,41.35,551.0,6715.0,171.0,4,0,0
p07,2020-03-21,3,3,3,3,8,4,476.0,62.0,95.0,538.0,0.0,80.0,334.0,62.0,62.0,22.0,80.0,17.0,23.0,40.0,79.0,0.0714948932219127,21638.0,170.0,3758.04,53.16216216216216,8.097890517752942,42.0,127.0,45.0,58.47750473022461,7.029189109802246,367.0,14,79,442,1.0,70.48333333333333,906.0,11639.0,163.0,5,1,0
p07,2020-03-22,3,3,2,3,6,3,388.0,47.0,93.0,435.0,0.0,86.0,226.0,76.0,47.0,23.0,79.0,19.0,23.0,37.0,86.0,0.0849598163030998,7912.0,124.0,2650.13,55.22096881220969,7.85985009621926,43.0,114.0,46.0,56.849209785461426,6.866663932800293,329.0,0,0,676,,,,,,6,1,0
p07,2020-03-24,3,3,4,4,8,4,485.0,66.0,97.0,551.0,0.0,90.0,296.0,99.0,66.0,23.0,83.0,20.0,18.0,45.0,89.0,0.0652765185856754,18611.0,168.0,3507.1,58.62949452840021,6.563360545251185,45.0,84.0,51.0,58.59474754333496,6.795801162719727,225.0,21,94,549,2.0,235.2,1354.0,13495.0,112.0,1,0,0
p07,2020-03-25,3,3,3,2,8,4,489.0,54.0,96.0,543.0,0.0,68.0,366.0,55.0,54.0,23.0,83.0,16.0,21.0,46.0,68.0,0.0671015843429636,3931.0,118.0,2631.38,57.21425862722791,6.5655890049290395,46.0,94.0,50.0,59.771084785461426,6.789975166320801,261.0,7,2,627,,,,,,2,0,0
p07,2020-03-26,3,3,3,3,7,2,414.0,73.0,92.0,487.0,0.0,89.0,263.0,62.0,73.0,0.0,78.0,17.0,24.0,37.0,88.0,0.0527983104540654,17300.0,167.0,3409.42,56.22654771559881,8.154009604956972,42.0,87.0,47.0,58.417633056640625,6.7880449295043945,273.0,43,74,563,1.0,56.18333333333333,625.0,8893.0,146.0,3,0,0
p07,2020-03-28,3,3,4,3,8,4,437.0,58.0,97.0,495.0,0.0,64.0,313.0,60.0,58.0,23.0,81.0,17.0,23.0,41.0,64.0,0.0494450050454086,11656.0,111.0,3202.15,53.48442652986442,5.558987469762228,44.0,103.0,48.0,57.808390617370605,6.787192344665527,465.0,4,9,467,,,,,,5,1,0
p07,2020-03-29,3,3,4,3,7,3,,,,,,,,,,,,,,,,,1720.0,55.0,2097.2999999999997,52.0110829639012,4.134981453095256,42.0,81.0,47.0,0.0,0.0,115.0,0,0,1325,,,,,,6,1,0
p08,2019-11-11,2,4,4,4,8,4,,,,,,,,,,,,,,,,,14174.0,135.0,3401.21,82.66292134831461,35.615616127507685,44.0,157.0,51.0,52.19999980926514,100.0,159.0,9,81,1191,2.0,85.36666666666666,952.0,8839.0,119.5,0,0,0
p08,2019-11-12,3,3,6,3,8,2,409.0,76.0,91.0,485.0,0.0,62.0,285.0,62.0,76.0,23.0,72.0,17.0,18.0,37.0,62.0,0.1076280041797283,24821.0,165.0,4860.61,84.98853868194843,44.41891890514075,42.0,189.0,47.0,51.96185874938965,13.884297370910645,209.0,21,159,566,4.0,140.91666666666666,1848.0,16511.0,150.75,1,0,0
p08,2019-11-13,2,3,3,3,8,2,423.0,61.0,93.0,484.0,0.0,73.0,303.0,47.0,61.0,23.0,74.0,16.0,16.0,42.0,72.0,0.0725720384204909,11012.0,129.0,3259.4900000000002,60.220419426048565,10.239891250559706,42.0,112.0,48.0,53.035888671875,8.661454200744629,269.0,10,30,647,1.0,27.316666666666666,254.0,2930.0,96.0,2,0,0
p08,2019-11-14,2,3,3,2,8,2,402.0,64.0,94.0,466.0,0.0,57.0,287.0,58.0,64.0,23.0,73.0,17.0,19.0,37.0,56.0,0.082529474812433,19199.0,164.0,4171.72,74.88649193548387,39.328079939823326,42.0,187.0,45.0,51.67808818817139,7.369269371032715,199.0,44,96,635,2.0,83.8,1159.0,10115.0,127.5,3,0,0
p08,2019-11-15,2,4,5,4,8,4,420.0,80.0,90.0,500.0,0.0,70.0,243.0,107.0,80.0,23.0,76.0,21.0,15.0,40.0,70.0,0.0826985854189336,13145.0,146.0,3766.4900000000002,68.85037081579475,18.164179486576508,42.0,156.0,49.0,53.46873664855957,6.9761505126953125,184.0,44,99,613,3.0,139.76666666666668,1184.0,6619.0,109.66666666666667,4,0,0
p08,2019-11-16,3,4,3,4,10,3,516.0,104.0,91.0,620.0,0.0,62.0,382.0,72.0,104.0,0.0,75.0,17.0,16.0,42.0,62.0,0.1023368251410153,15805.0,130.0,3656.02,71.07650031025618,28.034421882826088,44.0,165.0,49.0,54.42625331878662,6.849348068237305,130.0,33,111,546,3.0,125.38333333333333,487.0,5603.0,95.0,5,1,0
p08,2019-11-17,2,3,2,3,9,2,491.0,62.0,90.0,553.0,0.0,84.0,311.0,96.0,62.0,0.0,83.0,19.0,19.0,45.0,84.0,0.1056910569105691,20656.0,157.0,3935.94,74.91998016037034,32.4796162939585,41.0,157.0,47.0,53.57524871826172,6.807683944702148,201.0,7,106,573,1.0,104.98333333333333,1340.0,15795.0,133.0,6,1,0
p08,2019-11-18,2,3,1,2,8,2,431.0,72.0,92.0,503.0,0.0,46.0,325.0,60.0,72.0,23.0,76.0,16.0,19.0,41.0,46.0,0.0959040959040959,17151.0,157.0,3900.7400000000002,70.13999807562783,33.68852611843285,42.0,169.0,46.0,52.600412368774414,6.793910980224609,213.0,32,78,614,1.0,50.53333333333333,780.0,7756.0,157.0,0,0,0
p08,2019-11-19,2,4,2,4,7,4,416.0,73.0,88.0,489.0,0.0,74.0,306.0,36.0,73.0,23.0,66.0,16.0,13.0,37.0,74.0,0.1134020618556701,17937.0,156.0,3836.96,71.88577265973254,25.44808525649852,43.0,148.0,50.0,53.90031147003174,6.789348602294922,238.0,28,84,601,2.0,74.11666666666666,844.0,8750.0,117.5,1,0,0
p08,2019-11-20,1,2,1,2,7,2,423.0,66.0,90.0,489.0,0.0,70.0,277.0,76.0,66.0,23.0,73.0,18.0,14.0,41.0,70.0,0.1015544041450777,19813.0,165.0,4094.23,69.48589094997189,21.016200448252135,45.0,157.0,51.0,55.417375564575195,6.787837028503418,194.0,51,116,590,5.0,93.71666666666667,1005.0,9861.0,120.6,2,0,0
p08,2019-11-21,3,4,3,4,8,4,437.0,58.0,91.0,495.0,0.0,63.0,316.0,58.0,58.0,23.0,73.0,17.0,15.0,41.0,63.0,0.0827447023208879,16706.0,166.0,3879.29,77.04977852773676,33.613502907880616,45.0,197.0,52.0,56.59887886047363,6.787335395812988,281.0,6,59,599,2.0,57.75,874.0,7963.0,155.5,3,0,0
p08,2019-11-22,2,3,3,2,8,2,417.0,75.0,95.0,492.0,0.0,67.0,280.0,70.0,75.0,23.0,71.0,17.0,19.0,35.0,66.0,0.1045685279187817,11921.0,123.0,3503.12,66.87602711585866,17.255937292024566,43.0,129.0,49.0,55.581910133361816,6.787169456481934,178.0,40,85,645,3.0,104.96666666666667,842.0,4952.0,97.33333333333333,4,0,0
p08,2019-11-23,3,4,4,4,9,4,567.0,77.0,94.0,644.0,0.0,61.0,452.0,54.0,77.0,0.0,79.0,16.0,18.0,45.0,61.0,0.068308181096108,23972.0,162.0,5434.61,77.65869411645978,28.634358629029528,45.0,165.0,49.0,55.574981689453125,6.787114143371582,193.0,151,226,226,4.0,108.25,1085.0,11543.0,120.5,5,1,0
p08,2019-11-25,3,4,6,4,7,4,428.0,69.0,95.0,497.0,0.0,39.0,343.0,46.0,69.0,23.0,77.0,15.0,22.0,40.0,39.0,0.0798786653185035,19289.0,159.0,3895.38,70.60615415255926,30.162626203423393,41.0,170.0,47.0,57.87420463562012,12.764032363891602,240.0,51,74,578,2.0,81.66666666666667,938.0,9904.0,123.0,0,0,0
p08,2019-11-26,2,4,6,3,7,2,433.0,53.0,94.0,486.0,0.0,58.0,300.0,75.0,53.0,23.0,81.0,18.0,21.0,42.0,57.0,0.0609884332281808,17322.0,165.0,3930.27,76.39965397923875,36.2509387770585,42.0,192.0,49.0,55.233521461486816,8.417966842651367,217.0,39,80,618,1.0,70.93333333333334,1001.0,9004.0,148.0,1,0,0
p08,2019-11-27,4,4,7,2,7,4,449.0,63.0,93.0,512.0,0.0,63.0,319.0,67.0,63.0,23.0,76.0,17.0,18.0,41.0,63.0,0.0753221010901883,19828.0,161.0,3990.81,64.83603195164076,16.990061718135923,43.0,180.0,51.0,55.30907917022705,7.297834396362305,194.0,21,125,588,3.0,49.599999999999994,471.0,5330.0,123.33333333333333,2,0,1
p08,2019-11-29,2,5,7,4,7,3,383.0,67.0,96.0,450.0,0.0,15.0,314.0,54.0,67.0,0.0,68.0,14.0,19.0,35.0,15.0,0.0688124306326304,14600.0,133.0,3609.48,68.6101339196482,15.512011539160778,45.0,136.0,49.0,54.27934741973877,6.841891288757324,258.0,27,57,648,3.0,93.31666666666666,832.0,6225.0,109.33333333333333,4,0,0
p08,2019-11-30,1,2,3,4,8,2,499.0,52.0,94.0,551.0,0.0,94.0,350.0,55.0,52.0,1.0,76.0,17.0,13.0,46.0,93.0,0.0843155031731641,20736.0,162.0,4462.96,80.42440460262243,30.40715190489008,45.0,190.0,54.0,56.54877758026123,7.692988395690918,240.0,49,129,471,5.0,141.26666666666665,1418.0,13596.0,117.4,5,1,0
p08,2019-12-01,3,4,4,2,8,4,449.0,60.0,93.0,509.0,0.0,48.0,308.0,93.0,60.0,0.0,78.0,19.0,17.0,42.0,48.0,0.0908173562058526,29456.0,159.0,4716.93,83.12704498977506,32.98307473661905,45.0,150.0,52.0,56.5160493850708,7.077959060668945,253.0,19,163,496,4.0,172.4,2001.0,22467.0,115.5,6,1,0
p08,2019-12-02,3,4,7,2,7,4,411.0,72.0,94.0,483.0,0.0,62.0,301.0,48.0,72.0,23.0,73.0,16.0,21.0,36.0,61.0,0.0785340314136125,24322.0,159.0,4513.33,75.99208443271768,32.822496324768714,43.0,156.0,47.0,54.32148456573486,6.8825273513793945,325.0,24,113,495,4.0,122.30000000000001,1401.0,15016.0,120.0,0,0,0
p08,2019-12-03,4,4,5,4,7,4,417.0,88.0,95.0,505.0,0.0,62.0,305.0,50.0,88.0,23.0,69.0,16.0,16.0,37.0,61.0,0.0934579439252336,18682.0,165.0,4000.82,74.20121891280841,33.075066115037565,44.0,188.0,50.0,54.956220626831055,6.818622589111328,223.0,26,105,581,3.0,100.01666666666667,1189.0,11356.0,120.66666666666667,1,0,1
p08,2019-12-04,4,4,7,2,8,3,400.0,76.0,95.0,476.0,0.0,67.0,254.0,79.0,76.0,23.0,68.0,18.0,16.0,34.0,66.0,0.0996852046169989,20827.0,165.0,4025.92,74.60762380538662,29.741727662929947,44.0,169.0,50.0,54.90780448913574,6.7975311279296875,176.0,25,122,641,6.0,104.85,1269.0,12509.0,127.16666666666667,2,0,1
p08,2019-12-08,3,4,6,5,8,4,502.0,76.0,93.0,578.0,0.0,47.0,407.0,48.0,76.0,0.0,79.0,16.0,18.0,45.0,46.0,0.081952920662598,28359.0,173.0,4871.08,86.02426372155288,42.295942827221694,43.0,177.0,47.0,53.03565311431885,6.787213325500488,185.0,22,169,486,2.0,143.04999999999998,2066.0,21641.0,131.5,6,1,0
p08,2019-12-09,2,4,5,3,8,3,424.0,75.0,91.0,499.0,0.0,68.0,302.0,54.0,75.0,23.0,74.0,17.0,16.0,41.0,67.0,0.0771637122002085,17406.0,160.0,4121.93,69.43328889344683,21.04786329231103,44.0,149.0,50.0,54.17961883544922,6.7871294021606445,240.0,62,95,544,1.0,25.6,301.0,3616.0,126.0,0,0,0
p08,2019-12-10,2,4,6,3,7,2,347.0,48.0,93.0,395.0,0.0,50.0,247.0,50.0,48.0,0.0,65.0,17.0,13.0,35.0,50.0,0.1008939974457215,17234.0,169.0,4026.41,79.49331469020362,32.686275553494475,46.0,187.0,55.0,56.633535385131836,6.787100791931152,243.0,16,82,704,1.0,74.26666666666667,1032.0,10010.0,148.0,1,0,0
p08,2019-12-11,4,4,7,4,8,5,516.0,80.0,92.0,596.0,0.0,65.0,361.0,90.0,80.0,22.0,79.0,18.0,17.0,44.0,65.0,0.0954391891891891,18289.0,160.0,4066.12,77.09020273287487,31.52584315512649,45.0,158.0,50.0,56.22352600097656,6.787091255187988,201.0,27,108,508,2.0,125.48333333333335,1218.0,8775.0,123.0,2,0,1
p08,2019-12-12,3,4,6,2,8,4,427.0,59.0,94.0,486.0,0.0,51.0,348.0,28.0,59.0,23.0,74.0,15.0,17.0,42.0,51.0,0.0695468914646996,22473.0,165.0,4460.67,82.39142065539313,39.74634526027877,46.0,186.0,51.0,56.42619609832764,6.787088394165039,282.0,20,106,546,1.0,39.583333333333336,640.0,5788.0,164.0,3,0,0
p08,2019-12-13,4,5,7,4,7,4,410.0,71.0,96.0,481.0,0.0,76.0,290.0,44.0,71.0,23.0,77.0,16.0,23.0,38.0,76.0,0.0625674217907227,1636.0,108.0,2097.4500000000003,53.691212567501225,8.072613394339228,42.0,101.0,46.0,55.12805366516113,6.787087440490723,49.0,0,0,910,,,,,,4,0,1
p08,2019-12-14,2,4,2,4,7,2,,,,,,,,,,,,,,,,,,,1900.8000000000002,,,,,,0.0,0.0,0.0,0,0,1440,,,,,,5,1,0
p08,2019-12-15,1,2,4,4,7,2,,,,,,,,,,,,,,,,,,,1900.8000000000002,,,,,,0.0,0.0,0.0,0,0,1440,,,,,,6,1,0
p08,2019-12-16,2,3,6,2,7,2,,,,,,,,,,,,,,,,,,,1900.8000000000002,,,,,,0.0,0.0,0.0,0,0,1440,,,,,,0,0,0
p08,2019-12-17,1,3,4,4,7,2,,,,,,,,,,,,,,,,,12512.0,165.0,3311.37,106.51457645764576,42.32739438787257,47.0,190.0,57.0,55.45276165008545,13.115224838256836,112.0,30,67,1231,1.0,66.06666666666666,897.0,7624.0,145.0,1,0,0
p08,2019-12-18,2,4,5,4,8,4,410.0,68.0,96.0,478.0,0.0,56.0,307.0,47.0,68.0,0.0,72.0,16.0,19.0,37.0,56.0,0.0844772967265047,15660.0,162.0,3690.59,71.90186487312748,29.65557224764998,42.0,160.0,48.0,54.962510108947754,8.496018409729004,256.0,9,57,640,1.0,51.18333333333333,719.0,8010.0,145.0,2,0,0
p08,2019-12-19,2,5,5,2,8,3,404.0,78.0,92.0,482.0,0.0,68.0,293.0,43.0,78.0,0.0,70.0,16.0,19.0,35.0,67.0,0.0911949685534591,19479.0,117.0,5246.76,68.44246031746032,19.717487972703637,43.0,133.0,47.0,54.42197036743164,7.32086181640625,376.0,165,117,300,3.0,139.1,1110.0,8164.0,102.33333333333333,3,0,0
p08,2019-12-20,2,4,3,4,7,4,430.0,97.0,82.0,527.0,0.0,82.0,304.0,44.0,97.0,3.0,62.0,16.0,10.0,36.0,82.0,0.166824644549763,11564.0,119.0,3936.53,70.7466775472138,13.24383450592903,43.0,125.0,51.0,56.5414457321167,10.676556587219238,259.0,87,70,497,1.0,16.216666666666665,138.0,1661.0,96.0,4,0,0
p08,2019-12-21,3,4,6,4,8,4,433.0,58.0,96.0,491.0,0.0,41.0,335.0,57.0,58.0,0.0,78.0,16.0,21.0,41.0,41.0,0.0769230769230769,33649.0,170.0,5601.83,82.55582417582417,32.48342233845117,41.0,159.0,47.0,53.67259120941162,7.918313026428223,276.0,85,234,354,3.0,186.26666666666665,1818.0,18366.0,115.33333333333333,5,1,0
p08,2019-12-22,2,4,5,3,7,3,440.0,81.0,90.0,521.0,0.0,107.0,282.0,51.0,81.0,3.0,67.0,17.0,11.0,39.0,106.0,0.1388621022179363,16694.0,161.0,4090.13,75.7314930991217,26.078880591682402,43.0,157.0,52.0,55.64833641052246,9.508211135864258,276.0,44,77,443,2.0,60.516666666666666,765.0,8613.0,123.5,6,1,0
p08,2019-12-23,3,5,7,3,8,4,518.0,66.0,94.0,584.0,0.0,80.0,366.0,72.0,66.0,0.0,85.0,17.0,22.0,46.0,80.0,0.0826086956521739,22054.0,173.0,4676.55,79.03236994219654,43.264835037630355,41.0,186.0,45.0,52.86355781555176,7.608816146850586,268.0,52,109,427,1.0,81.8,1317.0,11956.0,162.0,0,0,0
p08,2019-12-24,2,5,4,5,7,2,359.0,70.0,91.0,429.0,0.0,68.0,251.0,40.0,70.0,23.0,62.0,16.0,14.0,32.0,68.0,0.1129220023282887,12261.0,107.0,4157.29,67.06054054054054,15.460959372710331,43.0,169.0,48.0,54.158735275268555,7.051709175109863,299.0,35,98,579,1.0,15.366666666666667,112.0,0.0,,1,0,0
p08,2019-12-25,3,2,2,5,8,4,521.0,81.0,94.0,602.0,0.0,93.0,397.0,31.0,81.0,2.0,75.0,15.0,16.0,44.0,92.0,0.0995850622406639,3477.0,171.0,2405.6,58.60809806835067,7.839604387459072,42.0,100.0,49.0,55.25186061859131,6.873995780944824,142.0,0,0,696,,,,,,2,0,0
p08,2019-12-26,2,3,3,4,9,4,,,,,,,,,,,,,,,,,10089.0,155.0,3196.38,91.06689655172414,36.88681093117437,50.0,173.0,57.0,55.59990119934082,10.771411895751953,174.0,3,41,1222,1.0,36.666666666666664,571.0,5484.0,160.0,3,0,0
p08,2019-12-27,4,4,6,3,9,4,523.0,103.0,95.0,626.0,0.0,92.0,354.0,77.0,103.0,1.0,80.0,17.0,20.0,43.0,92.0,0.0898876404494382,16800.0,160.0,3672.2200000000003,71.62884390813547,33.42089678136457,42.0,171.0,48.0,54.69072246551514,7.942440986633301,219.0,16,76,503,2.0,68.51666666666667,930.0,9671.0,127.0,4,0,1
p08,2019-12-28,2,4,2,2,6,2,399.0,87.0,94.0,486.0,0.0,45.0,349.0,5.0,87.0,1.0,63.0,14.0,16.0,33.0,45.0,0.0970072239422084,10655.0,143.0,3546.7200000000003,64.51903195488721,13.801107119649377,43.0,123.0,49.0,54.56385612487793,7.154857635498047,341.0,33,16,564,,,,,,5,1,0
p08,2019-12-30,4,4,7,4,8,4,524.0,80.0,96.0,604.0,0.0,83.0,314.0,127.0,80.0,1.0,85.0,21.0,20.0,44.0,83.0,0.097601323407775,13145.0,161.0,3212.6,68.86287142994519,27.90644051921187,43.0,184.0,48.0,54.64861297607422,7.264883041381836,127.0,12,71,626,2.0,56.21666666666667,750.0,8837.0,134.0,0,0,1
p08,2019-12-31,2,4,7,5,8,4,495.0,68.0,96.0,563.0,0.0,77.0,350.0,68.0,68.0,2.0,85.0,17.0,22.0,46.0,76.0,0.065619223659889,11431.0,167.0,3453.04,67.82080683831961,29.380348104985565,43.0,192.0,47.0,53.25741100311279,6.942824363708496,232.0,21,49,575,2.0,53.95,664.0,5756.0,134.5,1,0,0
p08,2020-01-01,1,4,2,3,6,2,324.0,54.0,91.0,378.0,0.0,28.0,218.0,78.0,54.0,6.0,63.0,19.0,13.0,31.0,27.0,0.095112285336856,21961.0,165.0,4481.94,78.66866987179488,26.29622656575091,43.0,180.0,55.0,55.35700607299805,10.391522407531738,146.0,89,152,600,3.0,159.35000000000002,1561.0,15474.0,118.33333333333333,2,0,0
p08,2020-01-02,2,4,4,2,6,3,387.0,46.0,98.0,433.0,0.0,43.0,292.0,52.0,46.0,1.0,75.0,16.0,21.0,38.0,43.0,0.063437139561707,13047.0,163.0,3312.13,69.95284389317243,32.12773820819081,44.0,175.0,48.0,53.38622856140137,7.844931602478027,166.0,7,62,706,2.0,67.76666666666667,854.0,8687.0,126.0,3,0,0
p08,2020-01-03,2,4,4,3,6,2,,,,,,,,,,,,,,,,,9298.0,119.0,3040.34,63.162595562185345,9.34450090977838,45.0,107.0,52.0,53.547109603881836,11.56438159942627,241.0,18,11,1170,1.0,18.766666666666666,152.0,1556.0,96.0,4,0,0
p08,2020-01-04,4,4,7,4,8,4,426.0,112.0,92.0,538.0,0.0,61.0,311.0,54.0,112.0,0.0,71.0,16.0,20.0,35.0,60.0,0.1130841121495327,24885.0,172.0,5063.53,86.88278735088052,49.85449417083155,41.0,194.0,46.0,51.232924461364746,8.138649940490723,227.0,42,136,497,1.0,95.31666666666666,1647.0,14715.0,180.0,5,1,1
p08,2020-01-05,2,4,4,4,8,4,430.0,54.0,96.0,484.0,0.0,68.0,311.0,51.0,54.0,0.0,73.0,16.0,15.0,42.0,68.0,0.0819327731092437,13328.0,161.0,3362.58,68.67666698015611,24.57273409337508,42.0,157.0,49.0,52.217698097229004,7.214417457580566,196.0,12,79,669,2.0,83.55,822.0,8997.0,121.0,6,1,0
p08,2020-01-06,2,4,5,2,7,2,399.0,66.0,91.0,465.0,0.0,40.0,290.0,69.0,66.0,23.0,70.0,17.0,18.0,35.0,40.0,0.0827067669172932,13764.0,159.0,3564.38,68.0585043409629,25.452200975104997,43.0,182.0,48.0,52.12335681915283,6.926624298095703,265.0,24,62,624,2.0,63.016666666666666,677.0,6601.0,127.5,0,0,0
p08,2020-01-07,3,4,5,3,7,4,390.0,76.0,95.0,466.0,0.0,47.0,294.0,49.0,76.0,23.0,66.0,16.0,16.0,34.0,47.0,0.0836047774158523,17754.0,158.0,3800.88,71.98167168408004,28.570898120839384,43.0,152.0,50.0,53.16226387023926,6.833120346069336,209.0,24,81,660,1.0,64.53333333333333,849.0,9501.0,140.0,1,0,0
p08,2020-01-08,2,4,5,2,6,2,413.0,77.0,93.0,490.0,0.0,59.0,307.0,47.0,77.0,23.0,71.0,16.0,18.0,37.0,58.0,0.0770855332629355,7713.0,109.0,3427.67,58.842278669359125,9.949072816557065,44.0,128.0,48.0,53.27099800109863,6.802324295043945,202.0,23,74,651,1.0,88.81666666666666,819.0,1829.0,118.0,2,0,0
p08,2020-01-09,2,4,5,3,7,4,444.0,57.0,96.0,501.0,0.0,67.0,311.0,66.0,57.0,23.0,77.0,17.0,18.0,42.0,67.0,0.0854271356783919,13620.0,158.0,3497.98,71.991373257097,32.12836547020291,43.0,184.0,48.0,52.939626693725586,6.792136192321777,201.0,10,66,662,1.0,61.5,796.0,6891.0,138.0,3,0,0
p08,2020-01-11,2,4,2,2,8,4,480.0,107.0,97.0,587.0,0.0,62.0,352.0,66.0,107.0,0.0,76.0,17.0,16.0,43.0,62.0,0.0669045495093666,5520.0,113.0,3057.55,63.379665766036226,10.54072294866871,45.0,126.0,51.0,55.20027256011963,6.787642478942871,225.0,20,21,587,1.0,55.9,420.0,711.0,110.0,5,1,0
p08,2020-01-12,1,2,0,2,4,2,224.0,36.0,85.0,260.0,0.0,33.0,180.0,11.0,36.0,0.0,52.0,14.0,11.0,27.0,33.0,0.1457085828343313,1561.0,54.0,2506.53,74.9048062979076,7.970053742271501,53.0,112.0,63.0,57.09143257141113,10.27383804321289,112.0,0,0,983,,,,,,6,1,0
p08,2020-01-13,1,3,0,2,7,2,454.0,98.0,85.0,552.0,0.0,32.0,356.0,66.0,98.0,23.0,63.0,15.0,11.0,37.0,32.0,0.1701357466063348,999.0,72.0,2152.4900000000002,61.39664578702768,6.903034937247872,46.0,123.0,52.0,59.630255699157715,7.814243316650391,67.0,0,0,673,,,,,,0,0,0
p08,2020-01-14,1,3,0,2,8,3,437.0,80.0,90.0,517.0,0.0,40.0,322.0,75.0,80.0,23.0,73.0,17.0,17.0,39.0,40.0,0.1497584541062802,1792.0,53.0,2291.04,59.10654379788776,7.519863354630696,44.0,98.0,50.0,57.290884017944336,7.115504264831543,132.0,0,0,791,,,,,,1,0,0
p08,2020-01-18,2,4,2,2,10,4,621.0,75.0,94.0,696.0,0.0,91.0,368.0,162.0,75.0,0.0,88.0,22.0,21.0,45.0,91.0,0.091970802919708,9302.0,118.0,3056.68,52.893692777212614,8.239854294500955,41.0,137.0,44.0,51.02504348754883,8.277986526489258,148.0,1,63,532,1.0,63.15,695.0,5543.0,120.0,5,1,0
p08,2020-01-19,2,4,4,2,8,3,470.0,72.0,94.0,542.0,0.0,31.0,328.0,111.0,72.0,22.0,79.0,20.0,19.0,40.0,31.0,0.1096774193548387,10593.0,115.0,2933.53,52.45858770858771,7.60415380584993,41.0,108.0,44.0,49.079044342041016,7.256228446960449,147.0,15,59,611,3.0,69.98333333333333,572.0,6723.0,89.0,6,1,0
p08,2020-01-22,2,4,3,3,8,4,496.0,68.0,96.0,564.0,0.0,97.0,330.0,69.0,68.0,22.0,76.0,17.0,14.0,45.0,96.0,0.0735163861824623,6205.0,113.0,3088.7200000000003,61.65276045799796,10.842415895840386,42.0,120.0,48.0,50.80616855621338,6.803779602050781,284.0,0,0,592,,,,,,2,0,0
p08,2020-01-23,2,4,4,3,7,4,431.0,62.0,97.0,493.0,0.0,65.0,283.0,83.0,62.0,23.0,79.0,19.0,19.0,41.0,65.0,0.0712074303405572,18216.0,158.0,4123.16,62.24919466175794,19.751080840822265,41.0,172.0,45.0,50.3295316696167,6.7926177978515625,278.0,30,105,534,3.0,56.11666666666667,610.0,6375.0,119.33333333333333,3,0,0
p08,2020-01-31,3,4,6,3,7,4,467.0,69.0,93.0,536.0,0.0,57.0,386.0,24.0,69.0,23.0,78.0,15.0,22.0,41.0,56.0,0.0765550239234449,14983.0,155.0,3462.9,71.92057761732852,29.905760869642048,40.0,165.0,46.0,56.446027755737305,7.461342811584473,215.0,5,64,620,1.0,61.15,776.0,8796.0,139.0,4,0,0
p08,2020-02-01,2,4,5,4,8,4,495.0,74.0,96.0,569.0,0.0,92.0,342.0,61.0,74.0,23.0,82.0,17.0,20.0,45.0,91.0,0.0814880425155004,16555.0,163.0,3745.51,74.13574982231698,28.032659404194455,43.0,207.0,48.0,56.546247482299805,7.005343437194824,157.0,20,113,581,3.0,87.01666666666667,938.0,9394.0,137.66666666666666,5,1,0
p08,2020-02-02,3,4,5,3,9,4,565.0,70.0,95.0,635.0,0.0,101.0,353.0,111.0,70.0,23.0,85.0,20.0,20.0,45.0,101.0,0.0785091197462331,16201.0,165.0,3740.01,76.52138108939378,33.33876754694813,43.0,168.0,49.0,57.155762672424316,6.85888671875,203.0,20,82,500,3.0,80.68333333333334,994.0,10646.0,141.66666666666666,6,1,0
p08,2020-02-03,3,4,7,4,8,4,421.0,63.0,98.0,484.0,0.0,49.0,295.0,77.0,63.0,23.0,78.0,18.0,19.0,41.0,48.0,0.0694300518134715,19830.0,161.0,4070.47,79.70146276595744,34.37032921708042,46.0,189.0,51.0,58.31147480010986,6.810831069946289,246.0,26,98,586,2.0,118.33333333333333,1323.0,12231.0,120.5,0,0,0
p08,2020-02-04,3,4,4,4,7,4,415.0,65.0,95.0,480.0,0.0,66.0,311.0,38.0,65.0,23.0,74.0,16.0,21.0,37.0,66.0,0.0739176346356916,18381.0,164.0,3873.32,76.89029724181023,28.69880058002767,42.0,168.0,49.0,57.81823539733887,6.794952392578125,208.0,23,102,627,4.0,108.06666666666668,1126.0,11215.0,124.25,1,0,0
p08,2020-02-05,2,4,5,4,7,4,434.0,78.0,97.0,512.0,0.0,60.0,317.0,57.0,78.0,22.0,75.0,16.0,20.0,39.0,60.0,0.0664711632453567,12670.0,119.0,3536.25,64.39198668410415,11.016745549808087,46.0,122.0,51.0,58.757845878601074,6.789693832397461,277.0,24,41,586,1.0,21.333333333333332,228.0,1500.0,107.0,2,0,0
p08,2020-02-06,2,4,4,3,7,4,427.0,73.0,98.0,500.0,0.0,77.0,329.0,21.0,73.0,23.0,74.0,15.0,19.0,40.0,77.0,0.0739260739260739,18047.0,157.0,3805.41,75.6796728741748,27.256713320213347,44.0,180.0,51.0,58.63391971588135,6.787951469421387,194.0,22,116,608,4.0,125.86666666666667,1246.0,12444.0,116.25,3,0,0
p08,2020-02-09,4,4,8,4,8,4,468.0,60.0,96.0,528.0,0.0,64.0,349.0,55.0,60.0,23.0,78.0,16.0,20.0,42.0,64.0,0.0846812559467174,33775.0,159.0,5253.37,89.10614741406008,35.271454891322854,43.0,171.0,51.0,59.005249977111816,6.787118911743164,181.0,45,240,446,5.0,229.0,2376.0,24082.0,100.2,6,1,1
p08,2020-02-10,2,4,5,2,7,3,418.0,63.0,93.0,481.0,0.0,75.0,303.0,40.0,63.0,23.0,73.0,16.0,19.0,38.0,75.0,0.0809968847352024,18113.0,161.0,3913.41,77.19518364868966,32.96613241700146,46.0,188.0,52.0,59.23155498504639,6.787097930908203,254.0,26,80,599,1.0,63.78333333333333,830.0,8245.0,147.0,0,0,0
p08,2020-02-11,3,4,7,4,8,4,461.0,59.0,90.0,520.0,0.0,72.0,308.0,81.0,59.0,23.0,81.0,18.0,21.0,42.0,72.0,0.0724779627815866,20973.0,164.0,4148.54,74.33182308522115,26.89508694981227,45.0,165.0,51.0,58.824584007263184,6.787090301513672,263.0,37,109,511,4.0,78.89999999999999,824.0,8447.0,128.25,1,0,0
p08,2020-02-12,3,3,5,3,7,3,431.0,75.0,93.0,506.0,0.0,43.0,360.0,28.0,75.0,23.0,72.0,15.0,18.0,39.0,43.0,0.1036525172754195,21001.0,168.0,4389.79,84.35295262185038,38.913762844180525,47.0,187.0,53.0,58.96860599517822,6.787088394165039,296.0,22,96,520,3.0,90.91666666666667,1266.0,11972.0,150.66666666666666,2,0,0
p08,2020-02-13,2,4,5,2,7,3,416.0,49.0,96.0,465.0,0.0,84.0,305.0,27.0,49.0,23.0,72.0,15.0,18.0,39.0,83.0,0.0644468313641246,15761.0,160.0,3700.14,79.4633312222926,28.220455591760793,48.0,163.0,53.0,59.945539474487305,6.787087440490723,232.0,17,73,653,1.0,42.166666666666664,584.0,6597.0,143.0,3,0,0
p08,2020-02-14,2,4,4,2,6,2,395.0,57.0,92.0,452.0,0.0,12.0,369.0,14.0,57.0,23.0,62.0,12.0,13.0,37.0,12.0,0.0709534368070953,17383.0,136.0,4042.47,81.1493831919815,31.403126935167737,44.0,186.0,55.0,62.311007499694824,6.787087440490723,287.0,20,95,586,3.0,99.19999999999999,1148.0,9132.0,123.66666666666667,4,0,0
p08,2020-02-15,3,4,6,3,8,4,487.0,54.0,98.0,541.0,0.0,77.0,349.0,61.0,54.0,0.0,86.0,17.0,23.0,46.0,77.0,0.0525821596244131,15634.0,161.0,3475.2200000000003,73.98394961397806,31.840471920851574,43.0,164.0,49.0,60.51766109466553,9.022723197937012,196.0,12,71,620,2.0,76.56666666666666,868.0,10067.0,139.0,5,1,0
p08,2020-02-18,2,4,5,2,7,3,454.0,56.0,93.0,510.0,0.0,66.0,367.0,21.0,56.0,22.0,70.0,15.0,14.0,41.0,65.0,0.0822722820763956,18045.0,165.0,3729.7200000000003,76.32413010590015,26.239491436137595,49.0,187.0,55.0,59.2921724319458,6.860101699829102,194.0,25,97,614,2.0,94.91666666666666,963.0,9509.0,123.0,1,0,0
p08,2020-02-20,2,4,6,3,7,4,416.0,69.0,96.0,485.0,0.0,68.0,255.0,93.0,69.0,23.0,76.0,20.0,19.0,37.0,68.0,0.0787564766839378,20914.0,154.0,4378.4800000000005,81.8033406243786,29.587282390979777,44.0,163.0,51.0,58.06359577178955,6.7950849533081055,368.0,24,72,491,2.0,104.41666666666666,841.0,9492.0,136.5,3,0,0
p08,2020-02-21,2,3,6,3,6,3,358.0,35.0,96.0,393.0,0.0,42.0,264.0,52.0,35.0,1.0,75.0,17.0,21.0,37.0,42.0,0.055627425614489,29910.0,157.0,5418.63,88.3621120599875,33.88754621689157,45.0,163.0,52.0,58.092905044555664,6.789737701416016,341.0,75,176,455,5.0,185.73333333333335,1967.0,19350.0,121.0,4,0,0
p08,2020-02-22,2,3,4,3,7,2,424.0,60.0,94.0,484.0,0.0,62.0,328.0,34.0,60.0,1.0,71.0,15.0,15.0,41.0,61.0,0.0764397905759162,5226.0,134.0,2677.79,68.68219422171312,11.092174443332334,47.0,124.0,55.0,60.166069984436035,6.787965774536133,173.0,2,12,769,,,,,,5,1,0
p08,2020-02-23,3,3,5,3,9,4,522.0,70.0,98.0,592.0,0.0,60.0,388.0,74.0,70.0,0.0,84.0,17.0,21.0,46.0,60.0,0.071244635193133,27158.0,163.0,4646.59,82.9489812161732,33.6585131933131,43.0,201.0,51.0,58.651251792907715,6.787378311157227,136.0,35,220,457,4.0,250.96666666666664,2432.0,23554.0,122.25,6,1,0
p08,2020-02-26,2,2,5,3,4,4,297.0,29.0,97.0,326.0,0.0,71.0,176.0,50.0,29.0,23.0,70.0,18.0,19.0,33.0,70.0,0.0721966205837173,18331.0,158.0,3813.3,74.81982447083118,30.753118461306805,44.0,158.0,50.0,56.306965827941895,6.787097930908203,216.0,17,87,794,2.0,83.75,996.0,10995.0,119.5,2,0,0
p08,2020-02-27,2,4,5,4,7,2,423.0,67.0,92.0,490.0,0.0,77.0,322.0,24.0,67.0,22.0,76.0,15.0,20.0,41.0,77.0,0.0841995841995842,18461.0,160.0,4118.49,80.13340075388435,32.162768497278606,45.0,182.0,49.0,55.20082187652588,6.787090301513672,260.0,40,84,566,1.0,136.53333333333333,1241.0,10122.0,115.0,3,0,0
p08,2020-02-28,2,3,5,3,7,2,449.0,54.0,95.0,503.0,0.0,64.0,335.0,50.0,54.0,23.0,72.0,16.0,14.0,42.0,64.0,0.0774577954319761,21571.0,169.0,4254.62,77.20458042907576,27.928012735738697,47.0,185.0,54.0,57.54812431335449,6.787088394165039,198.0,38,144,557,4.0,164.45000000000002,1571.0,13731.0,112.5,4,0,0
p08,2020-02-29,4,4,6,3,9,4,549.0,61.0,97.0,610.0,0.0,109.0,398.0,42.0,61.0,0.0,82.0,17.0,19.0,46.0,109.0,0.0831960461285008,14835.0,143.0,3535.7200000000003,60.93276426566885,10.585460001768547,43.0,130.0,50.0,56.62907028198242,6.787087440490723,162.0,10,97,561,1.0,73.4,762.0,7036.0,118.0,5,1,1
p08,2020-03-02,2,3,6,3,7,2,407.0,67.0,94.0,474.0,0.0,50.0,332.0,25.0,67.0,23.0,72.0,15.0,19.0,38.0,50.0,0.0752453653217012,17074.0,166.0,3914.9900000000002,71.60201747088186,27.6059033397843,45.0,190.0,50.0,55.877495765686035,6.787087440490723,295.0,19,70,582,1.0,47.28333333333333,569.0,5185.0,132.0,0,0,0
p08,2020-03-03,4,4,6,2,7,3,400.0,70.0,90.0,470.0,0.0,72.0,281.0,47.0,70.0,23.0,69.0,16.0,16.0,37.0,71.0,0.0893246187363834,15442.0,170.0,3707.48,74.86957451357708,29.59651486172821,42.0,166.0,50.0,56.156195640563965,6.787087440490723,223.0,24,80,643,3.0,73.35,664.0,6454.0,135.33333333333334,1,0,1
p08,2020-03-04,3,4,6,3,7,4,436.0,67.0,94.0,503.0,0.0,72.0,289.0,75.0,67.0,23.0,75.0,18.0,17.0,40.0,72.0,0.0873882820258192,22005.0,161.0,4234.49,76.86669426619747,30.56886439953974,44.0,169.0,51.0,56.24995040893555,6.787087440490723,309.0,17,95,516,1.0,69.61666666666666,892.0,9721.0,137.0,2,0,0
p08,2020-03-04,3,4,5,3,7,3,436.0,67.0,94.0,503.0,0.0,72.0,289.0,75.0,67.0,23.0,75.0,18.0,17.0,40.0,72.0,0.0873882820258192,22005.0,161.0,4234.49,76.86669426619747,30.56886439953974,44.0,169.0,51.0,56.24995040893555,6.787087440490723,309.0,17,95,516,1.0,69.61666666666666,892.0,9721.0,137.0,2,0,0
p08,2020-03-05,2,4,6,3,7,3,448.0,82.0,95.0,530.0,0.0,71.0,334.0,43.0,82.0,23.0,75.0,16.0,19.0,40.0,70.0,0.0685990338164251,16927.0,157.0,3936.96,70.42191435768262,24.464123133737587,43.0,151.0,49.0,55.39269828796387,6.787087440490723,283.0,27,92,508,3.0,78.31666666666666,833.0,7829.0,119.33333333333333,3,0,0
p08,2020-03-06,2,3,5,2,7,3,431.0,56.0,96.0,487.0,0.0,75.0,303.0,53.0,56.0,22.0,77.0,17.0,19.0,41.0,74.0,0.0748717948717948,19224.0,155.0,4018.69,64.8475989052003,15.939946980770209,42.0,152.0,48.0,54.466309547424316,6.787087440490723,324.0,24,90,515,3.0,63.61666666666667,584.0,6026.0,113.0,4,0,0
p08,2020-03-07,2,4,5,4,7,2,438.0,74.0,92.0,512.0,0.0,81.0,327.0,30.0,74.0,0.0,73.0,15.0,17.0,41.0,81.0,0.087215064420218,18189.0,135.0,4214.18,65.4204329210276,14.783086346237852,44.0,160.0,48.0,54.56159782409668,6.787087440490723,211.0,27,128,562,1.0,101.56666666666666,1062.0,9768.0,118.0,5,1,0
p08,2020-03-09,4,3,7,4,7,4,408.0,96.0,94.0,504.0,0.0,41.0,353.0,14.0,96.0,23.0,67.0,14.0,20.0,33.0,40.0,0.071071071071071,19262.0,135.0,4152.51,61.67419015319846,14.568917862766098,43.0,151.0,47.0,54.0070915222168,6.787087440490723,302.0,39,97,498,2.0,40.1,372.0,4085.0,108.0,0,0,1
p08,2020-03-12,4,4,7,4,7,3,453.0,70.0,93.0,523.0,0.0,77.0,310.0,66.0,70.0,23.0,76.0,17.0,19.0,40.0,77.0,0.0816522574447646,24172.0,160.0,4665.07,72.15596007046389,31.59496144265922,43.0,175.0,47.0,54.27541923522949,6.787087440490723,271.0,49,148,449,4.0,89.4,1053.0,11371.0,116.0,3,0,1
p08,2020-03-14,4,3,7,3,8,4,,,,,,,,,,,,,,,,,10628.0,115.0,3612.54,69.80387513455328,11.018994740931918,48.0,131.0,56.0,56.25506401062012,10.699845314025879,255.0,35,60,1090,2.0,120.31666666666666,867.0,1732.0,113.0,5,1,1
p08,2020-03-15,4,4,6,4,8,4,522.0,101.0,97.0,623.0,0.0,84.0,364.0,74.0,101.0,23.0,79.0,17.0,18.0,44.0,84.0,0.074074074074074,19890.0,160.0,3816.34,74.42483472262144,31.371450516612768,42.0,171.0,49.0,55.935903549194336,7.924250602722168,214.0,9,110,484,2.0,112.51666666666665,1248.0,14464.0,116.5,6,1,1
p08,2020-03-17,3,4,6,4,7,4,425.0,59.0,96.0,484.0,0.0,77.0,294.0,54.0,59.0,0.0,77.0,17.0,18.0,42.0,77.0,0.0613756613756613,19076.0,169.0,3715.25,74.27511618081961,30.178663837754847,43.0,187.0,49.0,55.116440773010254,6.905632972717285,217.0,4,90,645,1.0,101.4,1127.0,13435.0,130.0,1,0,0
p08,2020-03-19,2,4,6,3,7,4,469.0,63.0,95.0,532.0,0.0,100.0,325.0,44.0,63.0,23.0,76.0,17.0,18.0,41.0,100.0,0.072300469483568,18096.0,167.0,3493.7400000000002,57.33147919241863,8.587312916373598,43.0,127.0,47.0,54.5264892578125,6.800045013427734,132.0,6,97,673,1.0,103.96666666666667,1176.0,14529.0,128.0,3,0,0
p08,2020-03-20,4,4,8,4,8,4,462.0,75.0,95.0,537.0,0.0,72.0,331.0,59.0,75.0,23.0,75.0,17.0,16.0,42.0,72.0,0.0769230769230769,12536.0,159.0,3136.88,56.04018773833969,5.772473287254594,44.0,109.0,48.0,54.68633556365967,6.791380882263184,120.0,1,63,719,1.0,64.48333333333333,819.0,9379.0,135.0,4,0,1
p08,2020-03-21,4,4,8,3,8,4,,,,,,,,,,,,,,,,,20021.0,160.0,4130.31,58.17877094972067,8.378962484989279,43.0,122.0,49.0,54.28160572052002,10.703383445739746,185.0,36,135,1084,2.0,178.56666666666666,1808.0,15628.0,127.5,5,1,1
p08,2020-03-22,3,4,6,4,8,2,511.0,102.0,95.0,613.0,0.0,86.0,393.0,32.0,102.0,23.0,78.0,15.0,19.0,44.0,86.0,0.0791007493755204,15709.0,165.0,3517.89,53.97252972529725,5.957754340476096,43.0,141.0,46.0,53.00582695007324,7.925151824951172,142.0,1,81,603,1.0,80.31666666666666,1147.0,12640.0,146.0,6,1,0
p08,2020-03-24,2,4,4,4,7,4,391.0,73.0,96.0,464.0,0.0,40.0,305.0,46.0,73.0,0.0,70.0,16.0,19.0,35.0,39.0,0.0783460282916213,14324.0,161.0,3637.56,53.9490861618799,7.274856732724224,41.0,90.0,44.0,50.97043514251709,6.905722618103027,167.0,2,81,726,1.0,101.16666666666667,1253.0,11171.0,136.0,1,0,0
p08,2020-03-25,3,4,4,4,7,4,453.0,77.0,95.0,530.0,0.0,83.0,284.0,86.0,77.0,23.0,74.0,19.0,15.0,40.0,83.0,0.0764818355640535,12520.0,161.0,4129.02,70.55892096545196,31.946089861921795,41.0,161.0,47.0,52.158769607543945,6.826253890991211,174.0,5,117,614,2.0,230.7,1413.0,8560.0,109.5,2,0,0
p08,2020-03-27,2,4,5,4,7,2,430.0,69.0,92.0,499.0,0.0,73.0,274.0,83.0,69.0,23.0,75.0,19.0,16.0,40.0,73.0,0.081081081081081,10948.0,160.0,3768.88,78.62967222541691,38.97355985609347,43.0,158.0,47.0,52.86672782897949,6.791384696960449,100.0,21,120,700,2.0,114.75,1486.0,8198.0,142.0,4,0,0
p09,2019-11-15,2,3,5,1,8,4,518.0,18.0,97.0,539.0,3.0,,,,,1.0,83.0,22.0,21.0,40.0,87.0,0.0943925233644859,12562.0,120.0,3438.18,68.05155733836716,16.62815066760463,43.0,131.0,48.0,58.71396064758301,6.800045967102051,261.0,9,40,591,2.0,32.43333333333334,310.0,3082.0,109.0,4,0,0
p09,2019-11-16,5,4,7,2,9,5,550.0,105.0,93.0,655.0,0.0,154.0,297.0,99.0,105.0,1.0,81.0,21.0,17.0,43.0,154.0,0.1080459770114942,5634.0,123.0,3242.93,70.62267242663489,17.716249574764166,46.0,122.0,51.0,60.38491249084473,6.7913818359375,165.0,50,34,536,,,,,,5,1,1
p09,2019-11-17,3,4,5,4,8,3,524.0,100.0,92.0,624.0,14.0,124.0,299.0,101.0,100.0,2.0,79.0,21.0,14.0,44.0,124.0,0.1072298943948009,1725.0,117.0,2607.94,69.04349442379183,9.903548571909823,49.0,119.0,55.0,62.374558448791504,8.480049133300781,119.0,18,0,679,,,,,,6,1,0
p09,2019-11-18,2,2,5,2,7,2,442.0,122.0,94.0,564.0,0.0,87.0,283.0,72.0,122.0,1.0,73.0,17.0,21.0,35.0,87.0,0.1071744906997342,352.0,43.0,2027.99,58.818919762722444,9.089578894797059,42.0,115.0,45.0,60.54264450073242,10.45293140411377,30.0,0,0,846,,,,,,0,0,0
p09,2019-11-19,2,2,4,1,8,2,539.0,103.0,91.0,642.0,0.0,68.0,373.0,98.0,103.0,2.0,80.0,18.0,19.0,43.0,68.0,0.1252918287937743,459.0,33.0,2068.85,59.98971550687859,7.744019506066866,45.0,111.0,49.0,59.8024959564209,7.86085319519043,39.0,0,0,759,,,,,,1,0,0
p09,2019-11-20,2,2,5,1,5,2,301.0,64.0,92.0,365.0,0.0,46.0,219.0,36.0,64.0,0.0,66.0,16.0,21.0,29.0,45.0,0.1095505617977528,6596.0,124.0,2858.12,64.56686114352392,11.075222006183925,46.0,121.0,49.0,59.460997581481934,7.129853248596191,219.0,6,3,847,,,,,,2,0,0
p09,2019-11-21,3,2,6,1,7,3,450.0,68.0,94.0,518.0,0.0,90.0,280.0,80.0,68.0,0.0,83.0,19.0,22.0,42.0,90.0,0.0841683366733467,4687.0,129.0,2587.29,62.08475395961794,11.460238751700878,43.0,127.0,47.0,58.23873805999756,6.899347305297852,133.0,5,5,779,,,,,,3,0,0
p09,2019-11-22,4,4,5,2,8,4,470.0,81.0,90.0,551.0,0.0,70.0,293.0,107.0,81.0,0.0,81.0,20.0,21.0,40.0,70.0,0.1187669990933816,8587.0,121.0,3420.39,69.6059877038225,16.986397176732353,43.0,124.0,48.0,58.064971923828125,6.82415771484375,245.0,33,15,596,,,,,,4,0,1
p09,2019-11-23,3,3,5,2,8,3,493.0,88.0,93.0,581.0,0.0,91.0,260.0,142.0,88.0,1.0,78.0,22.0,12.0,44.0,90.0,0.1452031114952463,3245.0,121.0,2449.13,67.82840372885258,7.938103306923262,52.0,118.0,58.0,59.58632564544678,10.301565170288086,67.0,2,14,776,1.0,31.583333333333332,240.0,2446.0,102.0,5,1,0
p09,2019-11-25,1,1,4,1,5,2,315.0,48.0,97.0,363.0,0.0,52.0,183.0,80.0,48.0,2.0,74.0,21.0,22.0,31.0,51.0,0.0894085281980742,3865.0,125.0,2566.6,65.37165021156558,10.00579849538029,46.0,105.0,49.0,59.51922607421875,7.117739677429199,125.0,7,2,943,,,,,,0,0,0
p09,2019-11-27,3,4,6,2,8,3,507.0,82.0,96.0,589.0,0.0,128.0,265.0,114.0,82.0,23.0,89.0,23.0,21.0,45.0,128.0,0.0974137931034482,5725.0,125.0,2728.34,66.5735035726836,11.592220827143786,48.0,118.0,52.0,62.44016361236572,6.822868347167969,143.0,9,2,697,,,,,,2,0,0
p09,2019-11-28,4,5,6,4,6,3,380.0,87.0,91.0,467.0,0.0,55.0,270.0,55.0,87.0,23.0,73.0,17.0,21.0,35.0,55.0,0.0875,5065.0,123.0,2762.4500000000003,66.69648955060784,12.617316142381865,46.0,119.0,50.0,62.01761722564697,6.7989349365234375,172.0,10,0,791,,,,,,3,0,1
p09,2019-11-29,3,3,6,2,8,4,490.0,104.0,95.0,594.0,0.0,71.0,333.0,86.0,104.0,23.0,83.0,18.0,22.0,43.0,71.0,0.0907519446845289,13118.0,125.0,3589.42,66.27090042509339,14.174935402399672,45.0,118.0,49.0,60.75216579437256,6.791013717651367,249.0,42,40,515,1.0,32.43333333333333,310.0,3301.0,109.0,4,0,0
p09,2019-11-30,2,3,5,2,6,3,394.0,65.0,98.0,459.0,5.0,74.0,234.0,86.0,65.0,1.0,80.0,20.0,23.0,37.0,74.0,0.0849162011173184,11517.0,155.0,3442.57,69.54033425450717,16.21055111033362,46.0,143.0,51.0,61.04644966125488,6.788389205932617,223.0,25,46,687,,,,,,5,1,0
p09,2019-12-01,3,3,5,3,10,3,,,,,,,,,,,,,,,,,3522.0,119.0,2386.56,68.44989247311828,9.033562630903747,47.0,114.0,57.0,60.857666015625,10.700918197631836,70.0,2,19,1349,1.0,20.483333333333334,180.0,2034.0,103.0,6,1,0
p09,2019-12-02,3,4,5,2,6,3,386.0,94.0,97.0,480.0,0.0,90.0,258.0,38.0,94.0,1.0,71.0,16.0,22.0,33.0,89.0,0.0835140997830802,6806.0,122.0,2698.09,61.84004326403077,9.717983042854412,46.0,116.0,50.0,60.552223205566406,7.92452335357666,176.0,2,8,774,1.0,17.066666666666666,121.0,1189.0,98.0,0,0,0
p09,2019-12-03,3,3,6,2,5,3,318.0,74.0,95.0,392.0,0.0,61.0,201.0,56.0,74.0,0.0,69.0,17.0,23.0,29.0,60.0,0.0878828229027962,9594.0,161.0,3163.17,73.19026942774438,28.249244249006313,45.0,172.0,48.0,59.336426734924316,7.149378776550293,100.0,25,53,870,1.0,39.61666666666667,540.0,5528.0,144.0,1,0,0
p09,2019-12-04,3,2,6,1,6,3,363.0,65.0,91.0,428.0,0.0,57.0,227.0,79.0,65.0,0.0,78.0,20.0,22.0,36.0,56.0,0.0867970660146699,4644.0,121.0,2562.48,63.25469588550984,10.655187494800215,47.0,119.0,51.0,60.246832847595215,6.905660629272461,130.0,0,0,882,,,,,,2,0,0
p09,2019-12-05,5,3,5,1,10,4,589.0,109.0,90.0,698.0,0.0,85.0,388.0,116.0,109.0,19.0,81.0,19.0,19.0,43.0,85.0,0.1302791696492483,7357.0,120.0,3033.4,67.0638036809816,14.750028704430314,44.0,118.0,49.0,60.24432849884033,6.826233863830566,210.0,26,13,493,,,,,,3,0,1
p09,2019-12-06,2,2,4,1,4,3,240.0,65.0,88.0,305.0,0.0,32.0,197.0,11.0,65.0,23.0,46.0,13.0,18.0,15.0,32.0,0.1762711864406779,5747.0,123.0,2565.76,65.20322580645161,8.939731800684584,46.0,119.0,52.0,60.75494956970215,6.800047874450684,121.0,11,10,993,,,,,,4,0,0
p09,2019-12-07,5,5,7,4,8,4,671.0,75.0,90.0,746.0,0.0,,,,,1.0,87.0,24.0,20.0,43.0,126.0,0.1041666666666666,8886.0,141.0,2881.7000000000003,66.19380905022376,14.795917205242379,46.0,135.0,51.0,61.55958080291748,6.7913818359375,130.0,34,25,505,,,,,,5,1,1
p09,2019-12-08,4,4,6,4,8,3,481.0,109.0,87.0,590.0,0.0,135.0,227.0,119.0,109.0,2.0,79.0,24.0,13.0,42.0,134.0,0.1312447078746824,5117.0,129.0,3033.09,75.80565153010859,11.07006452842296,51.0,132.0,58.0,63.16749954223633,9.512567520141602,155.0,18,24,653,,,,,,6,1,1
p09,2019-12-09,2,3,5,3,7,2,424.0,130.0,88.0,554.0,0.0,94.0,301.0,29.0,130.0,1.0,65.0,16.0,15.0,34.0,94.0,0.1577998196573489,4124.0,130.0,2510.39,67.55421970768505,9.56944168618869,47.0,130.0,54.0,64.06773567199707,7.610013961791992,126.0,0,0,760,,,,,,0,0,0
p09,2019-12-10,4,3,5,4,10,3,636.0,113.0,96.0,749.0,0.0,78.0,408.0,150.0,113.0,2.0,84.0,21.0,20.0,43.0,77.0,0.1174116077384923,4132.0,137.0,2549.26,63.202826855123675,13.034077817160991,45.0,138.0,50.0,62.91209602355957,7.052083969116211,96.0,17,11,567,,,,,,1,0,1
p09,2019-12-11,3,3,5,3,7,3,408.0,106.0,90.0,514.0,0.0,103.0,243.0,62.0,106.0,1.0,71.0,18.0,19.0,34.0,103.0,0.1283851554663992,888.0,40.0,2104.02,63.65432098765432,7.522268444064967,47.0,94.0,53.0,63.317378997802734,6.874117851257324,50.0,0,0,876,,,,,,2,0,0
p09,2019-12-12,3,3,6,3,8,3,532.0,106.0,94.0,638.0,0.0,114.0,328.0,90.0,106.0,1.0,84.0,19.0,22.0,43.0,114.0,0.1221613155833985,3619.0,125.0,2603.81,64.40744512333107,13.79274724873634,43.0,119.0,48.0,60.98037052154541,6.815852165222168,138.0,6,2,656,,,,,,3,0,0
p09,2019-12-13,3,3,5,2,6,3,353.0,68.0,90.0,421.0,0.0,57.0,216.0,80.0,68.0,2.0,75.0,20.0,20.0,35.0,56.0,0.1209476309226932,10448.0,129.0,3322.08,71.01626856036152,14.965058951838497,45.0,129.0,49.0,60.15448570251465,6.796614646911621,218.0,24,33,744,,,,,,4,0,0
p09,2019-12-14,2,4,3,2,5,3,319.0,50.0,90.0,369.0,0.0,93.0,168.0,58.0,50.0,4.0,62.0,19.0,11.0,32.0,93.0,0.1050477489768076,10388.0,153.0,3532.07,80.8989056800417,9.427657356537475,63.0,140.0,70.0,63.107351303100586,10.28065299987793,276.0,19,19,757,,,,,,5,1,0
p09,2019-12-15,3,4,4,4,8,4,507.0,57.0,96.0,564.0,0.0,98.0,309.0,100.0,57.0,2.0,86.0,20.0,20.0,46.0,98.0,0.0806451612903225,10697.0,128.0,3175.82,67.07294227842173,10.582305704499504,50.0,128.0,55.0,64.6498966217041,7.81602668762207,203.0,21,32,620,2.0,38.400000000000006,322.0,3203.0,107.0,6,1,0
p09,2019-12-17,3,3,5,2,6,3,353.0,62.0,92.0,415.0,0.0,71.0,243.0,39.0,62.0,2.0,72.0,16.0,22.0,34.0,70.0,0.1083032490974729,5826.0,130.0,2854.03,67.60979139032919,11.917798557117646,46.0,124.0,50.0,61.939005851745605,6.894881248474121,185.0,11,3,826,,,,,,1,0,0
p09,2019-12-18,3,3,5,3,4,2,263.0,55.0,94.0,318.0,0.0,57.0,166.0,40.0,55.0,1.0,62.0,17.0,17.0,28.0,57.0,0.0831946755407653,10409.0,125.0,3135.0,71.17947732513451,9.642697809557312,50.0,125.0,58.0,63.73233699798584,6.822688102722168,232.0,16,11,863,1.0,17.066666666666666,126.0,1478.0,102.0,2,0,0
p09,2019-12-19,4,4,7,2,8,5,489.0,52.0,99.0,541.0,0.0,135.0,233.0,121.0,52.0,1.0,92.0,24.0,22.0,46.0,135.0,0.0758556891766882,5280.0,135.0,2560.46,64.81161453219245,10.771931653531942,47.0,145.0,53.0,63.78463840484619,6.79887580871582,104.0,2,13,780,,,,,,3,0,1
p09,2019-12-21,3,4,5,3,5,3,321.0,36.0,97.0,357.0,0.0,63.0,168.0,90.0,36.0,5.0,77.0,21.0,22.0,34.0,63.0,0.1026722925457102,8430.0,125.0,2987.86,68.57620721072497,14.796106791593813,47.0,123.0,53.0,64.15539741516113,6.788382530212402,130.0,33,47,873,2.0,34.13333333333333,289.0,2969.0,107.5,5,1,0
p09,2019-12-22,2,4,4,4,6,3,350.0,55.0,93.0,405.0,0.0,86.0,186.0,78.0,55.0,3.0,68.0,21.0,14.0,33.0,86.0,0.0831265508684863,6022.0,126.0,2919.9700000000003,75.3860720830788,9.701835519170553,53.0,121.0,62.0,65.60192489624023,9.905444145202637,177.0,14,19,825,1.0,17.066666666666666,149.0,1442.0,112.0,6,1,0
p09,2019-12-23,2,3,4,2,5,3,325.0,0.0,100.0,360.0,35.0,,,,,5.0,,,,,,,9549.0,126.0,2837.03,70.04912756225647,9.360885991620167,54.0,125.0,59.0,65.3056583404541,13.208247184753418,135.0,15,27,903,2.0,84.48333333333333,572.0,5764.0,97.0,0,0,0
p09,2019-12-25,3,4,4,4,6,3,376.0,55.0,96.0,431.0,0.0,66.0,221.0,89.0,55.0,4.0,81.0,21.0,23.0,37.0,66.0,0.0845238095238095,4785.0,115.0,2810.9700000000003,66.7685195376995,11.508196859492118,47.0,123.0,54.0,64.21001148223877,7.326862335205078,221.0,4,7,777,,,,,,2,0,0
p09,2019-12-26,3,4,4,3,10,3,635.0,85.0,95.0,720.0,0.0,109.0,348.0,178.0,85.0,23.0,89.0,23.0,22.0,44.0,109.0,0.0950728660652324,5679.0,116.0,3028.4300000000003,68.01411794102948,16.692526334285112,46.0,123.0,51.0,63.37221431732178,6.962641716003418,218.0,14,8,480,,,,,,3,0,0
p09,2019-12-27,3,4,4,4,7,3,461.0,86.0,88.0,547.0,0.0,96.0,255.0,110.0,86.0,2.0,74.0,21.0,14.0,39.0,96.0,0.1132420091324201,3147.0,93.0,2663.28,72.86109253065774,9.032991162663977,53.0,116.0,59.0,65.55363082885742,8.059636116027832,151.0,5,1,736,,,,,,4,0,0
p09,2019-12-28,2,4,4,2,10,3,606.0,92.0,92.0,698.0,0.0,104.0,370.0,132.0,92.0,0.0,86.0,21.0,21.0,44.0,103.0,0.1335247666905958,5371.0,156.0,2632.1800000000003,66.84907087294728,12.93438601767356,47.0,123.0,52.0,64.24898624420166,7.190528869628906,113.0,11,17,601,,,,,,5,1,0
p09,2019-12-29,3,3,4,3,8,3,475.0,92.0,96.0,567.0,0.0,117.0,260.0,98.0,92.0,5.0,80.0,21.0,20.0,39.0,117.0,0.1154185022026431,2271.0,110.0,2358.11,66.67198856189682,9.164878252756932,48.0,113.0,55.0,65.12080383300781,6.918935775756836,84.0,0,0,789,,,,,,6,1,0
p09,2019-12-30,3,3,5,3,10,3,683.0,73.0,90.0,764.0,0.0,,,,,1.0,,,,,,,8260.0,127.0,2873.67,66.77285404400372,15.064317936246516,48.0,123.0,51.0,64.06624412536621,6.830595970153809,192.0,4,7,473,,,,,,0,0,0
p09,2019-12-31,3,3,5,3,8,3,,,,,,,,,,,,,,,,,9176.0,130.0,2919.4,86.98607242339833,9.515209759822202,65.0,125.0,72.60000000000001,64.67267894744873,10.92629623413086,134.0,12,33,1261,1.0,23.05,173.0,1657.0,108.0,1,0,0
p09,2020-01-01,4,4,4,3,9,3,380.0,68.0,88.0,448.0,0.0,76.0,217.0,87.0,68.0,3.0,66.0,20.0,12.0,34.0,76.0,0.1081382385730211,6234.0,139.0,2933.1800000000003,80.43603496225666,8.792889303091036,61.0,123.0,69.0,68.13756465911865,13.282110214233398,151.0,16,25,800,,,,,,2,0,1
p09,2020-01-03,3,3,4,3,7,3,413.0,92.0,89.0,505.0,0.0,100.0,233.0,80.0,92.0,5.0,72.0,19.0,20.0,33.0,99.0,0.1473788328387734,5755.0,121.0,2685.03,70.3457720368377,11.659582240342957,49.0,127.0,54.0,66.50872611999512,9.04216480255127,145.0,4,8,778,,,,,,4,0,0
p09,2020-01-07,3,3,5,2,6,2,346.0,77.0,93.0,423.0,0.0,76.0,236.0,34.0,77.0,23.0,67.0,16.0,21.0,30.0,76.0,0.1062573789846517,11237.0,164.0,3449.15,83.16552984165652,33.296056308360455,46.0,183.0,53.0,64.36949729919434,6.811419486999512,151.0,26,53,787,1.0,43.233333333333334,565.0,5115.0,166.0,1,0,0
p09,2020-01-08,3,3,5,2,7,3,455.0,55.0,96.0,510.0,0.0,71.0,268.0,116.0,55.0,3.0,86.0,21.0,23.0,42.0,71.0,0.1000991080277502,10725.0,124.0,3177.58,67.82086614173228,12.836793331599212,48.0,121.0,53.0,64.15117073059082,6.795147895812988,199.0,27,32,672,2.0,35.0,259.0,2736.0,103.0,2,0,0
p09,2020-01-10,3,4,4,3,8,3,469.0,100.0,87.0,569.0,0.0,107.0,258.0,104.0,100.0,5.0,81.0,22.0,18.0,41.0,107.0,0.107376283846872,7009.0,148.0,2986.03,71.84500117068602,11.992469154464953,50.0,134.0,56.0,65.48686790466309,6.787972450256348,238.0,13,5,615,,,,,,4,0,0
p09,2020-01-11,4,5,5,4,6,3,352.0,71.0,91.0,423.0,0.0,81.0,246.0,25.0,71.0,0.0,62.0,15.0,15.0,32.0,81.0,0.1192443919716647,13537.0,136.0,4794.1,85.05244557534634,18.224310225699632,52.0,168.0,62.0,67.72065830230713,7.75795841217041,405.0,82,80,450,1.0,16.2,147.0,1199.0,118.0,5,1,1
p09,2020-01-12,2,4,4,3,5,2,343.0,49.0,88.0,392.0,0.0,72.0,208.0,63.0,49.0,3.0,66.0,18.0,13.0,35.0,71.0,0.1009055627425614,10405.0,124.0,3579.73,80.41172214182345,10.519209419358623,53.0,123.0,63.0,69.41154670715332,11.00322437286377,303.0,56,18,671,,,,,,6,1,0
p09,2020-01-13,4,3,5,3,12,3,698.0,96.0,96.0,794.0,0.0,151.0,381.0,166.0,96.0,0.0,91.0,25.0,22.0,44.0,151.0,0.0803289057558507,2873.0,108.0,2323.81,63.930436847103515,9.24760148394133,46.0,127.0,54.0,66.45062828063965,8.000805854797363,94.0,12,1,539,,,,,,0,0,1
p09,2020-01-14,3,3,4,3,6,3,380.0,63.0,89.0,443.0,0.0,73.0,238.0,69.0,63.0,4.0,75.0,18.0,22.0,35.0,73.0,0.1149943630214205,284.0,34.0,1996.68,61.472684085510686,7.104854726298488,49.0,94.0,53.0,64.60604858398438,7.172658920288086,29.0,0,0,968,,,,,,1,0,0
p09,2020-01-15,2,3,4,2,6,3,351.0,75.0,93.0,426.0,0.0,100.0,210.0,41.0,75.0,0.0,67.0,17.0,20.0,30.0,99.0,0.1195779601406799,8608.0,124.0,3075.42,70.56799609708501,11.805386205926334,51.0,126.0,55.0,64.3447790145874,6.913175582885742,239.0,7,6,762,,,,,,2,0,0
p09,2020-01-16,3,3,4,2,7,3,466.0,59.0,96.0,525.0,0.0,66.0,303.0,97.0,59.0,4.0,83.0,20.0,21.0,42.0,66.0,0.0950095969289827,4151.0,116.0,2395.17,65.353711790393,10.716081815229046,47.0,111.0,53.0,63.30093479156494,6.828702926635742,101.0,12,7,795,,,,,,3,0,0
p09,2020-01-17,2,3,5,2,5,2,316.0,96.0,90.0,412.0,0.0,76.0,179.0,61.0,96.0,2.0,63.0,18.0,21.0,24.0,76.0,0.1171974522292993,8330.0,137.0,3118.35,70.04237840657191,13.104637007080997,47.0,134.0,54.0,63.321123123168945,6.800864219665527,213.0,8,28,779,,,,,,4,0,0
p09,2020-01-18,4,4,5,2,8,3,502.0,93.0,94.0,595.0,0.0,92.0,306.0,104.0,93.0,2.0,86.0,20.0,21.0,45.0,92.0,0.1151202749140893,9195.0,125.0,3163.3,68.43393303943763,16.20834330644428,46.0,122.0,51.0,61.96342182159424,6.791652679443359,273.0,15,1,556,1.0,25.6,200.0,2043.0,101.0,5,1,1
p09,2020-01-19,1,4,2,4,4,3,236.0,43.0,90.0,279.0,0.0,74.0,116.0,46.0,43.0,5.0,56.0,19.0,13.0,24.0,73.0,0.0795660036166365,30406.0,129.0,5012.11,72.69559460760712,15.435069867611963,46.0,145.0,53.0,64.02488803863525,10.276884078979492,149.0,64,258,690,5.0,267.93333333333334,2294.0,23037.0,112.4,6,1,0
p09,2020-01-20,5,4,6,3,11,4,673.0,123.0,96.0,796.0,0.0,125.0,408.0,140.0,123.0,19.0,85.0,21.0,22.0,42.0,125.0,0.1106222501571338,1164.0,84.0,2095.17,57.30233557816306,8.613247343362854,43.0,104.0,46.0,62.2928581237793,12.82735824584961,55.0,0,0,589,,,,,,0,0,1
p09,2020-01-22,4,3,5,2,11,3,,,,,,,,,,,,,,,,,7203.0,128.0,2722.64,70.88234256482625,9.118258982699034,54.0,123.0,59.0,59.28556442260742,12.868058204650879,124.0,4,28,1284,1.0,18.783333333333335,182.0,1911.0,111.0,2,0,1
p09,2020-01-23,2,3,4,2,9,3,,,,,,,,,,,,,,,,,5302.0,155.0,2514.48,72.8259921500218,9.11880024074735,58.0,130.0,63.0,60.048298835754395,15.483116149902344,81.0,12,23,1324,1.0,17.066666666666666,154.0,1319.0,109.0,3,0,0
p09,2020-01-24,2,4,4,4,4,3,277.0,32.0,97.0,309.0,0.0,63.0,164.0,50.0,32.0,2.0,70.0,18.0,21.0,31.0,62.0,0.0776699029126213,8010.0,157.0,2981.76,66.82786413356362,16.189983799010236,48.0,179.0,53.0,59.532822608947754,8.983055114746094,199.0,8,24,900,,,,,,4,0,0
p09,2020-01-25,3,4,5,4,7,3,431.0,56.0,94.0,487.0,0.0,84.0,244.0,103.0,56.0,2.0,87.0,22.0,22.0,43.0,83.0,0.0663764961915125,8447.0,140.0,3109.23,66.45708829476523,12.956501282502757,44.0,137.0,50.0,58.38112258911133,7.461843490600586,216.0,18,28,691,,,,,,5,1,0
p09,2020-01-26,3,4,4,4,6,3,391.0,72.0,93.0,463.0,0.0,88.0,238.0,65.0,72.0,2.0,71.0,18.0,19.0,34.0,88.0,0.1704422869471413,11427.0,125.0,3256.69,63.70280190872385,10.32304391460128,44.0,128.0,49.0,57.509963035583496,7.005501747131348,187.0,13,60,717,2.0,80.21666666666667,628.0,6346.0,104.5,6,1,0
p09,2020-01-27,1,2,3,2,6,3,369.0,61.0,96.0,430.0,0.0,82.0,216.0,71.0,61.0,3.0,72.0,19.0,18.0,35.0,82.0,0.0963572267920094,6108.0,127.0,2648.9,66.02389767754964,11.609887475131725,47.0,117.0,51.0,58.03027153015137,6.858938217163086,107.0,9,26,864,,,,,,0,0,0
p09,2020-02-01,2,4,6,4,5,3,346.0,89.0,93.0,435.0,0.0,57.0,256.0,33.0,89.0,3.0,66.0,16.0,19.0,31.0,57.0,0.1247002398081534,18884.0,153.0,3648.69,69.74361616855604,17.6276996340593,46.0,148.0,50.0,58.433176040649414,6.891080856323242,210.0,21,71,703,4.0,98.13333333333333,861.0,8911.0,106.75,5,1,0
p09,2020-02-02,2,3,5,4,6,3,387.0,70.0,93.0,457.0,0.0,118.0,193.0,76.0,70.0,4.0,69.0,21.0,12.0,36.0,117.0,0.1098779134295227,11896.0,132.0,3583.83,71.2568479008947,12.084018472874458,51.0,143.0,58.0,59.86935806274414,10.027604103088379,147.0,27,105,704,1.0,29.016666666666666,328.0,3013.0,125.0,6,1,0
p09,2020-02-03,2,3,5,3,6,3,407.0,59.0,99.0,466.0,0.0,56.0,265.0,86.0,59.0,3.0,77.0,19.0,21.0,37.0,56.0,0.0696677384780278,3497.0,122.0,2397.16,63.95767023925517,9.107880745263335,48.0,117.0,51.0,59.15207767486572,7.749281883239746,100.0,5,3,866,,,,,,0,0,0
p09,2020-02-05,2,3,4,1,5,3,312.0,57.0,97.0,369.0,0.0,71.0,195.0,46.0,57.0,1.0,71.0,17.0,22.0,32.0,71.0,0.0799438990182328,9208.0,148.0,3106.7200000000003,63.69448129477315,12.687648914476968,43.0,128.0,47.0,55.475321769714355,6.88819694519043,242.0,0,0,829,,,,,,2,0,0
p09,2020-02-06,1,2,2,2,4,2,250.0,60.0,90.0,310.0,0.0,65.0,159.0,26.0,60.0,0.0,45.0,16.0,12.0,17.0,65.0,0.1156351791530944,7798.0,122.0,3217.83,70.91014601272931,8.25928806750749,55.0,120.0,60.0,57.07728099822998,10.350140571594238,276.0,15,1,838,,,,,,3,0,0
p09,2020-02-07,2,4,5,4,6,4,391.0,89.0,96.0,480.0,0.0,94.0,219.0,78.0,89.0,23.0,70.0,19.0,18.0,33.0,94.0,0.0937167199148029,4091.0,122.0,2391.75,62.15162077378878,9.582336696253327,44.0,115.0,49.0,57.26236057281494,7.834166526794434,102.0,0,0,858,,,,,,4,0,0
p09,2020-02-09,4,4,6,2,6,3,349.0,118.0,95.0,467.0,0.0,39.0,265.0,45.0,118.0,5.0,70.0,16.0,19.0,35.0,39.0,0.1115335868187579,3396.0,124.0,2449.14,60.80801906340655,10.691892927739694,45.0,152.0,49.0,56.412113189697266,7.419233322143555,111.0,0,0,862,,,,,,6,1,1
p09,2020-02-10,2,3,5,3,5,3,288.0,82.0,93.0,370.0,0.0,58.0,216.0,14.0,82.0,1.0,59.0,15.0,20.0,24.0,57.0,0.1054131054131054,5310.0,139.0,2558.29,60.457424559306844,9.239750084417912,44.0,111.0,48.0,56.241862297058105,6.992015838623047,73.0,14,22,961,,,,,,0,0,0
p09,2020-02-11,2,3,4,3,5,3,294.0,52.0,98.0,346.0,0.0,106.0,126.0,62.0,52.0,2.0,70.0,21.0,20.0,29.0,106.0,0.1048034934497816,5886.0,124.0,2599.58,60.043882352941175,10.661841286414948,42.0,125.0,47.0,57.08854961395264,6.854534149169922,129.0,11,6,948,,,,,,1,0,0
p09,2020-02-12,4,4,6,3,8,4,525.0,89.0,97.0,614.0,0.0,120.0,309.0,96.0,89.0,21.0,86.0,20.0,22.0,44.0,120.0,0.0854353132628153,8447.0,135.0,2866.62,62.0418098510882,12.01086755106275,42.0,127.0,44.0,54.91943836212158,6.809394836425781,138.0,1,13,674,,,,,,2,0,1
p09,2020-02-13,2,3,4,2,5,3,318.0,71.0,92.0,389.0,0.0,58.0,223.0,37.0,71.0,1.0,61.0,16.0,19.0,26.0,58.0,0.1296534017971758,4751.0,125.0,2601.32,62.217614879649894,9.311171038979014,45.0,120.0,48.0,55.320815086364746,6.794477462768555,125.0,3,6,917,,,,,,3,0,0
p09,2020-02-14,2,4,4,3,5,3,341.0,65.0,95.0,406.0,0.0,55.0,231.0,55.0,65.0,1.0,72.0,17.0,21.0,34.0,55.0,0.0868454661558109,11276.0,130.0,3454.5,67.64757444764649,14.939904560912115,45.0,130.0,48.0,56.213623046875,6.789536476135254,279.0,9,13,733,,,,,,4,0,0
p09,2020-02-18,2,1,3,2,7,3,415.0,90.0,90.0,505.0,0.0,86.0,247.0,82.0,90.0,3.0,79.0,19.0,22.0,38.0,86.0,0.1170886075949367,4087.0,124.0,2467.9300000000003,61.91991625228998,11.177623785546757,44.0,114.0,49.0,59.39138412475586,7.193134307861328,113.0,8,0,814,,,,,,1,0,0
p09,2020-02-20,2,2,4,2,7,3,,,,,,,,,,,,,,,,,5650.0,125.0,2540.26,65.66779926816518,7.8076344884888185,48.0,114.0,55.0,58.6261682510376,14.086377143859863,136.0,12,4,1288,1.0,17.066666666666666,114.0,1120.0,94.0,3,0,0
p09,2020-02-21,3,3,4,3,7,3,457.0,57.0,97.0,514.0,0.0,66.0,285.0,106.0,57.0,1.0,86.0,21.0,23.0,42.0,66.0,0.0893743793445878,4509.0,123.0,2603.7400000000002,56.32237743084087,8.322932935324712,42.0,116.0,45.0,55.870601654052734,8.703720092773438,139.0,16,7,764,,,,,,4,0,0
p09,2020-02-23,2,4,4,4,5,3,302.0,53.0,92.0,355.0,0.0,83.0,172.0,47.0,53.0,4.0,65.0,18.0,14.0,33.0,83.0,0.091317365269461,11455.0,135.0,3753.61,70.51702618369285,11.230631529923713,47.0,120.0,53.0,59.48176670074463,9.060848236083984,197.0,30,88,770,2.0,48.63333333333333,398.0,4269.0,102.0,6,1,0
p09,2020-02-24,3,4,6,3,5,3,347.0,67.0,95.0,414.0,0.0,77.0,204.0,66.0,67.0,2.0,71.0,18.0,20.0,33.0,77.0,0.1221281741233373,5331.0,135.0,2659.15,63.81077038145101,11.877920506827698,46.0,121.0,50.0,59.745121002197266,7.483939170837402,160.0,0,0,866,,,,,,0,0,0
p09,2020-02-25,3,4,6,4,6,3,408.0,59.0,97.0,467.0,0.0,109.0,220.0,79.0,59.0,1.0,78.0,20.0,21.0,37.0,109.0,0.0919786096256684,9062.0,107.0,3622.3,69.15019528938336,15.23342834928948,45.0,127.0,49.0,59.4343900680542,7.012478828430176,301.0,34,19,619,,,,,,1,0,0
p09,2020-02-26,3,4,6,4,6,3,380.0,93.0,89.0,473.0,0.0,86.0,228.0,66.0,93.0,1.0,66.0,18.0,18.0,30.0,86.0,0.115138592750533,3619.0,123.0,2484.54,63.292991876635,8.797411687205367,44.0,109.0,51.0,60.2969274520874,6.861215591430664,134.0,9,0,824,,,,,,2,0,0
p09,2020-02-28,2,3,3,2,5,3,,,,,,,,,,,,,,,,,6726.0,165.0,2880.79,81.03054567022538,8.827189156566481,58.0,126.0,70.0,61.07069396972656,12.003547668457031,176.0,18,8,1238,,,,,,4,0,0
p09,2020-02-29,2,3,5,3,6,3,354.0,45.0,90.0,399.0,0.0,46.0,239.0,69.0,45.0,2.0,70.0,19.0,16.0,35.0,46.0,0.1239048811013767,12012.0,94.0,4033.89,78.59094672922993,15.431236486550668,50.0,132.0,56.0,63.937621116638184,9.385711669921875,365.0,60,22,594,,,,,,5,1,0
p09,2020-03-01,4,4,5,4,7,3,430.0,91.0,92.0,521.0,0.0,111.0,258.0,61.0,91.0,1.0,73.0,18.0,17.0,38.0,110.0,0.093113482056256,5067.0,115.0,2679.69,70.01166624397666,9.913570227796514,51.0,119.0,56.0,66.18032741546631,7.574987411499023,176.0,4,8,731,,,,,,6,1,1
p09,2020-03-02,3,3,5,2,6,3,400.0,99.0,88.0,499.0,0.0,63.0,276.0,61.0,99.0,0.0,70.0,17.0,21.0,32.0,62.0,0.1363636363636363,5604.0,120.0,2803.23,64.76432532347505,11.939193627465183,45.0,121.0,51.0,63.98358917236328,7.041115760803223,176.0,28,3,734,,,,,,0,0,0
p09,2020-03-03,2,3,5,2,5,3,313.0,26.0,92.0,351.0,12.0,,,,,2.0,64.0,17.0,21.0,26.0,56.0,0.1053412462908011,3437.0,130.0,2388.13,64.61698440207972,10.186359032086596,43.0,120.0,51.0,61.85910987854004,6.870548248291016,107.0,0,0,982,,,,,,1,0,0
p09,2020-03-04,3,3,5,3,8,3,470.0,98.0,93.0,568.0,0.0,104.0,282.0,84.0,98.0,23.0,84.0,19.0,22.0,43.0,104.0,0.0785083415112855,5935.0,126.0,2800.42,61.36871314602844,10.474601635345097,43.0,122.0,50.0,61.68306636810303,6.814676284790039,144.0,9,14,705,1.0,25.6,179.0,1766.0,100.0,2,0,0
p09,2020-03-05,4,3,5,2,7,3,436.0,124.0,83.0,560.0,0.0,93.0,301.0,42.0,124.0,0.0,68.0,16.0,17.0,35.0,92.0,0.159678858162355,3325.0,123.0,2440.71,65.46036020871907,8.770204329317142,51.0,100.0,54.0,63.629332542419434,6.796225547790527,124.0,0,0,756,,,,,,3,0,1
p09,2020-03-06,2,2,4,2,6,3,404.0,90.0,90.0,494.0,0.0,56.0,282.0,66.0,90.0,3.0,71.0,17.0,20.0,34.0,56.0,0.1289662231320368,885.0,56.0,2160.06,60.01733521467446,6.0638156898167885,47.0,133.0,53.0,63.80786418914795,6.790116310119629,79.0,0,0,867,,,,,,4,0,0
p09,2020-03-07,4,3,5,3,8,3,516.0,78.0,93.0,594.0,0.0,91.0,272.0,153.0,78.0,3.0,88.0,22.0,21.0,45.0,91.0,0.12636899747262,9524.0,124.0,3449.82,61.79210415791684,15.816994409297186,45.0,170.0,50.0,62.918230056762695,6.788091659545898,155.0,56,68,567,2.0,71.68333333333334,752.0,6375.0,124.5,5,1,1
p09,2020-03-08,2,3,2,4,6,3,384.0,55.0,89.0,439.0,0.0,73.0,221.0,90.0,55.0,4.0,70.0,21.0,12.0,37.0,73.0,0.0990783410138248,10408.0,126.0,3410.9700000000003,76.54652820199551,9.48532061612045,59.0,127.0,64.0,64.58010292053223,10.274179458618164,136.0,25,75,765,2.0,34.11666666666667,285.0,3185.0,109.5,6,1,0
p09,2020-03-10,3,3,4,2,7,3,,,,,,,,,,,,,,,,,6066.0,120.0,2488.78,65.45812090313183,4.765556232385727,53.0,89.0,59.0,63.00186252593994,11.53957462310791,112.0,5,13,1310,1.0,16.2,134.0,1636.0,105.0,1,0,0
p09,2020-03-14,2,2,3,2,4,2,,,,,,,,,,,,,,,,,,,1900.8000000000002,,,,,,0.0,0.0,0.0,0,0,1440,,,,,,5,1,0
p09,2020-03-17,2,3,4,2,6,3,400.0,74.0,89.0,474.0,0.0,82.0,259.0,59.0,74.0,4.0,76.0,17.0,21.0,38.0,81.0,0.1438127090301003,5537.0,126.0,2776.05,61.18745660726684,11.795284683933028,43.0,133.0,48.0,59.247100830078125,7.2191877365112305,116.0,14,25,811,,,,,,1,0,0
p09,2020-03-19,3,3,4,3,8,3,488.0,89.0,94.0,577.0,0.0,97.0,301.0,90.0,89.0,4.0,80.0,19.0,17.0,44.0,97.0,0.0951957295373665,2038.0,83.0,2500.0,64.62853524693963,8.735774008457092,48.0,110.0,54.0,61.87191104888916,9.66569709777832,119.0,0,0,744,,,,,,3,0,0
p09,2020-03-20,2,3,4,3,8,3,511.0,74.0,96.0,585.0,0.0,90.0,308.0,113.0,74.0,5.0,87.0,21.0,21.0,45.0,89.0,0.1093082835183603,17613.0,154.0,3892.81,61.4355616815989,13.858066102657576,47.0,121.0,51.0,61.788997650146484,7.651909828186035,126.0,47,131,551,1.0,137.38333333333333,1247.0,13776.0,107.0,4,0,0
p09,2020-03-21,3,3,4,3,6,3,408.0,77.0,88.0,485.0,0.0,81.0,243.0,84.0,77.0,4.0,72.0,19.0,17.0,36.0,81.0,0.1046511627906976,1338.0,46.0,2432.06,66.68431689571544,9.688131682136643,50.0,135.0,55.0,63.07051181793213,7.065167427062988,123.0,0,0,832,,,,,,5,1,0
p09,2020-03-24,3,3,6,3,3,3,180.0,42.0,90.0,222.0,0.0,24.0,144.0,12.0,42.0,8.0,54.0,13.0,18.0,23.0,24.0,0.195505617977528,470.0,48.0,2038.6100000000001,60.524317912218265,5.9878157684896145,49.0,116.0,53.0,60.7598934173584,6.7970781326293945,37.0,0,0,1181,,,,,,1,0,0
p09,2020-03-25,4,3,6,3,7,3,422.0,63.0,96.0,485.0,0.0,103.0,213.0,106.0,63.0,23.0,85.0,22.0,22.0,41.0,103.0,0.0844490216271884,667.0,50.0,2047.8500000000001,56.57191586128482,6.658220760282938,45.0,112.0,49.0,59.529584884643555,6.790398597717285,39.0,0,0,916,,,,,,2,0,1
p09,2020-03-26,4,3,5,2,8,4,500.0,112.0,94.0,612.0,0.0,116.0,322.0,62.0,112.0,4.0,82.0,18.0,21.0,43.0,115.0,0.128440366972477,6150.0,124.0,2621.82,57.16681361311938,9.239591544469945,43.0,116.0,47.0,57.60157012939453,6.788185119628906,78.0,22,30,698,1.0,43.516666666666666,367.0,3998.0,104.0,3,0,1
p09,2020-03-30,4,4,4,4,9,3,534.0,91.0,96.0,625.0,0.0,116.0,290.0,128.0,91.0,6.0,88.0,23.0,21.0,44.0,116.0,0.1151079136690647,1070.0,102.0,2149.54,55.6155346692676,6.779171185754413,41.0,106.0,47.0,58.196048736572266,7.177193641662598,67.0,0,0,748,,,,,,0,0,1
p10,2019-11-16,3,3,4,3,8,3,516.0,70.0,91.0,586.0,0.0,101.0,267.0,148.0,70.0,23.0,84.0,22.0,17.0,45.0,100.0,0.1298366294067068,16118.0,116.0,2795.48,73.72945719802617,14.757917402708534,52.0,135.0,57.0,64.17094230651855,6.792998313903809,268.0,117,13,456,1.0,46.083333333333336,206.0,2998.0,95.0,5,1,0
p10,2019-11-17,3,3,5,2,7,4,456.0,60.0,91.0,516.0,0.0,63.0,288.0,105.0,60.0,0.0,80.0,21.0,18.0,41.0,63.0,0.1210067763794772,7542.0,117.0,2276.23,70.62482277238522,10.086435943656396,51.0,126.0,58.0,64.21254348754883,6.789046287536621,266.0,15,11,632,1.0,17.933333333333334,98.0,1027.0,116.0,6,1,0
p10,2019-11-18,2,2,2,2,6,2,396.0,44.0,94.0,440.0,0.0,44.0,244.0,108.0,44.0,23.0,78.0,21.0,19.0,38.0,44.0,0.0752565564424173,9480.0,126.0,2497.05,76.75277301315037,12.775077123961033,54.0,136.0,60.0,64.96406650543213,6.787736892700195,322.0,7,10,661,1.0,25.616666666666667,140.0,1931.0,109.0,0,0,0
p10,2019-11-19,3,3,5,2,8,3,505.0,72.0,93.0,577.0,0.0,87.0,300.0,118.0,72.0,22.0,79.0,21.0,14.0,44.0,87.0,0.103030303030303,11716.0,175.0,2542.46,78.13157002373686,15.949157762597963,56.0,173.0,62.0,67.43645858764648,6.7873029708862305,284.0,13,21,545,2.0,29.466666666666665,180.0,2536.0,132.5,1,0,0
p10,2019-11-20,2,3,5,1,5,2,319.0,49.0,92.0,368.0,0.0,52.0,223.0,44.0,49.0,23.0,62.0,17.0,13.0,32.0,51.0,0.0827679782903663,14211.0,127.0,2745.7400000000002,84.40548281505728,11.98688399203386,58.0,129.0,66.0,69.29519844055176,8.84433650970459,424.0,5,3,640,,,,,,2,0,0
p10,2019-11-21,4,4,5,3,8,4,497.0,54.0,94.0,551.0,0.0,93.0,262.0,142.0,54.0,22.0,86.0,22.0,18.0,46.0,93.0,0.1042611060743427,10384.0,129.0,2360.94,76.39978609625669,12.758515576287275,53.0,130.0,58.0,67.27412700653076,7.422157287597656,287.0,5,2,595,,,,,,3,0,1
p10,2019-11-22,1,2,3,2,6,2,392.0,56.0,93.0,448.0,0.0,76.0,208.0,108.0,56.0,23.0,74.0,21.0,17.0,36.0,76.0,0.0980834272829763,12639.0,126.0,2450.07,80.3539994464434,15.393651095072112,57.0,179.0,64.0,69.2042818069458,6.992941856384277,215.0,22,36,719,3.0,64.0,382.0,5110.0,121.33333333333333,4,0,0
p10,2019-11-23,4,4,8,3,9,4,417.0,55.0,93.0,472.0,0.0,95.0,231.0,91.0,55.0,0.0,75.0,21.0,16.0,38.0,94.0,0.0756123535676251,15956.0,171.0,2979.12,89.16173670179002,24.651125785012404,58.0,190.0,65.0,70.90438175201416,6.854837417602539,273.0,62,62,571,1.0,17.633333333333333,212.0,2892.0,174.0,5,1,1
p10,2019-11-24,3,3,5,3,9,3,553.0,73.0,93.0,626.0,0.0,99.0,321.0,133.0,73.0,0.0,86.0,22.0,19.0,45.0,99.0,0.1005586592178771,9351.0,117.0,2297.17,74.38455404943616,10.939964098784568,55.0,121.0,62.0,70.63900756835938,6.809494972229004,266.0,15,13,520,1.0,28.166666666666668,160.0,2415.0,110.0,6,1,0
p10,2019-11-25,1,3,2,1,6,1,354.0,80.0,87.0,434.0,0.0,36.0,263.0,55.0,80.0,0.0,66.0,16.0,20.0,30.0,36.0,0.1100811123986095,8378.0,123.0,2283.29,75.49473297403233,11.133420553907607,55.0,136.0,61.0,69.02553462982178,6.794510841369629,273.0,9,6,718,1.0,29.866666666666667,167.0,2049.0,113.0,0,0,0
p10,2019-11-26,3,3,5,2,7,4,403.0,45.0,91.0,448.0,0.0,72.0,219.0,112.0,45.0,23.0,79.0,21.0,19.0,39.0,72.0,0.1077441077441077,14863.0,178.0,2788.03,82.57222817672978,16.23619523425817,57.0,175.0,63.0,69.27702903747559,6.789547920227051,419.0,4,9,560,2.0,25.5,153.0,2332.0,127.5,1,0,0
p10,2019-11-27,2,3,3,3,7,4,428.0,38.0,90.0,466.0,0.0,101.0,232.0,95.0,38.0,0.0,80.0,22.0,15.0,43.0,100.0,0.1254019292604501,2150.0,70.0,1778.71,73.644624330179,7.890840886852046,55.0,110.0,62.0,69.65013790130615,6.78790283203125,124.0,0,0,850,,,,,,2,0,0
p10,2019-11-28,1,3,3,3,7,4,414.0,53.0,93.0,467.0,0.0,50.0,263.0,101.0,53.0,23.0,77.0,21.0,17.0,39.0,50.0,0.1094257854821235,12326.0,130.0,2501.43,77.1765274347686,13.283575226603023,51.0,127.0,60.0,70.04848384857178,6.787357330322266,292.0,34,14,633,2.0,37.55,198.0,2835.0,107.0,3,0,0
p10,2019-11-30,2,2,1,2,10,2,620.0,143.0,87.0,763.0,0.0,112.0,431.0,77.0,143.0,1.0,70.0,18.0,11.0,41.0,112.0,0.1597904387688277,644.0,113.0,1803.45,85.42039286637375,17.375742734343106,58.0,173.0,66.0,70.48423290252686,11.332523345947266,78.0,0,0,599,,,,,,5,1,0
p10,2019-12-01,2,3,3,3,9,2,,,,,,,,,,,,,,,,,8346.0,135.0,2275.23,84.8916747471949,20.55275665864237,50.0,159.0,56.0,69.65839958190918,14.77937126159668,291.0,6,6,1137,,,,,,6,1,0
p10,2019-12-02,1,3,2,2,7,2,437.0,59.0,95.0,496.0,0.0,30.0,298.0,109.0,59.0,22.0,83.0,20.0,22.0,41.0,29.0,0.1054247697031729,12684.0,121.0,2543.05,70.42354584709169,12.63537880259509,50.0,127.0,54.0,67.5916919708252,15.518332481384277,377.0,6,7,554,1.0,19.633333333333333,105.0,1494.0,104.0,0,0,0
p10,2019-12-03,3,4,5,3,7,3,411.0,44.0,94.0,455.0,0.0,48.0,287.0,76.0,44.0,23.0,80.0,19.0,21.0,40.0,48.0,0.0936794582392776,10057.0,165.0,2388.82,74.6835044330378,20.95891149392099,49.0,179.0,54.0,64.72807502746582,12.233529090881348,250.0,2,17,716,2.0,30.200000000000003,227.0,3269.0,133.0,1,0,0
p10,2019-12-04,2,3,5,2,6,2,387.0,72.0,91.0,459.0,0.0,32.0,273.0,82.0,72.0,23.0,75.0,19.0,17.0,39.0,32.0,0.1099290780141844,10880.0,128.0,2442.87,77.75858298709818,12.615502241288064,54.0,133.0,60.0,66.4459285736084,8.29693603515625,208.0,21,45,707,2.0,46.93333333333334,283.0,4142.0,109.5,2,0,0
p10,2019-12-05,1,3,5,2,8,3,498.0,55.0,92.0,553.0,0.0,112.0,235.0,151.0,55.0,23.0,83.0,23.0,14.0,46.0,112.0,0.0948509485094851,12663.0,129.0,2590.71,81.39135589566717,13.713038601883952,56.0,149.0,64.0,69.15557193756104,7.261884689331055,276.0,29,28,554,1.0,36.7,182.0,2690.0,108.0,3,0,0
p10,2019-12-06,1,2,2,2,6,1,413.0,70.0,86.0,483.0,0.0,55.0,253.0,105.0,70.0,0.0,71.0,21.0,14.0,36.0,55.0,0.1571871768355739,13972.0,142.0,2804.97,82.38439700204407,13.92624286499486,58.0,159.0,66.0,71.64998054504395,6.941863059997559,363.0,38,23,533,,,,,,4,0,0
p10,2019-12-07,3,3,3,3,10,4,617.0,74.0,95.0,691.0,0.0,112.0,324.0,181.0,74.0,0.0,86.0,23.0,18.0,45.0,112.0,0.118582791033984,17145.0,123.0,2764.46,77.74177739054672,13.444268914587676,54.0,150.0,61.0,70.68975257873535,6.8381195068359375,366.0,33,11,339,1.0,27.316666666666666,140.0,2355.0,102.0,5,1,0
p10,2019-12-08,2,4,5,4,7,4,454.0,58.0,91.0,512.0,0.0,63.0,291.0,100.0,58.0,1.0,82.0,20.0,21.0,41.0,63.0,0.1009803921568627,20193.0,169.0,3136.38,83.19287576020851,29.40390635961383,51.0,188.0,58.0,68.64849185943604,6.803976058959961,343.0,48,68,469,3.0,71.26666666666667,538.0,7752.0,125.33333333333333,6,1,0
p10,2019-12-09,2,3,5,3,6,3,362.0,51.0,92.0,413.0,0.0,50.0,235.0,77.0,51.0,0.0,75.0,20.0,20.0,35.0,50.0,0.123020706455542,9881.0,141.0,2300.72,72.51753867957954,11.792060825004297,53.0,141.0,58.0,67.43898963928223,6.7926836013793945,274.0,2,10,741,,,,,,0,0,0
p10,2019-12-10,2,3,3,2,8,2,469.0,58.0,90.0,527.0,0.0,91.0,257.0,121.0,58.0,0.0,83.0,22.0,21.0,40.0,91.0,0.0966824644549763,14911.0,174.0,2788.48,81.37624496715407,27.5486813790891,51.0,192.0,58.0,66.98226928710938,6.788942337036133,258.0,33,50,572,1.0,40.36666666666667,351.0,4912.0,150.0,1,0,0
p10,2019-12-11,2,3,2,3,7,2,431.0,39.0,92.0,470.0,0.0,63.0,259.0,109.0,39.0,0.0,82.0,21.0,19.0,42.0,63.0,0.0945802337938363,6734.0,126.0,2021.18,73.2669928730986,9.912585208716036,54.0,127.0,61.0,68.0976209640503,6.787702560424805,197.0,6,4,763,,,,,,2,0,0
p10,2019-12-12,2,4,3,4,7,4,452.0,50.0,93.0,502.0,0.0,64.0,278.0,110.0,50.0,0.0,84.0,21.0,21.0,42.0,64.0,0.0875621890547263,8419.0,128.0,2196.67,73.42627013630731,12.361759210751893,52.0,144.0,58.0,67.19183731079102,6.787291526794434,223.0,26,8,681,,,,,,3,0,0
p10,2019-12-13,1,3,2,3,8,1,483.0,67.0,86.0,550.0,0.0,94.0,274.0,115.0,67.0,23.0,82.0,22.0,15.0,45.0,94.0,0.1056466302367941,21336.0,121.0,2879.69,77.37699883511596,12.106504543024156,52.0,125.0,60.0,67.70825576782227,6.7871551513671875,323.0,70,31,466,3.0,145.91666666666666,701.0,10310.0,100.33333333333333,4,0,0
p10,2019-12-14,1,2,0,3,8,2,497.0,87.0,87.0,584.0,0.0,75.0,354.0,68.0,87.0,0.0,73.0,17.0,12.0,44.0,75.0,0.1137724550898203,18638.0,111.0,2941.44,82.19913178984862,11.621822807111565,62.0,154.0,68.0,69.06270122528076,10.117432594299316,295.0,91,36,434,3.0,110.10000000000001,595.0,9143.0,105.33333333333333,5,1,0
p10,2019-12-15,1,3,0,3,8,2,479.0,53.0,92.0,532.0,0.0,68.0,339.0,72.0,53.0,23.0,75.0,17.0,16.0,42.0,68.0,0.0976525821596244,8988.0,112.0,2374.29,81.37512504168056,12.829745656432609,59.0,128.0,65.0,71.69522476196289,8.989513397216797,273.0,20,3,612,1.0,17.066666666666666,82.0,1137.0,106.0,6,1,0
p10,2019-12-16,1,3,0,3,10,2,631.0,132.0,93.0,763.0,0.0,41.0,542.0,48.0,132.0,23.0,73.0,15.0,17.0,41.0,41.0,0.1416337285902503,3440.0,68.0,1850.95,75.00527055516514,10.366725106665017,52.0,121.0,58.0,69.99578762054443,7.463682174682617,153.0,0,0,524,,,,,,0,0,0
p10,2019-12-17,2,3,2,3,8,3,465.0,62.0,86.0,527.0,0.0,73.0,300.0,92.0,62.0,1.0,80.0,19.0,20.0,41.0,72.0,0.1008563273073263,6784.0,114.0,2117.7000000000003,73.06895687061184,10.782059136022356,56.0,154.0,61.0,70.0059061050415,7.006082534790039,216.0,12,15,670,1.0,29.883333333333333,168.0,2695.0,105.0,1,0,0
p10,2019-12-18,2,3,3,3,7,4,431.0,45.0,93.0,476.0,0.0,48.0,245.0,138.0,45.0,1.0,84.0,21.0,21.0,42.0,47.0,0.0797872340425532,7009.0,127.0,2160.29,73.76142573273721,10.351868662274002,58.0,127.0,62.0,70.66100215911865,6.859127998352051,264.0,8,2,690,,,,,,2,0,0
p10,2019-12-19,2,3,3,2,7,2,438.0,51.0,91.0,489.0,0.0,84.0,271.0,83.0,51.0,23.0,80.0,19.0,20.0,41.0,83.0,0.1256384065372829,11392.0,125.0,2353.56,76.48667466986795,11.906603270931493,56.0,132.0,61.0,70.1784439086914,6.810911178588867,277.0,16,8,650,3.0,74.25,365.0,5411.0,105.0,3,0,0
p10,2019-12-20,2,3,3,3,8,2,464.0,52.0,93.0,516.0,0.0,89.0,282.0,93.0,52.0,23.0,80.0,20.0,19.0,41.0,89.0,0.0962099125364431,11941.0,120.0,2386.7400000000002,74.57035928143712,10.380318228908433,54.0,118.0,61.0,69.65894603729248,6.794979095458984,304.0,12,8,540,1.0,29.866666666666667,143.0,1878.0,108.0,4,0,0
p10,2019-12-21,2,2,3,2,7,2,452.0,75.0,90.0,527.0,0.0,56.0,280.0,116.0,75.0,1.0,80.0,21.0,20.0,39.0,56.0,0.1217887725975261,15700.0,105.0,2915.48,76.9469964664311,13.98175207589289,53.0,131.0,60.0,68.53519344329834,6.789703369140625,475.0,36,1,401,1.0,32.43333333333333,129.0,1602.0,99.0,5,1,0
p10,2019-12-22,2,3,4,3,8,2,471.0,71.0,89.0,542.0,0.0,66.0,306.0,99.0,71.0,1.0,77.0,20.0,17.0,40.0,66.0,0.0952380952380952,12972.0,134.0,2521.75,76.58895549037112,12.757361837953457,53.0,141.0,60.0,68.19040298461914,6.787954330444336,337.0,8,20,533,2.0,77.66666666666667,369.0,5599.0,104.0,6,1,0
p10,2019-12-23,2,3,3,3,8,2,,,,,,,,,,,,,,,,,16109.0,123.0,2997.13,90.23085611023266,12.366193594843839,61.0,130.0,73.0,68.17283821105957,10.700559616088867,471.0,31,26,912,,,,,,0,0,0
p10,2019-12-25,3,3,4,3,9,3,,,,,,,,,,,,,,,,,2367.0,99.0,1872.64,89.67133075320035,8.41449919188588,68.0,124.0,77.0,66.1781415939331,12.058595657348633,139.0,0,0,1301,,,,,,2,0,0
p10,2019-12-26,3,4,5,3,10,2,,,,,,,,,,,,,,,,,4915.0,94.0,2152.79,81.74489795918367,8.779462281801443,63.0,115.0,69.0,67.00711917877197,15.127228736877441,231.0,10,2,1197,,,,,,3,0,0
p10,2019-12-27,2,3,3,3,7,2,460.0,81.0,91.0,541.0,0.0,25.0,338.0,97.0,81.0,1.0,72.0,17.0,17.0,38.0,24.0,0.1431209602954755,9438.0,139.0,2393.03,73.82954825968896,10.758894410234708,53.0,119.0,59.0,67.01909065246582,8.913931846618652,337.0,0,0,562,,,,,,4,0,0
p10,2019-12-28,2,3,4,3,7,2,460.0,74.0,85.0,534.0,0.0,82.0,283.0,95.0,74.0,23.0,76.0,19.0,18.0,39.0,82.0,0.1273408239700374,14184.0,109.0,2811.81,77.51890512642079,14.226099493298392,50.0,139.0,59.05000000000001,66.67599296569824,7.442113876342773,361.0,48,21,476,1.0,33.28333333333333,141.0,0.0,106.0,5,1,0
p10,2019-12-29,2,4,4,4,7,2,446.0,68.0,89.0,514.0,0.0,91.0,275.0,80.0,68.0,23.0,71.0,18.0,13.0,40.0,91.0,0.1030126336248785,13724.0,107.0,2934.38,83.83498982157825,12.093610011517429,56.0,144.0,66.0,68.10883808135986,10.767484664916992,379.0,27,37,483,,,,,,6,1,0
p10,2019-12-30,3,4,3,2,9,2,561.0,74.0,88.0,635.0,0.0,107.0,325.0,129.0,74.0,0.0,82.0,22.0,15.0,45.0,107.0,0.1258851298190401,10563.0,144.0,2534.0,80.70696698686099,13.35298289546624,56.0,130.0,62.0,69.84789371490479,7.941445350646973,358.0,11,9,427,1.0,22.183333333333334,134.0,2141.0,109.0,0,0,0
p10,2019-12-31,3,4,5,3,10,3,589.0,56.0,92.0,645.0,0.0,96.0,382.0,111.0,56.0,0.0,84.0,20.0,18.0,46.0,95.0,0.0839160839160839,11895.0,113.0,2512.32,78.75194142445085,13.95363827008909,54.0,138.0,60.0,69.05749034881592,7.154553413391113,383.0,9,1,402,1.0,61.45,178.0,0.0,,1,0,0
p10,2020-01-02,3,4,5,2,9,2,530.0,60.0,93.0,590.0,0.0,56.0,355.0,119.0,60.0,0.0,87.0,21.0,20.0,46.0,55.0,0.0697674418604651,15516.0,125.0,2793.41,74.01786232936392,15.912317855676621,53.0,142.0,57.0,67.66982841491699,8.000444412231445,282.0,76,36,456,1.0,37.55,249.0,3988.0,118.0,3,0,0
p10,2020-01-03,2,3,5,2,5,1,,,,,,,,,,,,,,,,,12517.0,165.0,2547.25,112.80758094235325,32.874521449348215,62.0,190.0,77.0,0.0,0.0,198.0,13,45,1184,2.0,48.71666666666667,468.0,6307.0,144.0,4,0,0
p10,2020-01-04,4,4,4,2,11,4,,,,,,,,,,,,,,,,,17854.0,120.0,2682.2400000000002,84.42100999189846,12.946056945792929,63.0,127.0,69.0,67.9207763671875,12.492661476135254,209.0,90,45,1096,2.0,129.71666666666667,719.0,11700.0,106.0,5,1,1
p10,2020-01-05,2,3,4,2,7,2,,,,,,,,,,,,,,,,,0.0,0.0,1491.33,68.0,,68.0,68.0,68.0,0.0,0.0,10.0,0,0,1430,,,,,,6,1,0
p10,2020-01-06,2,3,3,2,5,2,,,,,,,,,,,,,,,,,12098.0,166.0,2626.27,96.79938016528925,35.961881377383,59.0,194.0,71.0,68.34416770935059,15.949931144714355,232.0,9,44,1155,1.0,30.1,360.0,4803.0,177.0,0,0,0
p10,2020-01-07,1,3,2,2,6,2,386.0,55.0,90.0,441.0,0.0,18.0,287.0,81.0,55.0,0.0,73.0,17.0,20.0,36.0,18.0,0.1223103057757644,10160.0,120.0,2281.87,75.58632911392405,11.002860309818447,56.0,121.0,62.0,70.25581932067871,9.071704864501953,261.0,12,14,712,1.0,29.016666666666666,151.0,2302.0,106.0,1,0,0
p10,2020-01-09,2,3,4,1,7,3,448.0,39.0,95.0,487.0,0.0,80.0,269.0,99.0,39.0,23.0,85.0,21.0,21.0,43.0,80.0,0.1126173096976016,4892.0,129.0,1943.5700000000002,72.853785147801,10.371202017432546,54.0,129.0,61.0,70.30767440795898,8.369453430175781,158.0,8,2,785,,,,,,3,0,0
p10,2020-01-09,2,2,0,1,7,3,448.0,39.0,95.0,487.0,0.0,80.0,269.0,99.0,39.0,23.0,85.0,21.0,21.0,43.0,80.0,0.1126173096976016,4892.0,129.0,1943.5700000000002,72.853785147801,10.371202017432546,54.0,129.0,61.0,70.30767440795898,8.369453430175781,158.0,8,2,785,,,,,,3,0,0
p10,2020-01-10,2,2,3,1,6,2,,,,,,,,,,,,,,,,,17244.0,146.0,2757.34,93.95291283399037,11.402665627316779,72.0,153.0,80.0,70.99947261810303,12.415197372436523,269.0,37,55,1079,1.0,17.933333333333334,106.0,1296.0,120.0,4,0,0
p10,2020-01-12,1,3,1,2,7,2,,,,,,,,,,,,,,,,,12331.0,116.0,2386.15,84.77421686746987,13.846483319402465,54.0,128.0,64.0,71.54755401611328,15.892271995544434,189.0,36,40,1175,2.0,45.25,273.0,4345.0,114.5,6,1,0
p10,2020-01-13,2,3,4,2,7,2,410.0,39.0,96.0,449.0,0.0,52.0,274.0,84.0,39.0,0.0,82.0,20.0,22.0,40.0,52.0,0.0678733031674208,14310.0,163.0,2746.4500000000003,81.99717807812267,28.03883052110087,53.0,180.0,60.0,69.25142478942871,9.060876846313477,258.0,38,56,639,2.0,42.5,334.0,4872.0,135.5,0,0,0
p10,2020-01-14,1,3,3,2,8,2,492.0,52.0,91.0,544.0,0.0,64.0,292.0,136.0,52.0,23.0,88.0,21.0,21.0,46.0,63.0,0.0977859778597785,11479.0,140.0,2375.34,74.14056274900399,11.499710653738498,54.0,122.0,60.0,68.35766220092773,7.483946800231934,256.0,12,32,596,2.0,43.53333333333333,246.0,3477.0,107.0,1,0,0
p10,2020-01-16,2,3,5,3,7,3,423.0,50.0,97.0,473.0,0.0,76.0,239.0,108.0,50.0,23.0,84.0,21.0,21.0,42.0,76.0,0.1042553191489361,10730.0,164.0,2244.4900000000002,79.10534780860475,24.077124728756203,54.0,174.0,59.0,67.7160234451294,8.067172050476074,181.0,4,25,757,2.0,41.400000000000006,309.0,4776.0,129.5,3,0,0
p10,2020-01-17,1,3,2,3,7,2,460.0,48.0,93.0,508.0,0.0,81.0,248.0,131.0,48.0,0.0,78.0,21.0,15.0,42.0,80.0,0.1119920713577799,8114.0,112.0,2254.9500000000003,76.7380887926367,10.437188938118165,55.0,121.0,64.0,69.29783821105957,7.192812919616699,264.0,4,7,657,1.0,20.483333333333334,100.0,1319.0,107.0,4,0,0
p10,2020-01-19,3,4,6,3,8,3,467.0,63.0,92.0,530.0,0.0,110.0,256.0,101.0,63.0,0.0,79.0,22.0,16.0,41.0,110.0,0.0910815939278937,11814.0,142.0,2596.7200000000003,79.98606502986065,13.473693690504234,56.0,158.0,63.0,69.98996543884277,8.008270263671875,321.0,14,14,561,,,,,,6,1,0
p10,2020-01-20,2,3,4,2,8,2,,,,,,,,,,,,,,,,,13921.0,129.0,2572.4900000000002,85.96733607548995,14.285521871221738,56.0,139.0,62.0,70.03131008148193,11.696608543395996,275.0,38,40,1087,2.0,77.66666666666667,409.0,6605.0,106.0,0,0,0
p10,2020-01-22,2,3,2,2,7,2,462.0,66.0,90.0,528.0,0.0,87.0,315.0,60.0,66.0,23.0,78.0,17.0,19.0,42.0,87.0,0.118792599805258,9414.0,120.0,2244.13,74.01692577733199,11.134046264023242,54.0,120.0,59.0,67.18939781188965,7.223992347717285,207.0,20,18,667,2.0,59.75,291.0,4275.0,96.5,2,0,0
p10,2020-01-23,1,2,3,2,7,2,419.0,64.0,90.0,483.0,0.0,47.0,312.0,60.0,64.0,23.0,71.0,17.0,17.0,37.0,47.0,0.1127197518097207,12283.0,136.0,2398.39,74.54677691012097,9.553159557308998,56.0,126.0,63.0,67.71687889099121,6.929701805114746,244.0,27,41,645,2.0,55.46666666666667,334.0,5766.0,108.0,3,0,0
p10,2020-01-24,2,3,4,2,7,2,429.0,57.0,91.0,486.0,0.0,66.0,243.0,120.0,57.0,0.0,77.0,21.0,15.0,41.0,66.0,0.1202466598150051,9230.0,117.0,2325.94,76.3928848641656,10.716025417996981,57.0,142.0,64.0,68.69605827331543,6.83413028717041,262.0,13,27,652,1.0,29.033333333333335,190.0,2736.0,116.0,4,0,0
p10,2020-01-25,2,2,4,2,7,2,480.0,72.0,88.0,552.0,0.0,69.0,299.0,112.0,72.0,0.0,74.0,21.0,13.0,40.0,69.0,0.1402714932126696,19225.0,130.0,2738.7,79.26560951437067,11.805209455525722,57.0,142.0,64.0,69.5543098449707,6.8026580810546875,252.0,46,74,516,1.0,96.43333333333334,508.0,8057.0,106.0,5,1,0
p10,2020-01-26,1,3,3,2,7,2,428.0,60.0,90.0,488.0,0.0,57.0,282.0,89.0,60.0,2.0,79.0,19.0,19.0,41.0,57.0,0.1145510835913312,15798.0,132.0,2607.29,75.66890917827968,12.395692461537843,57.0,135.0,62.0,69.5582447052002,6.7922468185424805,238.0,37,74,603,2.0,117.76666666666665,712.0,11613.0,113.5,6,1,0
p10,2020-01-28,1,2,2,1,6,1,356.0,72.0,94.0,428.0,0.0,61.0,199.0,96.0,72.0,0.0,69.0,21.0,18.0,30.0,61.0,0.1353558926487748,10606.0,134.0,2422.51,74.66911090742438,11.136321604877088,55.0,154.0,62.0,69.04031181335449,6.787653923034668,247.0,23,30,712,,,,,,1,0,0
p10,2020-01-29,1,3,3,2,6,1,396.0,84.0,92.0,480.0,0.0,44.0,270.0,82.0,84.0,1.0,66.0,18.0,16.0,32.0,43.0,0.1592091571279916,10134.0,130.0,2242.04,73.51175904277265,10.345840518719003,52.0,126.0,58.0,67.71104335784912,6.787275314331055,241.0,8,16,695,1.0,23.05,113.0,1563.0,101.0,2,0,0
p10,2020-01-30,3,3,5,3,7,3,443.0,59.0,92.0,502.0,0.0,65.0,286.0,92.0,59.0,23.0,79.0,20.0,18.0,41.0,65.0,0.1565656565656565,12647.0,125.0,2413.89,72.21575984990619,10.624997940768875,54.0,127.0,59.0,65.5848388671875,6.787149429321289,209.0,22,51,656,2.0,82.78333333333333,446.0,6583.0,107.5,3,0,0
p10,2020-02-01,3,3,5,3,8,3,486.0,47.0,91.0,533.0,0.0,27.0,326.0,133.0,47.0,1.0,85.0,20.0,19.0,46.0,27.0,0.1087160262417994,22671.0,127.0,3114.46,73.31403053874963,14.5154330848551,54.0,144.0,58.0,64.32743549346924,6.7870941162109375,296.0,62,93,456,1.0,168.13333333333333,1005.0,15754.0,111.0,5,1,0
p10,2020-02-02,2,3,3,3,8,4,497.0,46.0,93.0,543.0,0.0,86.0,282.0,129.0,46.0,1.0,84.0,22.0,16.0,46.0,86.0,0.0975160993560257,17885.0,127.0,2758.37,72.98934550989345,11.86153962524442,53.0,132.0,59.0,63.93113040924072,6.7870893478393555,299.0,15,74,509,3.0,95.58333333333333,622.0,9869.0,114.33333333333333,6,1,0
p10,2020-02-03,1,3,3,2,5,2,336.0,60.0,86.0,396.0,0.0,56.0,203.0,77.0,60.0,1.0,65.0,20.0,14.0,31.0,56.0,0.1223203026481715,10100.0,123.0,2626.35,74.1086199693636,14.40250711512066,55.0,174.0,60.0,65.12787914276123,6.787087440490723,304.0,17,23,700,1.0,20.466666666666665,98.0,1461.0,106.0,0,0,0
p10,2020-02-04,3,4,3,3,8,4,486.0,53.0,95.0,539.0,0.0,60.0,283.0,143.0,53.0,22.0,88.0,21.0,21.0,46.0,59.0,0.0968955785512699,8597.0,127.0,2458.91,70.3033104682374,15.153989915746045,53.0,159.0,57.0,64.50824451446533,6.787087440490723,209.0,47,42,603,1.0,18.783333333333335,108.0,1348.0,118.0,1,0,0
p10,2020-02-05,2,3,5,2,7,2,441.0,56.0,93.0,497.0,0.0,46.0,264.0,131.0,56.0,23.0,83.0,21.0,20.0,42.0,45.0,0.0910951893551688,11098.0,130.0,2399.56,72.63151515151515,11.803730617934072,54.0,131.0,59.0,64.07785892486572,6.787087440490723,249.0,21,30,643,2.0,46.1,262.0,3758.0,110.5,2,0,0
p10,2020-02-06,2,3,1,2,7,2,438.0,60.0,88.0,498.0,0.0,90.0,245.0,103.0,60.0,0.0,75.0,22.0,12.0,41.0,90.0,0.1012145748987854,10308.0,116.0,2552.32,80.93289290681503,8.73220022974332,62.0,123.0,69.0,65.78039932250977,10.273416519165039,324.0,32,10,576,,,,,,3,0,0
p10,2020-02-07,3,3,3,3,8,3,481.0,60.0,94.0,541.0,0.0,88.0,263.0,130.0,60.0,22.0,82.0,22.0,14.0,46.0,88.0,0.1105904404873477,15472.0,142.0,2725.55,76.82725903614458,13.856248110716937,56.0,143.0,62.0,67.42195415496826,7.814133644104004,294.0,30,33,542,1.0,20.483333333333334,166.0,2426.0,133.0,4,0,0
p10,2020-02-08,2,3,2,3,6,3,403.0,77.0,91.0,480.0,0.0,82.0,239.0,82.0,77.0,1.0,66.0,19.0,12.0,35.0,82.0,0.0887265135699373,5667.0,124.0,2165.7,82.74656121045392,7.495489400000681,55.0,121.0,71.0,69.00883197784424,11.044983863830566,155.0,28,25,752,,,,,,5,1,0
p10,2020-02-09,3,3,4,3,7,3,453.0,44.0,92.0,497.0,0.0,82.0,264.0,107.0,44.0,1.0,79.0,21.0,16.0,42.0,82.0,0.1035175879396985,16729.0,171.0,2914.38,84.11287084541601,20.679801393855012,53.0,180.0,63.0,69.70269298553467,8.011229515075684,251.0,86,56,550,2.0,95.85,443.0,4820.0,112.5,6,1,0
p10,2020-02-10,1,3,3,2,6,1,375.0,52.0,89.0,427.0,0.0,58.0,258.0,59.0,52.0,23.0,73.0,17.0,21.0,35.0,57.0,0.07953216374269,18227.0,125.0,2883.32,79.77530826609834,15.568081371265187,56.0,147.0,62.0,69.6782579421997,7.175829887390137,343.0,59,41,570,1.0,17.916666666666668,108.0,1882.0,117.0,0,0,0
p10,2020-02-11,2,3,3,2,6,2,378.0,40.0,94.0,418.0,0.0,81.0,213.0,84.0,40.0,23.0,81.0,21.0,22.0,38.0,81.0,0.0623471882640586,9343.0,120.0,2212.87,76.5697903601505,13.248385758534345,54.0,131.0,61.0,68.22201347351074,6.91419792175293,243.0,0,0,779,,,,,,1,0,0
p10,2020-02-12,2,2,3,2,6,2,,,,,,,,,,,,,,,,,20445.0,168.0,2850.27,95.19943502824859,24.56923591061231,60.0,168.0,69.0,68.48076057434082,10.804484367370605,221.0,50,79,1090,2.0,187.85,533.0,7929.0,129.0,2,0,0
p10,2020-02-13,3,3,5,3,7,4,427.0,35.0,94.0,462.0,0.0,64.0,272.0,91.0,35.0,23.0,82.0,20.0,19.0,43.0,64.0,0.0918918918918919,12133.0,136.0,2423.4500000000003,73.21070234113712,11.32657148573533,55.0,182.0,61.0,68.2608871459961,7.950819969177246,218.0,16,49,695,2.0,52.916666666666664,387.0,5600.0,123.0,3,0,0
p10,2020-02-14,1,3,2,2,5,2,293.0,42.0,87.0,335.0,0.0,79.0,142.0,72.0,42.0,2.0,64.0,21.0,13.0,30.0,78.0,0.1222056631892697,12357.0,130.0,2431.6,84.97253603428126,11.990979202253593,60.0,137.0,67.0,69.65596771240234,11.146384239196777,154.0,49,51,851,1.0,35.85,226.0,3771.0,115.0,4,0,0
p10,2020-02-15,2,3,3,2,8,2,,,,,,,,,,,,,,,,,15458.0,119.0,2454.44,88.47765677806984,11.584051132396514,67.0,134.0,74.0,70.44607067108154,14.409286499023438,147.0,68,48,1177,4.0,130.56666666666666,727.0,11630.0,109.25,5,1,0
p10,2020-02-16,3,2,4,2,9,4,537.0,55.0,93.0,592.0,0.0,83.0,310.0,144.0,55.0,1.0,85.0,21.0,18.0,46.0,82.0,0.085304054054054,14045.0,178.0,2561.64,77.27707966825835,21.344055064746843,55.0,185.0,61.0,68.16442108154297,8.770257949829102,249.0,14,65,520,1.0,63.15,361.0,5216.0,113.0,6,1,0
p10,2020-02-17,2,4,5,3,7,3,425.0,76.0,91.0,501.0,0.0,6.0,326.0,93.0,76.0,23.0,73.0,17.0,17.0,39.0,6.0,0.1653225806451612,11705.0,128.0,2405.43,75.65877563329312,12.166261432584296,57.0,127.0,61.0,67.41560173034668,7.400813102722168,238.0,19,42,640,2.0,61.45,381.0,6096.0,112.0,0,0,0
p10,2020-02-18,1,2,4,2,7,2,505.0,62.0,89.0,567.0,0.0,59.0,328.0,118.0,62.0,22.0,84.0,21.0,18.0,45.0,59.0,0.1043324491600353,17129.0,168.0,2785.06,79.31271430530792,24.09632308461323,56.0,176.0,60.0,67.0028133392334,6.986172676086426,270.0,30,77,496,3.0,72.11666666666666,529.0,8311.0,127.0,1,0,0
p10,2020-02-19,2,2,2,2,8,3,463.0,57.0,91.0,520.0,0.0,95.0,253.0,115.0,57.0,23.0,82.0,22.0,18.0,42.0,95.0,0.1036168132942326,15968.0,168.0,2814.2400000000002,77.43635352973874,22.228523924778337,53.0,187.0,59.0,65.9561653137207,6.852624893188477,296.0,22,55,547,3.0,88.75,687.0,9574.0,125.0,2,0,0
p10,2020-02-20,3,2,3,2,8,3,493.0,58.0,91.0,551.0,0.0,80.0,284.0,129.0,58.0,23.0,84.0,21.0,18.0,45.0,79.0,0.1015412511332728,13922.0,169.0,2547.75,78.07164002368265,21.6726694669134,51.0,173.0,58.0,64.90373229980469,6.808765411376953,320.0,8,41,520,1.0,33.0,279.0,4549.0,134.0,3,0,0
p10,2020-02-21,1,3,2,2,5,2,319.0,60.0,95.0,379.0,0.0,39.0,223.0,57.0,60.0,0.0,64.0,17.0,18.0,29.0,39.0,0.1185770750988142,17415.0,132.0,2795.78,73.84153896315618,13.375815375498773,54.0,143.0,59.0,64.03358173370361,6.794268608093262,310.0,17,80,654,3.0,103.26666666666667,671.0,10495.0,114.0,4,0,0
p10,2020-02-23,2,3,5,3,6,2,,,,,,,,,,,,,,,,,11624.0,131.0,2519.98,81.54157549234135,8.8028005534001,64.0,136.0,71.0,65.19313049316406,14.222220420837402,287.0,31,18,1104,1.0,15.366666666666667,88.0,1370.0,107.0,6,1,0
p10,2020-02-24,1,3,3,3,5,2,326.0,36.0,92.0,362.0,0.0,73.0,161.0,92.0,36.0,2.0,71.0,21.0,15.0,35.0,73.0,0.0786206896551724,15410.0,112.0,3134.59,79.46512265314513,14.154813347936228,56.0,167.0,62.0,66.94193077087402,8.731860160827637,436.0,35,32,575,,,,,,0,0,0
p10,2020-02-25,2,3,5,3,7,3,453.0,32.0,94.0,485.0,0.0,79.0,251.0,123.0,32.0,23.0,81.0,21.0,17.0,43.0,79.0,0.0850622406639004,15405.0,117.0,2864.88,78.43081873435824,13.519603875416834,53.0,152.0,61.0,66.858642578125,7.389707565307617,344.0,37,34,540,2.0,33.28333333333333,191.0,2972.0,108.0,1,0,0
p10,2020-02-26,2,3,2,3,7,2,443.0,59.0,93.0,502.0,0.0,83.0,278.0,82.0,59.0,23.0,72.0,19.0,12.0,41.0,83.0,0.0699300699300699,14304.0,134.0,2639.18,80.56416534639204,11.772776488765047,55.0,145.0,63.0,68.3120927810669,10.728214263916016,249.0,54,39,596,,,,,,2,0,0
p10,2020-02-27,2,3,4,3,7,3,448.0,42.0,93.0,490.0,0.0,37.0,327.0,84.0,42.0,23.0,81.0,18.0,21.0,42.0,36.0,0.076608784473953,12867.0,114.0,2685.62,74.72208272763315,14.92681299641701,50.0,153.0,56.0,65.86871528625488,10.272171974182129,299.0,35,29,587,,,,,,3,0,0
p10,2020-02-28,3,3,4,3,8,2,477.0,69.0,88.0,546.0,0.0,94.0,294.0,89.0,69.0,22.0,73.0,19.0,14.0,40.0,94.0,0.1162790697674418,632.0,63.0,1552.58,71.78076335877863,9.190487168574084,53.0,109.0,58.0,66.29369831085205,7.813807487487793,34.0,0,0,860,,,,,,4,0,0
p10,2020-02-29,2,4,1,2,8,2,,,,,,,,,,,,,,,,,,,1468.8,,,,,,0.0,0.0,0.0,0,0,1440,,,,,,5,1,0
p11,2019-11-16,3,3,4,3,9,3,497.0,60.0,97.0,557.0,0.0,110.0,294.0,93.0,60.0,0.0,80.0,20.0,15.0,45.0,110.0,0.0731046931407942,11560.0,121.0,2809.3,81.49651671974522,18.140131895829413,52.0,176.0,61.0,,,334.0,42,19,488,2.0,36.7,229.0,2721.0,117.0,5,1,0
p11,2019-11-17,1,2,0,3,5,3,299.0,33.0,91.0,332.0,0.0,77.0,184.0,38.0,33.0,3.0,62.0,17.0,13.0,32.0,76.0,0.0796992481203007,2609.0,123.0,2406.11,81.41704294360649,13.448340452715623,54.0,126.0,63.0,,,211.0,34,32,731,,,,,,6,1,0
p11,2019-11-18,3,3,7,3,6,2,373.0,59.0,98.0,432.0,0.0,77.0,261.0,35.0,59.0,22.0,73.0,16.0,22.0,35.0,77.0,0.0809248554913294,16007.0,148.0,3002.72,86.24840823970037,29.486960639118717,51.0,192.0,58.0,,,325.0,8,47,628,1.0,43.96666666666667,442.0,5219.0,154.0,0,0,0
p11,2019-11-19,3,3,7,3,6,3,381.0,55.0,98.0,436.0,0.0,89.0,225.0,67.0,55.0,22.0,73.0,18.0,19.0,36.0,89.0,0.0790378006872852,7604.0,118.0,2648.69,81.49590693666524,22.62799408863518,53.0,171.0,60.0,,,221.0,38,54,691,3.0,91.16666666666667,594.0,4064.0,120.33333333333333,1,0,0
p11,2019-11-20,3,3,7,3,6,3,382.0,35.0,96.0,417.0,0.0,66.0,257.0,59.0,35.0,23.0,75.0,17.0,20.0,38.0,66.0,0.0730538922155688,11893.0,137.0,2692.07,78.751221001221,15.326462453646455,56.0,159.0,61.0,,,275.0,97,6,645,1.0,90.0,377.0,2891.0,119.0,2,0,0
p11,2019-11-21,2,3,3,3,7,3,438.0,47.0,98.0,485.0,0.0,87.0,299.0,52.0,47.0,22.0,72.0,17.0,13.0,42.0,87.0,0.0710607621009268,22653.0,121.0,3611.14,85.53334666533347,15.59536190310156,55.0,147.0,66.0,,,556.0,81,32,286,,,,,,3,0,0
p11,2019-11-22,3,3,4,3,6,3,363.0,55.0,94.0,418.0,0.0,65.0,274.0,24.0,55.0,0.0,62.0,15.0,12.0,35.0,65.0,0.094384707287933,21624.0,123.0,3125.32,80.47874549229593,11.84185231411524,48.0,136.0,64.0,,,595.0,14,14,399,1.0,28.166666666666668,140.0,2305.0,99.0,4,0,0
p11,2019-11-23,3,3,5,3,7,4,416.0,51.0,97.0,467.0,0.0,76.0,279.0,61.0,51.0,0.0,74.0,17.0,18.0,39.0,76.0,0.0721205597416577,17960.0,117.0,3018.45,77.82359870423089,13.309549956859762,53.0,142.0,62.0,,,527.0,14,22,410,,,,,,5,1,0
p11,2019-11-24,3,3,7,3,8,3,503.0,72.0,99.0,575.0,0.0,116.0,316.0,71.0,72.0,23.0,83.0,19.0,19.0,45.0,116.0,0.0956521739130434,17195.0,157.0,3110.31,87.36443958263212,34.20401613157981,52.0,192.0,59.0,,,254.0,21,77,513,1.0,63.93333333333333,706.0,8184.0,164.0,6,1,0
p11,2019-11-25,3,3,7,3,6,3,376.0,36.0,96.0,412.0,0.0,66.0,235.0,75.0,36.0,0.0,72.0,20.0,14.0,38.0,65.0,0.0814814814814814,8115.0,120.0,2172.0,71.88479904496617,12.099316225246058,48.0,137.0,58.0,,,177.0,17,20,814,1.0,25.6,151.0,2608.0,109.0,0,0,0
p11,2019-11-26,3,2,7,2,7,3,464.0,47.0,97.0,511.0,0.0,61.0,307.0,96.0,47.0,22.0,84.0,20.0,22.0,42.0,60.0,0.0718503937007874,14344.0,147.0,2829.5,78.44683555797694,22.991750842693495,52.0,180.0,60.0,,,206.0,41,81,601,4.0,102.15,678.0,5995.0,132.25,1,0,0
p11,2019-11-27,3,3,6,3,6,4,385.0,41.0,96.0,426.0,0.0,53.0,262.0,70.0,41.0,22.0,71.0,18.0,14.0,39.0,53.0,0.0616686819830713,13874.0,122.0,2617.0099999999998,75.93575925728311,11.393173858649467,54.0,133.0,63.0,,,297.0,29,33,655,2.0,40.96666666666667,225.0,3526.0,107.5,2,0,0
p11,2019-11-28,3,3,8,3,6,3,391.0,34.0,97.0,425.0,0.0,44.0,269.0,78.0,34.0,23.0,76.0,19.0,18.0,39.0,43.0,0.0716803760282021,20110.0,165.0,3108.21,82.97886047916248,24.4464243070731,54.0,186.0,62.0,,,182.0,60,119,654,3.0,75.01666666666667,582.0,8570.0,125.33333333333333,3,0,0
p11,2019-11-29,3,3,7,3,6,3,383.0,55.0,99.0,438.0,0.0,79.0,223.0,81.0,55.0,22.0,73.0,20.0,16.0,37.0,78.0,0.0598388952819332,14164.0,135.0,2552.54,74.45339729782651,13.128626954027222,54.0,137.0,60.0,,,258.0,25,46,673,1.0,28.166666666666668,177.0,2980.0,113.0,4,0,0
p11,2019-11-30,3,3,7,2,9,3,539.0,65.0,98.0,604.0,0.0,67.0,395.0,77.0,65.0,22.0,82.0,17.0,20.0,45.0,67.0,0.0942928039702233,7667.0,117.0,2317.31,71.74459300039324,11.795701573811948,55.0,123.0,58.0,,,290.0,13,6,527,1.0,16.216666666666665,86.0,1262.0,104.0,5,1,0
p11,2019-12-01,3,3,7,2,7,3,463.0,50.0,98.0,513.0,0.0,96.0,308.0,59.0,50.0,23.0,78.0,17.0,19.0,42.0,96.0,0.0788704965920155,8142.0,124.0,2611.05,76.7571832083374,15.190130995321145,53.0,150.0,60.0,,,272.0,27,35,593,,,,,,6,1,0
p11,2019-12-02,3,3,7,2,6,3,373.0,52.0,95.0,425.0,0.0,67.0,269.0,37.0,52.0,23.0,69.0,16.0,16.0,37.0,67.0,0.0979443772672309,15265.0,148.0,2780.53,79.14786139174771,24.976972301131614,53.0,174.0,57.0,,,228.0,21,69,697,3.0,77.58333333333333,618.0,8234.0,128.33333333333334,0,0,0
p11,2019-12-03,3,3,6,2,6,3,392.0,53.0,99.0,445.0,0.0,67.0,268.0,57.0,53.0,23.0,73.0,17.0,19.0,37.0,67.0,0.0678733031674208,11528.0,151.0,2443.94,77.56381992376636,23.178522208585147,53.0,166.0,58.0,,,150.0,14,67,764,3.0,79.68333333333334,625.0,8595.0,129.66666666666666,1,0,0
p11,2019-12-04,3,3,6,2,6,3,371.0,40.0,98.0,411.0,0.0,90.0,228.0,53.0,40.0,23.0,68.0,17.0,14.0,37.0,90.0,0.0647130647130647,13374.0,157.0,2713.97,86.47844827586206,26.97673928407705,59.0,185.0,65.0,,,189.0,15,70,693,2.0,67.81666666666666,594.0,7676.0,140.5,2,0,0
p11,2019-12-05,3,3,5,3,6,3,390.0,38.0,99.0,428.0,0.0,69.0,229.0,92.0,38.0,23.0,75.0,21.0,15.0,39.0,69.0,0.0781796966161026,19946.0,123.0,3499.16,81.12959032052643,17.39722049613854,52.0,138.0,61.0,,,513.0,87,26,386,,,,,,3,0,0
p11,2019-12-06,2,0,5,2,6,3,377.0,47.0,97.0,424.0,0.0,86.0,231.0,60.0,47.0,0.0,68.0,18.0,14.0,36.0,86.0,0.063754427390791,3324.0,117.0,1951.74,71.98993698862033,8.492815110908056,53.0,128.0,62.0,,,193.0,0,0,823,,,,,,4,0,0
p11,2019-12-07,3,3,5,2,8,3,505.0,81.0,97.0,586.0,0.0,71.0,368.0,66.0,81.0,22.0,79.0,17.0,18.0,44.0,70.0,0.0952789699570815,8883.0,127.0,2397.56,75.23246282882197,12.783116453453717,54.0,150.0,61.0,,,251.0,5,35,563,1.0,40.1,230.0,3207.0,110.0,5,1,0
p11,2019-12-08,3,3,4,2,8,3,493.0,66.0,94.0,559.0,0.0,95.0,334.0,64.0,66.0,23.0,81.0,17.0,19.0,45.0,95.0,0.1219512195121951,6033.0,121.0,2138.17,69.54157884652233,10.536128706649437,52.0,127.0,57.0,,,202.0,6,6,667,1.0,17.066666666666666,90.0,1251.0,106.0,6,1,0
p11,2019-12-09,2,3,7,2,7,2,409.0,77.0,95.0,486.0,0.0,61.0,321.0,27.0,77.0,22.0,68.0,15.0,16.0,37.0,61.0,0.1142857142857142,8470.0,127.0,2421.45,73.88422548555187,15.534383985242545,52.0,146.0,57.0,,,223.0,37,34,660,1.0,45.6,162.0,275.0,118.0,0,0,0
p11,2019-12-10,2,3,5,2,7,3,423.0,65.0,97.0,488.0,0.0,72.0,274.0,77.0,65.0,22.0,76.0,18.0,17.0,41.0,72.0,0.1133056133056133,6579.0,129.0,2148.19,71.05823412698413,10.517207311102554,52.0,128.0,57.0,,,196.0,4,6,746,,,,,,1,0,0
p11,2019-12-11,2,2,5,1,7,3,408.0,43.0,98.0,451.0,0.0,87.0,207.0,114.0,43.0,22.0,75.0,22.0,14.0,39.0,87.0,0.0598006644518272,22884.0,134.0,3466.14,78.34850624660511,13.813504499514805,52.0,150.0,61.0,,,621.0,28,35,305,,,,,,2,0,0
p11,2019-12-12,2,2,5,3,8,2,470.0,37.0,97.0,507.0,0.0,106.0,228.0,136.0,37.0,0.0,79.0,22.0,14.0,43.0,106.0,0.0817733990147783,10954.0,130.0,3124.52,83.33623619371284,18.09789710370465,55.0,154.0,61.0,,,426.0,35,41,431,,,,,,3,0,0
p11,2019-12-13,2,3,3,3,6,3,355.0,57.0,95.0,412.0,0.0,81.0,215.0,59.0,57.0,3.0,63.0,18.0,11.0,34.0,81.0,0.0957575757575757,4630.0,119.0,2227.69,79.17047353760445,12.789476659052852,51.0,141.0,59.0,,,181.0,12,22,666,,,,,,4,0,0
p11,2019-12-14,3,3,5,3,4,2,260.0,33.0,97.0,293.0,0.0,53.0,174.0,33.0,33.0,0.0,65.0,16.0,21.0,28.0,53.0,0.110732538330494,25631.0,121.0,3421.21,78.66937147572548,18.072820637866158,51.0,169.0,58.0,,,510.0,49,61,527,2.0,96.43333333333332,643.0,8317.0,127.0,5,1,0
p11,2019-12-15,3,3,6,3,6,4,388.0,32.0,96.0,420.0,0.0,68.0,257.0,63.0,32.0,3.0,69.0,18.0,12.0,39.0,68.0,0.0737217598097502,12004.0,138.0,2872.21,77.72775657762602,13.674867583377651,55.0,176.0,62.0,,,293.0,25,52,650,1.0,17.066666666666666,100.0,1466.0,110.0,6,1,0
p11,2019-12-16,3,3,6,3,6,3,387.0,48.0,99.0,435.0,0.0,73.0,253.0,61.0,48.0,23.0,76.0,17.0,21.0,38.0,72.0,0.1021814006888633,21262.0,121.0,3167.08,72.75101369863013,13.687949557108794,53.0,132.0,57.0,,,559.0,16,20,410,,,,,,0,0,0
p11,2019-12-17,3,3,6,3,6,3,391.0,57.0,90.0,448.0,0.0,71.0,278.0,42.0,57.0,0.0,66.0,16.0,14.0,36.0,71.0,0.1460423634336677,13750.0,156.0,2845.13,80.4244738312535,26.035312577415592,52.0,203.0,59.0,,,274.0,30,56,632,2.0,48.56666666666666,409.0,5124.0,129.5,1,0,0
p11,2019-12-18,3,3,6,3,6,3,379.0,52.0,98.0,431.0,0.0,69.0,230.0,80.0,52.0,23.0,72.0,20.0,17.0,35.0,69.0,0.0614136732329084,15139.0,130.0,2800.09,74.58686502887345,12.630776965447089,54.0,133.0,60.0,,,473.0,0,0,536,1.0,19.633333333333333,97.0,1395.0,101.0,2,0,0
p11,2019-12-19,3,3,5,3,8,3,465.0,65.0,97.0,530.0,0.0,88.0,303.0,74.0,65.0,23.0,73.0,18.0,15.0,40.0,87.0,0.0683760683760683,19862.0,150.0,3302.27,79.8672268907563,14.823803818810076,54.0,140.0,60.0,,,517.0,26,35,332,,,,,,3,0,0
p11,2019-12-20,3,3,5,3,9,3,554.0,63.0,95.0,617.0,0.0,104.0,301.0,149.0,63.0,0.0,80.0,22.0,13.0,45.0,104.0,0.0834008097165991,17849.0,121.0,3097.62,79.56702150771237,13.111994698287656,55.0,137.0,64.0,,,502.0,41,11,269,,,,,,4,0,0
p11,2019-12-21,3,3,5,3,7,3,415.0,27.0,99.0,442.0,0.0,68.0,294.0,53.0,27.0,1.0,77.0,17.0,19.0,41.0,68.0,0.0890410958904109,16941.0,120.0,3076.3,79.21913080987814,14.895098845150825,55.0,145.0,60.0,,,518.0,20,20,440,,,,,,5,1,0
p11,2019-12-22,2,3,3,3,8,3,479.0,66.0,94.0,545.0,0.0,74.0,323.0,82.0,66.0,0.0,70.0,18.0,11.0,41.0,73.0,0.1066790352504638,3350.0,66.0,2118.54,76.96917874396135,11.614650369263996,51.0,144.0,60.0,,,191.0,7,13,684,,,,,,6,1,0
p11,2019-12-23,3,3,5,3,6,2,391.0,56.0,97.0,447.0,0.0,67.0,283.0,41.0,56.0,1.0,75.0,16.0,22.0,37.0,66.0,0.0525714285714285,8428.0,122.0,2218.79,71.85892526250773,12.94438357184592,51.0,128.0,58.0,,,232.0,3,7,751,1.0,22.2,103.0,1504.0,100.0,0,0,0
p11,2019-12-25,2,3,5,2,7,3,432.0,48.0,99.0,480.0,0.0,91.0,262.0,79.0,48.0,1.0,83.0,19.0,22.0,42.0,91.0,0.0592592592592592,3549.0,69.0,2150.99,69.16235530951182,12.853987594098287,51.0,145.0,56.0,60.37471961975098,6.995957374572754,219.0,3,9,729,,,,,,2,0,0
p11,2019-12-26,3,3,5,3,7,3,439.0,35.0,99.0,474.0,0.0,95.0,290.0,54.0,35.0,0.0,81.0,17.0,21.0,43.0,94.0,0.0800842992623814,8897.0,117.0,2327.52,70.73174351870176,14.063677045548344,50.0,144.0,54.0,58.86103343963623,6.855822563171387,171.0,17,38,740,1.0,52.916666666666664,365.0,5576.0,114.0,3,0,0
p11,2019-12-28,3,3,5,3,7,3,435.0,73.0,97.0,508.0,0.0,91.0,264.0,80.0,73.0,23.0,77.0,19.0,18.0,40.0,91.0,0.1009081735620585,17923.0,109.0,3524.37,73.30226513182325,16.936601225542606,49.0,138.0,55.0,57.9563045501709,6.794618606567383,569.0,60,18,285,,,,,,5,1,0
p11,2020-01-02,3,3,5,3,7,3,452.0,48.0,98.0,500.0,0.0,89.0,311.0,52.0,48.0,22.0,75.0,17.0,16.0,42.0,89.0,0.0678824721377912,27995.0,126.0,3638.77,78.92144187575326,15.562541895819644,54.0,153.0,60.0,64.17614841461182,9.321800231933594,605.0,47,53,235,3.0,90.46666666666665,449.0,6544.0,102.66666666666667,3,0,0
p11,2020-01-05,3,3,6,3,8,3,486.0,64.0,97.0,550.0,0.0,88.0,312.0,86.0,64.0,0.0,85.0,18.0,21.0,46.0,88.0,0.0956360259981429,3500.0,103.0,2037.37,69.71221650466933,10.951531513430798,52.0,125.0,58.0,65.24365329742432,7.781684875488281,226.0,0,0,664,,,,,,6,1,0
p11,2020-01-06,3,3,7,3,7,3,428.0,43.0,98.0,471.0,0.0,53.0,306.0,69.0,43.0,22.0,80.0,17.0,21.0,42.0,53.0,0.0670212765957446,18569.0,149.0,3193.34,80.9225212744904,23.005182674819647,52.0,173.0,57.0,62.91499423980713,7.105454444885254,316.0,31,69,553,2.0,46.38333333333333,358.0,4920.0,121.5,0,0,0
p11,2020-01-07,3,3,6,3,6,3,392.0,52.0,97.0,444.0,0.0,108.0,233.0,51.0,52.0,22.0,70.0,18.0,14.0,38.0,108.0,0.0908045977011494,7673.0,128.0,2272.09,74.18104255540527,10.136503233854762,55.0,129.0,61.0,63.92638397216797,6.891447067260742,251.0,6,3,736,,,,,,1,0,0
p11,2020-01-08,3,3,6,3,6,3,392.0,45.0,96.0,437.0,0.0,43.0,278.0,71.0,45.0,22.0,69.0,18.0,13.0,38.0,43.0,0.0822857142857142,15611.0,126.0,2886.18,78.53147392790211,11.056708411791051,56.0,132.0,64.0,65.8426742553711,6.821558952331543,429.0,14,28,532,,,,,,2,0,0
p11,2020-01-09,3,3,7,3,7,3,442.0,55.0,97.0,497.0,0.0,75.0,281.0,86.0,55.0,22.0,78.0,19.0,17.0,42.0,74.0,0.0721544715447154,14725.0,154.0,2905.24,82.84671302149178,25.909192727183555,55.0,193.0,61.0,65.14916324615479,6.798501968383789,258.0,27,64,594,1.0,27.3,305.0,3309.0,170.0,3,0,0
p11,2020-01-10,3,3,6,3,8,4,465.0,31.0,98.0,496.0,0.0,100.0,255.0,110.0,31.0,22.0,81.0,22.0,16.0,43.0,100.0,0.0725075528700906,8693.0,123.0,2368.37,79.74733096085409,15.093737937257089,55.0,144.0,62.0,65.64431285858154,6.79086971282959,226.0,12,19,687,1.0,17.933333333333334,106.0,1287.0,118.0,4,0,0
p11,2020-01-11,3,3,5,3,7,3,445.0,40.0,98.0,485.0,0.0,47.0,341.0,57.0,40.0,0.0,72.0,16.0,13.0,43.0,47.0,0.0804953560371517,6316.0,120.0,2368.07,79.11761275272161,9.537285880505115,58.0,128.0,66.0,67.32419872283936,9.327239990234375,292.0,3,7,653,,,,,,5,1,0
p11,2020-01-12,3,3,5,3,8,4,519.0,55.0,97.0,574.0,0.0,118.0,300.0,101.0,55.0,22.0,85.0,21.0,18.0,46.0,117.0,0.0993788819875776,7784.0,125.0,2288.05,74.4658416339672,12.023787188957455,52.0,150.0,60.0,65.85323238372803,7.558743476867676,258.0,7,16,585,,,,,,6,1,0
p11,2020-01-13,3,3,6,3,6,3,374.0,54.0,95.0,428.0,0.0,57.0,299.0,18.0,54.0,23.0,70.0,15.0,18.0,37.0,56.0,0.0868516284680337,15459.0,160.0,2879.85,80.29362463508805,23.762977099983523,52.0,179.0,60.0,64.66795349121094,7.036019325256348,236.0,30,74,672,2.0,38.25,357.0,4661.0,143.5,0,0,0
p11,2020-01-14,3,3,5,3,7,3,433.0,42.0,97.0,475.0,0.0,65.0,263.0,105.0,42.0,22.0,83.0,21.0,19.0,43.0,64.0,0.105037513397642,11648.0,124.0,2428.4,71.6965896133513,12.488970534401577,50.0,146.0,58.0,63.115875244140625,6.868888854980469,215.0,12,35,703,1.0,46.93333333333333,308.0,4713.0,113.0,1,0,0
p11,2020-01-15,3,3,5,3,7,3,429.0,49.0,94.0,478.0,0.0,75.0,251.0,103.0,49.0,23.0,81.0,21.0,18.0,42.0,75.0,0.104984093319194,8299.0,123.0,2333.45,73.17796698162185,13.407515462679187,53.0,130.0,58.0,62.23717403411865,6.814128875732422,186.0,16,43,717,2.0,48.65,320.0,4762.0,117.5,2,0,0
p11,2020-01-16,3,3,7,3,7,3,405.0,51.0,93.0,456.0,0.0,55.0,288.0,62.0,51.0,22.0,68.0,17.0,12.0,39.0,55.0,0.0972067039106145,12397.0,154.0,2663.65,81.73637891822406,19.964414510226785,56.0,182.0,64.0,63.85519313812256,9.508040428161621,243.0,31,38,672,2.0,31.5,291.0,3619.0,146.5,3,0,0
p11,2020-01-17,3,3,7,3,7,3,432.0,47.0,99.0,479.0,0.0,90.0,231.0,111.0,47.0,23.0,78.0,22.0,14.0,42.0,90.0,0.0875912408759124,25173.0,173.0,3626.27,87.79540837058106,28.299119883287613,55.0,187.0,62.0,64.52474784851074,7.608769416809082,534.0,19,62,346,2.0,49.83333333333333,468.0,5598.0,142.5,4,0,0
p11,2020-01-18,3,3,5,3,7,3,457.0,51.0,94.0,508.0,0.0,104.0,244.0,109.0,51.0,23.0,78.0,22.0,14.0,42.0,104.0,0.0833333333333333,17569.0,115.0,2967.18,77.26449115044248,12.148382867297231,57.0,137.0,63.0,65.77804183959961,7.051693916320801,497.0,9,20,406,,,,,,5,1,0
p11,2020-01-19,3,3,6,3,9,4,539.0,62.0,97.0,601.0,0.0,107.0,298.0,134.0,62.0,23.0,86.0,23.0,17.0,46.0,107.0,0.1160639192598822,9128.0,127.0,2240.06,70.11567053226285,11.802422887355792,54.0,134.0,58.0,64.2001256942749,6.873991012573242,218.0,12,19,590,2.0,46.1,264.0,4056.0,107.0,6,1,0
p11,2020-01-20,2,3,6,3,6,2,379.0,40.0,95.0,419.0,0.0,44.0,270.0,65.0,40.0,23.0,75.0,18.0,19.0,38.0,43.0,0.094017094017094,10607.0,124.0,2883.4,76.82219278581618,17.50920832230011,52.0,178.0,58.0,62.41092109680176,6.815810203552246,268.0,33,68,652,1.0,15.35,99.0,1584.0,117.0,0,0,0
p11,2020-01-21,3,3,7,3,7,4,444.0,38.0,96.0,482.0,0.0,97.0,269.0,78.0,38.0,22.0,75.0,19.0,14.0,42.0,97.0,0.0901554404145077,11421.0,126.0,2848.7599999999998,83.84107974527136,32.288802349437454,54.0,194.0,60.0,63.17537021636963,6.796600341796875,214.0,10,75,659,1.0,50.05,568.0,3590.0,169.0,1,0,0
p11,2020-01-22,3,3,5,3,8,3,475.0,53.0,96.0,528.0,0.0,126.0,223.0,126.0,53.0,22.0,78.0,24.0,13.0,41.0,125.0,0.0927152317880794,9089.0,131.0,2229.84,72.79735595895816,11.689452188433943,52.0,146.0,60.0,64.95485877990723,6.790240287780762,196.0,8,25,683,1.0,28.166666666666668,201.0,3002.0,125.0,2,0,0
p11,2020-01-23,3,3,4,3,8,3,495.0,51.0,97.0,546.0,0.0,97.0,293.0,105.0,51.0,22.0,80.0,21.0,13.0,46.0,97.0,0.1070448307410796,16862.0,157.0,3164.75,80.43647540983606,14.787702651728162,56.0,156.0,63.0,65.08565711975098,6.788132667541504,492.0,20,39,343,,,,,,3,0,0
p11,2020-01-24,3,3,4,3,6,3,349.0,28.0,98.0,377.0,0.0,56.0,228.0,65.0,28.0,0.0,69.0,19.0,13.0,37.0,56.0,0.0915119363395225,11262.0,128.0,2513.54,78.65929539295394,10.941905675293986,56.0,160.0,66.0,66.50057983398438,6.787433624267578,306.0,6,13,738,,,,,,4,0,0
p11,2020-01-25,2,3,6,3,6,2,401.0,42.0,92.0,443.0,0.0,63.0,259.0,79.0,42.0,1.0,74.0,19.0,16.0,39.0,62.0,0.1098398169336384,9743.0,101.0,3788.42,80.6959135840212,14.259285122434477,57.0,157.0,64.0,66.42219161987305,6.787201881408691,149.0,28,331,489,1.0,330.0,2069.0,5883.0,102.0,5,1,0
p11,2020-01-26,3,3,6,3,7,3,441.0,60.0,96.0,501.0,0.0,77.0,275.0,89.0,60.0,0.0,74.0,19.0,14.0,41.0,77.0,0.111,17863.0,115.0,3024.18,78.145826496007,12.48251561991425,54.0,152.0,63.0,66.82357692718506,6.787125587463379,226.0,60,101,552,2.0,167.18333333333334,1004.0,11884.0,108.5,6,1,0
p11,2020-01-27,2,3,5,3,6,4,395.0,57.0,98.0,452.0,0.0,83.0,259.0,53.0,57.0,22.0,68.0,17.0,14.0,37.0,82.0,0.087292817679558,7847.0,126.0,2288.66,74.00538079470199,11.336433214068766,51.0,133.0,60.0,67.50121593475342,6.787099838256836,248.0,11,10,719,,,,,,0,0,0
p11,2020-01-28,3,3,4,3,8,3,494.0,54.0,96.0,548.0,0.0,81.0,324.0,89.0,54.0,22.0,84.0,19.0,19.0,46.0,80.0,0.1068139963167587,7334.0,123.0,2173.7799999999997,72.12408171480327,11.220524130352656,54.0,140.0,60.0,65.6588077545166,6.787091255187988,204.0,10,14,664,,,,,,1,0,0
p11,2020-01-29,3,3,5,3,7,3,427.0,60.0,97.0,487.0,0.0,114.0,251.0,62.0,60.0,23.0,78.0,19.0,18.0,41.0,113.0,0.0889348500517063,10488.0,125.0,2436.2,73.72570987058141,13.454557407891738,53.0,151.0,59.0,64.15141868591309,6.787088394165039,236.0,21,30,666,1.0,15.366666666666667,88.0,1273.0,109.0,2,0,0
p11,2020-01-30,3,3,6,3,7,3,425.0,55.0,96.0,480.0,0.0,109.0,252.0,64.0,55.0,23.0,79.0,19.0,18.0,42.0,109.0,0.0905218317358892,21837.0,124.0,3322.64,78.24467860906218,16.031228930076203,53.0,141.0,58.0,63.2834529876709,6.787087440490723,489.0,31,63,377,1.0,56.31666666666667,364.0,6428.0,117.0,3,0,0
p11,2020-01-31,2,3,4,3,6,2,371.0,66.0,97.0,437.0,0.0,65.0,269.0,37.0,66.0,0.0,66.0,16.0,15.0,35.0,64.0,0.0857142857142857,17140.0,146.0,3034.38,77.97829070492826,14.081061547617516,51.0,140.0,59.0,63.408799171447754,6.787087440490723,482.0,21,8,492,,,,,,4,0,0
p11,2020-02-01,3,3,5,3,8,3,510.0,33.0,98.0,543.0,0.0,92.0,309.0,109.0,33.0,0.0,86.0,21.0,19.0,46.0,92.0,0.0699172033118675,16336.0,122.0,2899.2799999999997,72.01689658860015,11.888534585124981,51.0,131.0,57.0,61.0697717666626,6.787087440490723,504.0,6,8,379,,,,,,5,1,0
p11,2020-02-03,3,3,5,3,6,2,341.0,38.0,96.0,379.0,0.0,68.0,204.0,69.0,38.0,22.0,72.0,20.0,15.0,37.0,67.0,0.0659488559892328,8515.0,128.0,2503.1,76.22646999799318,12.606833408573374,53.0,127.0,61.0,63.615715980529785,6.787087440490723,342.0,0,0,719,,,,,,0,0,0
p11,2020-02-04,3,3,6,3,9,4,540.0,66.0,97.0,606.0,0.0,75.0,392.0,73.0,66.0,21.0,81.0,17.0,18.0,46.0,74.0,0.0792326939115929,13513.0,154.0,2813.2,78.33909711187961,25.209163812900368,52.0,187.0,57.0,62.528472900390625,6.787087440490723,234.0,14,69,517,4.0,68.2,608.0,6081.0,145.0,1,0,0
p11,2020-02-05,3,3,5,3,7,4,422.0,56.0,99.0,478.0,0.0,99.0,245.0,78.0,56.0,23.0,78.0,19.0,18.0,41.0,98.0,0.0993723849372384,7215.0,129.0,2291.48,69.72619400771285,11.984475516376447,54.0,144.0,58.0,62.34894943237305,6.787087440490723,221.0,6,20,715,,,,,,2,0,0
p11,2020-02-06,3,3,5,3,7,3,440.0,74.0,98.0,514.0,0.0,79.0,316.0,45.0,74.0,22.0,73.0,16.0,17.0,40.0,79.0,0.1144814090019569,16921.0,126.0,2943.33,71.25906113537118,12.993267793830762,52.0,132.0,57.0,61.35254096984863,6.787087440490723,490.0,12,24,400,,,,,,3,0,0
p11,2020-02-07,3,3,5,3,8,3,475.0,47.0,95.0,522.0,0.0,87.0,315.0,73.0,47.0,23.0,77.0,18.0,13.0,46.0,87.0,0.108133971291866,8743.0,131.0,2387.22,74.42707918822126,11.790360074737622,53.0,141.0,60.0,62.11835861206055,6.787087440490723,262.0,4,9,643,,,,,,4,0,0
p11,2020-02-08,3,3,8,3,6,3,392.0,47.0,96.0,439.0,0.0,95.0,223.0,74.0,47.0,0.0,76.0,19.0,15.0,42.0,95.0,0.1137656427758816,13756.0,135.0,3561.6,95.61098837767746,33.39724876491006,52.0,188.0,60.0,62.11280345916748,6.787087440490723,252.0,79,113,557,2.0,75.03333333333333,708.0,4270.0,137.5,5,1,0
p11,2020-02-09,3,3,3,3,6,2,386.0,44.0,91.0,430.0,0.0,98.0,236.0,52.0,44.0,3.0,69.0,18.0,12.0,39.0,98.0,0.0816802800466744,6699.0,125.0,2357.69,79.27105263157895,11.798843631773385,56.0,143.0,62.0,64.54501247406006,10.273416519165039,186.0,25,35,764,,,,,,6,1,0
p11,2020-02-10,3,3,7,3,7,3,422.0,62.0,95.0,484.0,0.0,75.0,278.0,69.0,62.0,23.0,75.0,17.0,17.0,41.0,75.0,0.1207075962539021,20762.0,129.0,3868.84,92.97579606110804,35.66384270413932,52.0,197.0,60.0,63.86756706237793,7.814133644104004,505.0,32,86,333,2.0,72.53333333333333,718.0,3695.0,141.5,0,0,0
p11,2020-02-11,3,3,5,3,6,3,376.0,38.0,95.0,414.0,0.0,76.0,240.0,60.0,38.0,1.0,72.0,18.0,15.0,39.0,76.0,0.0872727272727272,7358.0,129.0,2305.2,72.39598060997778,12.489083648756909,52.0,145.0,59.0,63.55196285247803,7.115470886230469,282.0,0,0,744,,,,,,1,0,0
p11,2020-02-12,2,3,6,3,6,3,360.0,37.0,96.0,397.0,0.0,57.0,246.0,57.0,37.0,0.0,73.0,17.0,17.0,39.0,57.0,0.0982142857142857,11139.0,125.0,2647.14,73.4504522217853,14.062678449411603,51.0,140.0,58.0,62.47495460510254,6.894692420959473,241.0,86,14,702,1.0,75.0,337.0,407.0,94.0,2,0,0
p11,2020-02-13,3,3,7,3,7,3,441.0,65.0,98.0,506.0,0.0,76.0,304.0,61.0,65.0,23.0,76.0,17.0,19.0,40.0,76.0,0.0898321816386969,10801.0,131.0,2843.74,79.31060606060606,26.655395567822946,52.0,181.0,58.0,61.41959857940674,6.822626113891602,204.0,40,63,627,1.0,60.0,323.0,1073.0,151.0,3,0,0
p11,2020-02-14,3,3,5,3,6,3,362.0,41.0,98.0,403.0,0.0,54.0,244.0,64.0,41.0,23.0,73.0,18.0,16.0,39.0,54.0,0.0738341968911917,8941.0,126.0,2309.7,74.08806643428338,11.30448504950522,52.0,130.0,60.0,62.158249855041504,6.798854827880859,228.0,5,6,798,,,,,,4,0,0
p11,2020-02-15,3,3,5,3,7,3,454.0,41.0,97.0,495.0,0.0,104.0,250.0,100.0,41.0,23.0,82.0,22.0,13.0,47.0,104.0,0.0725229826353421,18391.0,129.0,3018.29,79.1842105263158,13.340658050945244,54.0,156.0,62.0,64.54026699066162,7.3112335205078125,487.0,8,26,424,,,,,,5,1,0
p11,2020-02-17,3,3,8,3,7,2,457.0,69.0,96.0,526.0,0.0,81.0,346.0,30.0,69.0,22.0,79.0,15.0,19.0,45.0,80.0,0.094375595805529,10987.0,129.0,3028.37,85.09730157334974,32.748312041348036,51.0,188.0,59.0,62.51630687713623,6.843293190002441,248.0,21,84,561,2.0,78.85000000000001,732.0,3456.0,139.0,0,0,0
p11,2020-02-18,3,3,6,3,8,3,478.0,47.0,97.0,525.0,0.0,113.0,240.0,125.0,47.0,22.0,84.0,23.0,15.0,46.0,113.0,0.0846812559467174,6469.0,131.0,2141.7599999999998,71.13421843201861,10.266893460294073,55.0,139.0,61.0,62.78920936584473,6.805685043334961,150.0,13,35,717,1.0,15.366666666666667,109.0,1518.0,120.0,1,0,0
p11,2020-02-19,3,3,5,3,7,3,448.0,46.0,98.0,494.0,0.0,104.0,254.0,90.0,46.0,22.0,79.0,21.0,16.0,42.0,103.0,0.1001011122345803,17656.0,127.0,3074.7999999999997,72.73084047233156,13.341218017617559,52.0,134.0,57.0,63.60581970214844,6.793249130249023,526.0,13,20,387,,,,,,2,0,0
p11,2020-02-20,2,3,8,3,6,3,375.0,34.0,97.0,409.0,0.0,35.0,259.0,81.0,34.0,0.0,73.0,19.0,15.0,39.0,35.0,0.083028083028083,13176.0,124.0,3118.15,89.15461303017052,33.81745831124934,51.0,188.0,60.0,63.44833183288574,6.789129257202148,279.0,21,65,666,1.0,60.03333333333333,614.0,2255.0,160.0,3,0,0
p11,2020-02-21,3,3,6,3,6,3,369.0,64.0,94.0,433.0,0.0,61.0,281.0,27.0,64.0,23.0,70.0,15.0,19.0,36.0,61.0,0.1014994232987312,14867.0,160.0,2778.82,81.92917349566846,33.6925084356826,52.0,198.0,57.0,62.342774391174316,6.787764549255371,210.0,19,56,722,1.0,34.1,408.0,4713.0,171.0,4,0,0
p11,2020-02-22,2,3,5,3,7,2,418.0,57.0,96.0,475.0,0.0,57.0,260.0,101.0,57.0,0.0,80.0,21.0,17.0,42.0,56.0,0.0779220779220779,6757.0,126.0,2146.09,70.15675002395324,11.235388522311972,52.0,136.0,58.0,62.95137119293213,6.787311553955078,214.0,3,6,742,,,,,,5,1,0
p11,2020-02-23,3,3,7,3,8,3,482.0,56.0,94.0,538.0,0.0,98.0,249.0,135.0,56.0,23.0,81.0,22.0,14.0,45.0,98.0,0.1160631383472609,9635.0,123.0,2880.06,83.01143067846607,29.94698395088828,54.0,194.0,60.0,63.31120014190674,6.787161827087402,216.0,31,76,579,1.0,57.35,425.0,1103.0,169.0,6,1,0
p11,2020-02-24,3,3,7,3,7,3,416.0,52.0,96.0,468.0,0.0,61.0,305.0,50.0,52.0,22.0,76.0,16.0,18.0,42.0,61.0,0.1037433155080213,12761.0,151.0,2756.52,78.4206698392745,22.861390025489253,53.0,166.0,59.0,63.48408222198486,6.787112236022949,276.0,22,45,629,1.0,41.71666666666667,320.0,1675.0,137.0,0,0,0
p11,2020-02-25,3,3,3,3,7,3,437.0,66.0,95.0,503.0,0.0,68.0,319.0,50.0,66.0,22.0,73.0,16.0,16.0,41.0,68.0,0.1098790322580645,8753.0,129.0,2251.43,72.67221708294788,9.918540028400068,53.0,137.0,61.0,63.96349239349365,6.787095069885254,221.0,11,17,688,1.0,24.75,121.0,1770.0,106.0,1,0,0
p11,2020-02-26,3,3,5,3,6,4,395.0,64.0,99.0,459.0,0.0,94.0,197.0,104.0,64.0,23.0,80.0,22.0,17.0,41.0,94.0,0.0893054024255788,6878.0,127.0,2232.64,71.79611844737896,10.984460757298912,52.0,129.0,57.0,63.306246757507324,6.7870893478393555,289.0,0,0,692,,,,,,2,0,0
p11,2020-02-27,3,3,4,1,8,4,484.0,51.0,97.0,535.0,0.0,87.0,310.0,87.0,51.0,22.0,84.0,19.0,19.0,46.0,87.0,0.0800376647834275,20511.0,125.0,3465.8,74.17444910807974,16.41515052694555,51.0,175.0,56.0,61.888028144836426,6.787087440490723,552.0,14,60,279,,,,,,3,0,0
p11,2020-02-28,2,3,4,3,8,3,519.0,64.0,96.0,583.0,0.0,69.0,358.0,92.0,64.0,0.0,77.0,18.0,14.0,45.0,68.0,0.1002570694087403,1668.0,46.0,1785.1,66.54310424997675,7.349711177184631,51.0,129.0,56.0,62.437686920166016,6.787087440490723,127.0,0,0,730,,,,,,4,0,0
p11,2020-03-02,3,3,6,3,7,3,421.0,42.0,96.0,463.0,0.0,76.0,287.0,58.0,42.0,22.0,72.0,17.0,13.0,42.0,76.0,0.1014023732470334,7996.0,125.0,2319.24,72.58266452648475,10.898925826464746,52.0,139.0,59.0,64.23892974853516,6.787087440490723,276.0,3,7,691,,,,,,0,0,0
p11,2020-03-03,3,3,8,3,8,4,480.0,50.0,96.0,530.0,0.0,78.0,291.0,111.0,50.0,22.0,85.0,21.0,18.0,46.0,78.0,0.0985645933014354,7515.0,131.0,2204.14,73.57314195831695,11.468837038888429,53.0,127.0,59.0,63.19683647155762,6.787087440490723,186.0,8,12,704,,,,,,1,0,0
p11,2020-03-04,2,3,5,3,6,3,379.0,63.0,95.0,442.0,0.0,55.0,296.0,28.0,63.0,23.0,66.0,15.0,13.0,38.0,55.0,0.0982857142857142,10831.0,129.0,2728.0,83.4137289362142,14.246878900134123,58.0,156.0,66.0,65.60882663726807,6.787087440490723,233.0,26,57,682,,,,,,2,0,0
p11,2020-03-05,2,3,4,3,7,2,409.0,56.0,98.0,465.0,0.0,80.0,259.0,70.0,56.0,23.0,75.0,18.0,15.0,42.0,79.0,0.0792079207920792,15097.0,130.0,2964.7,77.98748008194856,13.36194028733643,56.0,135.0,63.0,66.50652503967285,6.787087440490723,415.0,24,36,500,,,,,,3,0,0
p11,2020-03-06,2,3,3,3,7,3,430.0,46.0,95.0,476.0,0.0,81.0,292.0,57.0,46.0,0.0,73.0,17.0,14.0,42.0,81.0,0.0925341745531019,5706.0,121.0,2121.88,76.53390899388765,9.747734557981676,57.0,134.0,64.0,67.85393333435059,6.787087440490723,199.0,0,0,686,,,,,,4,0,0
p11,2020-03-07,2,3,1,3,8,2,478.0,63.0,94.0,541.0,0.0,88.0,303.0,87.0,63.0,23.0,78.0,19.0,14.0,45.0,88.0,0.1158480074142724,9353.0,128.0,2549.55,81.65244506038408,13.041740482508054,55.0,144.0,64.0,68.34346961975098,6.787087440490723,325.0,11,9,554,,,,,,5,1,0
p11,2020-03-08,2,2,2,3,6,3,366.0,39.0,99.0,405.0,0.0,77.0,238.0,51.0,39.0,1.0,73.0,17.0,17.0,39.0,76.0,0.0825,2153.0,73.0,1894.33,73.11117578579744,9.053330948130476,52.0,110.0,61.0,67.39040946960449,6.787087440490723,167.0,0,0,868,,,,,,6,1,0
p11,2020-03-09,3,3,3,3,7,3,405.0,55.0,96.0,460.0,0.0,75.0,295.0,35.0,55.0,22.0,77.0,16.0,19.0,42.0,74.0,0.1175824175824175,4904.0,127.0,1975.66,71.47671792665878,11.228534452782194,52.0,151.0,59.0,65.71077919006348,6.787087440490723,159.0,0,0,821,,,,,,0,0,0
p11,2020-03-10,3,3,3,2,7,4,454.0,50.0,95.0,504.0,0.0,78.0,266.0,110.0,50.0,22.0,86.0,21.0,19.0,46.0,78.0,0.068068068068068,6880.0,122.0,2204.84,69.56400334658021,10.928887143835283,51.0,150.0,58.0,64.62786293029785,6.787087440490723,210.0,11,21,694,,,,,,1,0,0
p11,2020-03-11,3,3,5,3,7,3,405.0,70.0,97.0,475.0,0.0,66.0,287.0,52.0,70.0,23.0,76.0,16.0,20.0,40.0,65.0,0.0886075949367088,16385.0,129.0,2803.99,75.03130059363195,16.767500211569192,54.0,147.0,59.0,63.11127471923828,6.787087440490723,248.0,23,83,611,2.0,64.86666666666666,468.0,7053.0,124.5,2,0,0
p11,2020-03-12,3,3,3,3,7,3,403.0,46.0,98.0,449.0,0.0,79.0,235.0,89.0,46.0,23.0,76.0,21.0,13.0,42.0,79.0,0.0848214285714285,21313.0,123.0,3378.8199999999997,77.55388746490907,12.968582729927704,55.0,135.0,63.0,65.43542861938477,7.481327056884766,522.0,49,26,394,,,,,,3,0,0
p11,2020-03-13,3,3,3,3,7,4,452.0,48.0,99.0,500.0,0.0,97.0,231.0,124.0,48.0,0.0,83.0,22.0,15.0,46.0,97.0,0.0749250749250749,3950.0,122.0,1820.58,74.29748415594392,12.903601014442637,56.0,138.0,62.0,66.28252029418945,7.011653900146484,52.0,10,17,861,1.0,26.45,163.0,2047.0,117.0,4,0,0
p12,2019-11-16,3,4,4,4,7,4,,,,,,,,,,,,,,,,,10768.0,120.0,2733.7999999999997,72.43050605844618,9.715451586514616,52.0,110.0,58.0,,,,24,12,1162,2.0,42.66666666666667,254.0,2530.0,97.0,5,1,0
p12,2019-11-17,4,4,7,2,8,4,,,,,,,,,,,,,,,,,6839.0,125.0,2967.85,81.48869223205506,14.771337018218567,55.0,138.0,64.0,,,,34,49,1143,1.0,106.63333333333334,611.0,1599.0,113.0,6,1,1
p12,2019-11-18,3,3,5,3,6,3,,,,,,,,,,,,,,,,,12851.0,160.0,3006.37,89.99408672798948,40.671819460319824,53.0,193.0,58.0,,,,19,62,1190,1.0,34.78333333333333,471.0,5254.0,171.0,0,0,0
p12,2019-11-19,2,3,4,2,7,4,,,,,,,,,,,,,,,,,6063.0,119.0,2642.2999999999997,77.65033467202142,8.094370693635996,57.0,146.0,68.0,,,,8,22,1183,,,,,,1,0,0
p12,2019-11-20,2,3,3,2,6,3,,,,,,,,,,,,,,,,,10011.0,133.0,3051.39,78.5043445409898,9.658094957092636,55.0,135.0,64.0,,,,10,16,1081,,,,,,2,0,0
p12,2019-11-22,3,3,6,3,6,4,,,,,,,,,,,,,,,,,11565.0,125.0,3116.2,78.38108527131783,9.760320080684062,58.0,134.0,67.0,,,,39,45,1116,2.0,50.31666666666666,350.0,2664.0,111.0,4,0,0
p12,2019-11-23,3,3,4,3,7,3,,,,,,,,,,,,,,,,,5499.0,121.0,2350.3399999999997,77.01326150020721,15.36082836113647,55.0,140.0,61.0,,,,0,0,1244,,,,,,5,1,0
p12,2019-11-24,3,3,6,2,7,4,390.0,5.0,99.0,395.0,0.0,,,,,13.0,,,,,,,7000.0,117.0,2479.3199999999997,78.59704830053667,11.516585462900402,57.0,126.0,63.0,,,,21,24,844,1.0,22.183333333333334,159.0,2289.0,92.0,6,1,0
p12,2019-11-25,4,4,8,2,6,4,,,,,,,,,,,,,,,,,17833.0,159.0,3554.92,94.52802080870183,39.33320149940208,55.0,191.0,65.0,,,,40,94,1062,2.0,58.36666666666667,619.0,6800.0,139.0,0,0,1
p12,2019-11-26,2,3,6,2,6,3,,,,,,,,,,,,,,,,,8302.0,119.0,2747.81,75.7164985590778,8.05990821859961,55.0,111.0,63.0,,,,14,6,1143,,,,,,1,0,0
p12,2019-11-27,3,3,6,3,6,3,,,,,,,,,,,,,,,,,14453.0,158.0,3233.1,88.447224975223,32.028123325401914,56.0,186.0,67.0,,,,29,76,1132,2.0,34.03333333333333,370.0,3589.0,144.0,2,0,0
p12,2019-11-29,4,4,7,3,7,4,,,,,,,,,,,,,,,,,18029.0,159.0,3586.09,94.99869394862864,37.70070751150149,55.0,195.0,68.0,,,,9,65,1040,1.0,33.28333333333333,454.0,5060.0,175.0,4,0,1
p12,2019-11-30,2,3,2,3,7,3,,,,,,,,,,,,,,,,,14495.0,122.0,3270.3,89.48156956004756,21.10573591226397,54.0,168.0,65.0,,,,29,49,1053,,,,,,5,1,0
p12,2019-12-01,2,3,2,3,6,2,,,,,,,,,,,,,,,,,7090.0,119.0,2615.36,68.69543401906674,9.327059578791827,52.0,114.0,56.0,,,,11,21,1143,,,,,,6,1,0
p12,2019-12-02,3,3,7,3,7,3,,,,,,,,,,,,,,,,,12488.0,161.0,3039.49,89.95861033669311,39.299958059987,50.0,187.0,58.10000000000002,,,,5,70,1159,1.0,1.65,12.0,160.0,106.0,0,0,0
p12,2019-12-04,2,3,6,3,5,3,,,,,,,,,,,,,,,,,12803.0,125.0,3106.14,75.11217865489483,8.319801739974942,57.0,121.0,64.0,,,,48,29,1071,1.0,17.916666666666668,116.0,1428.0,104.0,2,0,0
p12,2019-12-05,2,3,4,3,6,4,,,,,,,,,,,,,,,,,6412.0,120.0,2495.2799999999997,75.43037974683544,14.201721044138894,55.0,161.0,63.0,,,,6,5,1213,,,,,,3,0,0
p12,2019-12-06,3,3,7,2,7,4,,,,,,,,,,,,,,,,,11494.0,161.0,2767.5499999999997,91.55143229166667,41.68597571187572,53.0,197.0,59.0,,,,15,63,1234,3.0,59.93333333333334,598.0,6537.0,133.66666666666666,4,0,0
p12,2019-12-07,3,4,6,3,7,3,,,,,,,,,,,,,,,,,11124.0,121.0,2676.0499999999997,72.37885462555066,10.226731791347072,52.0,117.0,60.0,,,,31,35,1195,2.0,63.150000000000006,423.0,5659.0,99.5,5,1,0
p12,2019-12-10,3,3,6,2,6,2,,,,,,,,,,,,,,,,,11051.0,125.0,2890.21,73.22700587084148,9.414680908633322,55.0,121.0,60.0,,,,12,27,1135,1.0,40.96666666666667,271.0,2959.0,104.0,1,0,0
p12,2019-12-11,2,3,3,2,6,2,,,,,,,,,,,,,,,,,14109.0,161.0,3045.32,92.68764129615674,38.13022528321461,57.0,189.0,62.650000000000006,,,,22,56,1153,1.0,22.2,167.0,1854.0,111.0,2,0,0
p12,2019-12-12,3,3,5,3,6,3,,,,,,,,,,,,,,,,,11763.0,121.0,2801.41,74.27181060938184,12.126878176512502,56.0,120.0,61.0,,,,24,60,1183,1.0,68.26666666666667,428.0,5051.0,103.0,3,0,0
p12,2019-12-14,2,3,3,4,6,4,,,,,,,,,,,,,,,,,7282.0,119.0,2472.69,70.55267702936096,8.98274812374986,53.0,109.0,58.0,,,,7,9,1236,1.0,27.3,156.0,1834.0,96.0,5,1,0
p12,2019-12-15,3,3,7,3,6,4,,,,,,,,,,,,,,,,,8684.0,125.0,2689.31,75.959375,9.77159585637394,55.0,119.0,63.0,,,,0,0,1164,,,,,,6,1,0
p12,2019-12-16,2,3,1,3,5,2,,,,,,,,,,,,,,,,,7970.0,133.0,2581.8,71.8157632191553,7.077414641786961,57.0,117.0,61.0,,,,1,8,1184,,,,,,0,0,0
p12,2019-12-17,2,3,4,3,5,3,,,,,,,,,,,,,,,,,14029.0,158.0,3101.29,90.72895077720207,39.809605717946745,52.0,172.0,59.0,,,,23,56,1109,2.0,47.78333333333333,520.0,5599.0,144.0,1,0,0
p12,2019-12-18,3,3,6,3,6,3,,,,,,,,,,,,,,,,,11263.0,123.0,2843.0499999999997,70.71576846307386,9.079028848646102,53.0,128.0,58.0,,,,14,27,1156,,,,,,2,0,0
p12,2019-12-19,2,3,5,3,5,2,,,,,,,,,,,,,,,,,6531.0,132.0,2501.83,86.00927441352974,17.912518084823773,59.0,158.0,65.0,,,,24,29,1241,,,,,,3,0,0
p12,2019-12-21,3,3,4,3,7,3,,,,,,,,,,,,,,,,,7749.0,127.0,2418.58,73.65079365079364,9.32685610313913,54.0,122.0,59.0,,,,6,7,1252,1.0,16.216666666666665,101.0,1220.0,101.0,5,1,0
p12,2019-12-23,3,3,4,4,7,2,,,,,,,,,,,,,,,,,3636.0,94.0,2175.59,80.54507285749568,20.311142166252036,53.0,157.0,59.0,,,,0,0,1273,,,,,,0,0,0
p12,2019-12-24,2,3,3,4,5,2,,,,,,,,,,,,,,,,,,,1699.1999999999998,,,,,,,,,0,0,1440,,,,,,1,0,0
p12,2019-12-26,3,3,4,3,9,3,,,,,,,,,,,,,,,,,,,1699.1999999999998,,,,,,,,,0,0,1440,,,,,,3,0,0
p12,2019-12-28,3,4,4,4,8,3,,,,,,,,,,,,,,,,,,,1699.1999999999998,,,,,,,,,0,0,1440,,,,,,5,1,0
p12,2020-01-04,3,3,4,3,7,3,,,,,,,,,,,,,,,,,14869.0,117.0,2802.77,89.98321554770318,17.176842745335126,59.0,154.0,67.0,,,,55,72,1217,,,,,,5,1,0
p12,2020-01-06,3,3,6,3,6,2,,,,,,,,,,,,,,,,,15374.0,163.0,3163.7,85.6183908045977,34.1331907321854,55.0,176.0,61.0,,,,50,62,1126,,,,,,0,0,0
p12,2020-01-07,3,3,5,3,6,2,,,,,,,,,,,,,,,,,8090.0,125.0,2513.0,75.2857837181045,14.633821800305935,52.0,161.0,57.0,,,,3,12,1225,,,,,,1,0,0
p12,2020-01-08,4,3,6,3,6,3,,,,,,,,,,,,,,,,,12800.0,126.0,2947.13,80.19924513309495,17.286882650397935,53.0,166.0,59.0,,,,24,37,1155,,,,,,2,0,1
p12,2020-01-09,3,3,5,3,6,4,,,,,,,,,,,,,,,,,7478.0,124.0,2517.6,83.77710437710438,17.668577771525545,56.0,165.0,65.0,,,,14,21,1244,,,,,,3,0,0
p12,2020-01-10,3,3,6,3,6,3,,,,,,,,,,,,,,,,,15846.0,164.0,3542.95,97.8004216444132,32.87575642699215,58.0,193.0,69.0,,,,33,85,1083,2.0,40.96666666666667,446.0,5177.0,140.0,4,0,0
p12,2020-01-11,3,3,6,3,7,3,,,,,,,,,,,,,,,,,7741.0,118.0,2492.2599999999998,73.8957242582897,13.270579631710053,47.0,140.0,58.0,,,,17,21,1220,2.0,45.25,301.0,3303.0,103.5,5,1,0
p12,2020-01-12,4,3,7,3,7,4,,,,,,,,,,,,,,,,,20237.0,119.0,3666.89,86.10880600308982,16.93318488211126,56.0,165.0,64.0,,,,67,64,959,2.0,109.23333333333332,751.0,8691.0,106.5,6,1,1
p12,2020-01-13,4,3,8,3,6,3,,,,,,,,,,,,,,,,,13283.0,162.0,3137.12,88.49797570850203,35.844828720101155,56.0,196.0,63.0,,,,27,60,1146,1.0,21.35,294.0,3133.0,174.0,0,0,1
p12,2020-01-14,3,3,5,3,5,2,,,,,,,,,,,,,,,,,7560.0,123.0,2452.19,78.34135107471853,11.86792220599455,56.0,126.0,66.0,,,,20,17,1263,,,,,,1,0,0
p12,2020-01-15,2,3,6,3,5,2,68.0,2.0,97.0,70.0,0.0,,,,,21.0,,,,,,,10759.0,124.0,2903.19,78.18220874399798,10.43267243177173,55.0,138.0,65.0,,,,21,33,1077,1.0,18.766666666666666,112.0,1169.0,105.0,2,0,0
p12,2020-01-16,4,3,4,3,8,4,,,,,,,,,,,,,,,,,11032.0,119.0,2708.35,74.16879972327914,10.523784657001222,56.0,122.0,62.0,,,,18,36,1200,2.0,60.58333333333333,373.0,4591.0,105.0,3,0,1
p12,2020-01-17,3,3,7,3,8,3,,,,,,,,,,,,,,,,,14791.0,117.0,3035.2,75.26524614254225,12.106875717915718,56.0,118.0,61.0,,,,34,58,1114,3.0,58.88333333333333,397.0,5312.0,102.33333333333333,4,0,0
p12,2020-01-18,3,3,6,3,7,3,,,,,,,,,,,,,,,,,23737.0,125.0,3587.79,78.85220838052095,13.87451709365226,55.0,123.0,60.0,,,,73,94,1008,6.0,220.13333333333333,1323.0,15775.0,99.33333333333333,5,1,0
p12,2020-01-19,3,3,6,3,7,3,,,,,,,,,,,,,,,,,22837.0,124.0,3602.36,79.91546983996717,14.800431954418436,57.0,127.0,63.0,,,,59,111,1029,4.0,185.16666666666666,1123.0,13025.0,102.5,6,1,0
p12,2020-01-21,4,3,6,3,7,3,,,,,,,,,,,,,,,,,7475.0,127.0,2623.5299999999997,73.58290743895513,8.506113060290271,55.0,126.0,60.0,,,,4,8,1187,,,,,,1,0,1
p12,2020-01-22,3,3,6,3,7,3,,,,,,,,,,,,,,,,,12593.0,133.0,3124.49,78.42907941525088,11.015799285356994,57.0,123.0,62.0,,,,26,24,1070,,,,,,2,0,0
p12,2020-01-23,2,3,5,3,5,2,,,,,,,,,,,,,,,,,10007.0,120.0,2742.62,76.0859963626916,11.537502522213835,55.0,164.0,62.0,,,,6,11,1144,1.0,17.066666666666666,116.0,1504.0,99.0,3,0,0
p12,2020-01-24,2,3,2,3,6,2,,,,,,,,,,,,,,,,,5920.0,126.0,2345.48,87.23299101412067,17.880330293484253,56.0,162.0,66.0,,,,13,19,1284,,,,,,4,0,0
p12,2020-01-27,3,3,6,3,6,3,,,,,,,,,,,,,,,,,13850.0,121.0,3120.34,77.63781123335264,13.195360945922333,54.0,158.0,63.0,,,,32,76,1127,3.0,69.13333333333333,496.0,5699.0,114.33333333333333,0,0,0
p12,2020-01-28,3,3,7,3,6,3,,,,,,,,,,,,,,,,,12027.0,131.0,2888.55,73.0051563003545,9.186615960076669,59.0,120.0,62.0,,,,16,41,1152,1.0,29.016666666666666,223.0,3053.0,112.0,1,0,0
p12,2020-01-31,3,3,5,3,6,2,,,,,,,,,,,,,,,,,10515.0,124.0,2959.18,97.99947215624175,22.692215443820427,57.0,171.0,67.0,,,,25,32,1134,1.0,33.28333333333333,192.0,2140.0,106.0,4,0,0
p12,2020-02-01,3,3,6,3,6,3,,,,,,,,,,,,,,,,,10258.0,118.0,2868.64,72.18954802259887,9.17125091000478,55.0,113.0,61.0,,,,30,11,1097,3.0,98.15,480.0,2144.0,95.0,5,1,0
p12,2020-02-02,4,4,7,4,8,4,,,,,,,,,,,,,,,,,15384.0,111.0,3433.16,83.3882882882883,9.796608832277702,56.0,121.0,70.0,,,,69,46,1005,2.0,34.15,218.0,2219.0,102.5,6,1,1
p12,2020-02-03,2,3,6,2,5,2,,,,,,,,,,,,,,,,,7918.0,124.0,2664.74,76.7295918367347,10.238696379036314,56.0,124.0,63.0,,,,27,24,1201,1.0,26.45,182.0,1974.0,107.0,0,0,0
p12,2020-02-05,2,3,8,3,6,3,,,,,,,,,,,,,,,,,17918.0,132.0,3617.08,78.55034722222223,13.18901913154393,55.0,174.0,64.0,,,,28,68,992,2.0,53.766666666666666,405.0,4405.0,116.5,2,0,0
p12,2020-02-06,3,3,6,3,6,3,,,,,,,,,,,,,,,,,7912.0,124.0,2597.91,70.55252918287938,8.09461325888406,55.0,124.0,59.0,,,,0,0,1164,,,,,,3,0,0
p12,2020-02-07,3,3,7,3,6,3,,,,,,,,,,,,,,,,,17338.0,122.0,3321.29,78.61312764670296,13.703916754731665,57.0,169.0,64.0,,,,26,52,1044,2.0,65.71666666666667,496.0,5231.0,110.5,4,0,0
p12,2020-02-09,3,3,7,3,7,3,,,,,,,,,,,,,,,,,6861.0,124.0,2649.87,83.02749326145553,12.599198572217645,58.0,164.0,68.0,,,,18,9,1184,,,,,,6,1,0
p12,2020-02-10,4,3,8,3,7,4,,,,,,,,,,,,,,,,,11512.0,124.0,2966.06,76.78211071720753,11.691395813943704,57.0,182.0,64.0,,,,15,56,1157,1.0,47.8,364.0,3692.0,118.0,0,0,1
p12,2020-02-12,3,3,7,3,6,3,,,,,,,,,,,,,,,,,13878.0,125.0,3281.5499999999997,78.96024878312602,15.047819876397094,50.0,185.0,64.0,,,,35,48,1059,2.0,44.36666666666667,363.0,3931.0,119.0,2,0,0
p12,2020-02-13,2,3,5,3,6,3,,,,,,,,,,,,,,,,,9259.0,124.0,2780.86,74.40171211160431,9.499729255737641,55.0,130.0,63.0,,,,25,16,1146,,,,,,3,0,0
p12,2020-02-14,2,3,7,3,5,2,,,,,,,,,,,,,,,,,11761.0,158.0,3047.0099999999998,82.21624822359071,29.24908576508523,51.0,186.0,58.0,,,,22,47,1113,,,,,,4,0,0
p12,2020-02-15,4,5,6,4,6,3,535.0,66.0,89.0,601.0,0.0,107.0,314.0,114.0,66.0,21.0,85.0,21.0,19.0,45.0,107.0,0.0510887772194304,9388.0,113.0,2857.0099999999998,68.66528870516069,10.120017814023022,50.0,117.0,57.0,,,,23,5,499,,,,,,5,1,1
p12,2020-02-16,4,4,8,4,7,4,,,,,,,,,,,,,,,,,9024.0,156.0,2871.34,86.54983537862915,29.36630596229463,57.0,192.0,64.0,,,,32,42,1132,,,,,,6,1,1
p12,2020-02-19,4,3,7,3,7,4,,,,,,,,,,,,,,,,,16893.0,121.0,3261.74,87.57074130767549,20.29725708203005,55.0,172.0,64.0,,,,29,54,1065,1.0,64.0,392.0,5125.0,99.0,2,0,1
p12,2020-02-21,4,3,5,3,6,4,,,,,,,,,,,,,,,,,8664.0,120.0,2642.67,86.26985381272225,12.12410609305673,56.0,164.0,68.0,,,,12,20,1186,,,,,,4,0,1
p12,2020-02-23,2,3,3,3,5,2,112.0,13.0,90.0,125.0,0.0,,,,,14.0,,,,,,,17145.0,127.0,3024.2799999999997,87.23960041747428,20.15202422204574,54.0,167.0,62.0,,,,39,64,1029,2.0,124.58333333333333,838.0,11097.0,102.5,6,1,0
p12,2020-02-24,2,3,3,3,6,3,,,,,,,,,,,,,,,,,5835.0,132.0,2404.5299999999997,85.07263513513513,20.42246179543801,56.0,167.0,64.0,,,,5,2,1265,,,,,,0,0,0
p12,2020-02-27,2,3,4,3,6,3,,,,,,,,,,,,,,,,,9274.0,127.0,2660.87,84.35919607384903,20.64711019331395,54.0,155.0,62.0,,,,2,15,1213,,,,,,3,0,0
p12,2020-02-28,2,3,3,3,6,3,,,,,,,,,,,,,,,,,14767.0,119.0,3026.7,86.27219674864527,18.797698060552715,55.0,162.0,65.0,,,,35,54,1146,,,,,,4,0,0
p12,2020-03-02,2,3,4,3,6,3,,,,,,,,,,,,,,,,,10825.0,119.0,3012.12,80.0880149812734,12.245679209895675,54.0,119.0,62.0,,,,23,21,1111,,,,,,0,0,0
p12,2020-03-04,2,3,3,3,3,1,,,,,,,,,,,,,,,,,4225.0,138.0,2222.38,81.34567164179104,7.120185858972381,68.0,125.0,73.0,,,,0,0,1335,,,,,,2,0,0
p12,2020-03-09,3,3,7,3,6,2,,,,,,,,,,,,,,,,,14350.0,126.0,3143.75,80.57358594179023,14.374391108440886,56.0,156.0,64.0,,,,45,60,1132,,,,,,0,0,0
p12,2020-03-17,2,3,1,3,6,4,,,,,,,,,,,,,,,,,,,1684.8,100.12969454181273,18.714249941115796,56.0,162.0,72.0,,,,0,0,1440,,,,,,1,0,0
p12,2020-03-19,2,3,0,3,7,3,,,,,,,,,,,,,,,,,,,1684.8,,,,,,,,,0,0,1440,,,,,,3,0,0
p12,2020-03-21,2,3,0,3,7,3,,,,,,,,,,,,,,,,,,,1684.8,71.0,4.690415759823429,68.0,78.0,68.15,,,,0,0,1440,,,,,,5,1,0
p12,2020-03-22,2,3,0,3,7,3,,,,,,,,,,,,,,,,,0.0,0.0,1685.04,,,,,,,,,0,0,1440,,,,,,6,1,0
p12,2020-03-25,2,3,3,3,7,2,,,,,,,,,,,,,,,,,,,1684.8,,,,,,,,,0,0,1440,,,,,,2,0,0
p12,2020-03-27,3,3,5,3,7,3,,,,,,,,,,,,,,,,,,,1684.8,,,,,,,,,0,0,1440,,,,,,4,0,0
p13,2019-11-11,3,3,7,2,8,2,,,,,,,,,,,,,,,,,15051.0,165.0,2896.23,93.71575091575092,40.523296606613606,51.0,178.0,54.0,,,189.0,46,48,1127,2.0,50.88333333333333,373.0,5843.0,127.5,0,0,0
p13,2019-11-12,2,4,4,2,7,2,431.0,37.0,92.0,480.0,0.0,,,,,23.0,,,,,,,15896.0,134.0,3092.5299999999997,63.24109044441289,11.431336997620383,44.0,125.0,49.0,,,376.0,53,17,544,1.0,16.216666666666665,85.0,1286.0,106.0,1,0,0
p13,2019-11-12,3,3,4,3,7,3,431.0,37.0,92.0,480.0,0.0,,,,,23.0,,,,,,,15896.0,134.0,3092.5299999999997,63.24109044441289,11.431336997620383,44.0,125.0,49.0,,,376.0,53,17,544,1.0,16.216666666666665,85.0,1286.0,106.0,1,0,0
p13,2019-11-12,2,4,6,2,4,2,431.0,37.0,92.0,480.0,0.0,,,,,23.0,,,,,,,15896.0,134.0,3092.5299999999997,63.24109044441289,11.431336997620383,44.0,125.0,49.0,,,376.0,53,17,544,1.0,16.216666666666665,85.0,1286.0,106.0,1,0,0
p13,2019-11-13,2,4,4,2,4,2,279.0,42.0,94.0,321.0,0.0,73.0,160.0,46.0,42.0,0.0,,,,,,,7230.0,121.0,2250.79,65.09996727748691,10.074683644202334,43.0,140.0,53.0,,,155.0,9,12,943,1.0,15.366666666666667,14.0,0.0,,2,0,0
p13,2019-11-14,4,2,8,2,7,2,422.0,75.0,93.0,497.0,0.0,120.0,182.0,120.0,75.0,23.0,,,,,,,9631.0,118.0,2447.5099999999998,59.94767213114754,9.760175906867238,43.0,126.0,48.0,,,214.0,2,11,716,,,,,,3,0,1
p13,2019-11-15,3,2,10,2,8,2,446.0,62.0,93.0,508.0,0.0,95.0,250.0,101.0,62.0,23.0,85.0,21.0,22.0,42.0,95.0,0.0762286860581745,14562.0,117.0,3144.04,61.64660114660115,12.296796388307907,41.0,116.0,48.0,,,319.0,37,33,543,1.0,23.033333333333335,159.0,2007.0,106.0,4,0,0
p13,2019-11-16,3,4,10,2,6,2,397.0,75.0,89.0,472.0,0.0,83.0,242.0,72.0,75.0,0.0,65.0,18.0,12.0,35.0,83.0,0.1390374331550802,14437.0,121.0,3274.73,65.57609115488606,9.572436849858994,46.0,120.0,53.0,,,250.0,69,36,613,5.0,128.85,748.0,6184.0,105.2,5,1,0
p13,2019-11-17,2,3,8,2,7,2,473.0,76.0,92.0,549.0,0.0,92.0,276.0,105.0,76.0,0.0,76.0,21.0,16.0,39.0,92.0,0.1275045537340619,16003.0,124.0,3522.75,68.45287066246057,11.46449233290949,46.0,129.0,53.0,,,416.0,65,2,408,3.0,64.85,311.0,2976.0,95.33333333333333,6,1,0
p13,2019-11-18,3,3,8,2,7,3,385.0,39.0,95.0,424.0,0.0,98.0,203.0,84.0,39.0,0.0,80.0,21.0,21.0,38.0,98.0,0.081145584725537,18871.0,138.0,3841.41,66.54209695055279,12.930091324244236,43.0,124.0,50.0,,,353.0,76,42,545,1.0,33.28333333333333,244.0,2141.0,105.0,0,0,0
p13,2019-11-19,2,3,9,2,7,3,358.0,53.0,90.0,411.0,0.0,71.0,209.0,78.0,53.0,0.0,74.0,20.0,19.0,35.0,71.0,0.0954712362301101,17125.0,131.0,3912.88,69.27832313200139,13.05595595207709,44.0,122.0,53.0,,,429.0,31,19,550,1.0,23.05,162.0,1388.0,102.0,1,0,0
p13,2019-11-20,2,4,6,2,7,3,439.0,54.0,95.0,493.0,0.0,106.0,224.0,109.0,54.0,23.0,86.0,22.0,22.0,42.0,105.0,0.0743380855397148,13893.0,123.0,3618.87,67.3592750533049,13.630523696996907,43.0,116.0,50.0,,,379.0,59,8,501,,,,,,2,0,0
p13,2019-11-21,2,3,7,2,6,2,385.0,61.0,91.0,446.0,0.0,91.0,215.0,79.0,61.0,23.0,69.0,20.0,13.0,36.0,91.0,0.0795072788353863,16814.0,146.0,3832.0,68.99635091987228,12.158372454627727,49.0,134.0,56.0,,,299.0,56,61,578,1.0,56.333333333333336,480.0,4146.0,112.0,3,0,0
p13,2019-11-22,2,4,4,2,7,2,378.0,58.0,89.0,436.0,0.0,25.0,272.0,81.0,58.0,23.0,70.0,18.0,17.0,35.0,25.0,0.0988505747126436,20085.0,132.0,4385.08,66.6627468060395,11.076535625991271,44.0,118.0,52.0,,,347.0,120,76,461,,,,,,4,0,0
p13,2019-11-23,1,2,2,2,7,4,396.0,48.0,96.0,444.0,0.0,115.0,185.0,96.0,48.0,0.0,80.0,23.0,19.0,38.0,114.0,0.0549828178694158,823.0,64.0,2008.78,61.3468944941687,7.177263377371647,44.0,98.0,53.0,,,49.0,0,0,947,,,,,,5,1,0
p13,2019-11-24,1,2,1,3,6,3,375.0,72.0,91.0,447.0,0.0,63.0,227.0,85.0,72.0,1.0,69.0,20.0,16.0,33.0,63.0,0.0938547486033519,21119.0,121.0,4192.86,71.27939742061342,12.391535546608726,44.0,114.0,54.0,,,496.0,58,32,407,2.0,86.2,559.0,4805.0,100.0,6,1,0
p13,2019-11-25,1,3,2,2,7,4,426.0,59.0,93.0,485.0,0.0,84.0,238.0,104.0,59.0,23.0,84.0,22.0,21.0,41.0,84.0,0.0623700623700623,17368.0,122.0,3951.51,63.535487359740436,12.723469914459338,43.0,119.0,49.0,,,398.0,73,22,462,1.0,16.216666666666665,93.0,646.0,94.0,0,0,0
p13,2019-11-27,2,2,6,2,7,4,360.0,63.0,92.0,423.0,0.0,117.0,148.0,95.0,63.0,1.0,78.0,23.0,21.0,34.0,116.0,0.0840336134453781,24328.0,123.0,4868.9,62.449970484061396,12.276813654391958,41.0,123.0,47.0,,,544.0,121,65,287,,,,,,2,0,0
p13,2019-11-28,2,3,3,2,6,2,417.0,54.0,97.0,471.0,0.0,89.0,233.0,95.0,54.0,1.0,76.0,21.0,16.0,39.0,89.0,0.0406852248394004,22289.0,159.0,4446.46,63.02641569123695,12.298678347553972,45.0,167.0,52.0,,,242.0,209,79,439,3.0,54.6,444.0,4215.0,106.33333333333333,3,0,0
p13,2019-11-29,3,3,8,2,7,3,410.0,51.0,92.0,461.0,0.0,97.0,219.0,94.0,51.0,23.0,79.0,22.0,18.0,39.0,97.0,0.0552486187845303,9959.0,118.0,3204.39,62.05824823817058,8.561758728411172,44.0,118.0,51.0,,,347.0,14,12,606,,,,,,4,0,0
p13,2019-12-01,2,2,6,2,7,1,,,,,,,,,,,,,,,,,,,1847.02,,,,,,,,1.0,0,0,1439,,,,,,6,1,0
p13,2019-12-02,2,2,5,2,7,2,,,,,,,,,,,,,,,,,,,1843.2,,,,,,,,0.0,0,0,1440,,,,,,0,0,0
p13,2019-12-03,3,3,7,3,5,2,,,,,,,,,,,,,,,,,,,1843.2,,,,,,,,0.0,0,0,1440,,,,,,1,0,0
p13,2019-12-07,3,4,7,3,6,3,,,,,,,,,,,,,,,,,,,1828.8,,,,,,,,0.0,0,0,1440,,,,,,5,1,0
p13,2019-12-09,1,3,5,2,5,2,54.0,7.0,89.0,61.0,0.0,,,,,16.0,,,,,,,6655.0,133.0,2583.28,64.2639211136891,8.924786966218408,49.0,121.0,53.0,,,163.0,21,10,1185,,,,,,0,0,0
p13,2019-12-10,2,3,8,2,6,4,345.0,54.0,97.0,399.0,0.0,81.0,181.0,83.0,54.0,0.0,76.0,21.0,21.0,34.0,80.0,0.0638297872340425,11485.0,126.0,3287.71,60.05610098176718,9.496890829137675,41.0,119.0,49.0,,,329.0,28,10,674,,,,,,1,0,0
p13,2019-12-11,3,2,8,2,6,3,343.0,47.0,96.0,390.0,0.0,82.0,182.0,79.0,47.0,22.0,75.0,21.0,20.0,34.0,82.0,0.0678617157490397,5534.0,118.0,2844.5,61.61372975586173,9.662636879682525,42.0,120.0,48.0,,,213.0,6,11,755,,,,,,2,0,0
p13,2019-12-13,2,3,8,2,8,2,413.0,67.0,92.0,480.0,0.0,91.0,250.0,72.0,67.0,22.0,68.0,18.0,13.0,37.0,91.0,0.0706006322444678,16394.0,117.0,3919.87,71.8322203672788,10.139184835066946,51.0,124.0,59.0,,,291.0,44,89,536,2.0,70.81666666666666,515.0,5164.0,100.0,4,0,0
p13,2019-12-14,4,3,10,2,8,4,282.0,60.0,92.0,342.0,0.0,62.0,198.0,22.0,60.0,2.0,59.0,15.0,17.0,27.0,62.0,0.0754437869822485,15090.0,118.0,3615.02,68.39811676082863,11.113838210442074,47.0,119.0,54.0,,,270.0,40,59,729,3.0,64.0,480.0,5224.0,103.33333333333333,5,1,1
p13,2019-12-15,4,3,10,3,7,3,340.0,70.0,90.0,410.0,0.0,105.0,184.0,51.0,70.0,0.0,66.0,18.0,16.0,32.0,105.0,0.0691823899371069,19092.0,116.0,3010.05,67.69478659409911,11.245286397223017,45.0,119.0,55.0,,,187.0,37,37,641,2.0,91.3,655.0,6215.0,103.0,6,1,1
p13,2019-12-17,2,2,8,2,5,3,,,,,,,,,,,,,,,,,8415.0,123.0,2905.48,69.81070745697897,11.390004009216518,50.0,111.0,57.0,,,171.0,70,7,1192,,,,,,1,0,0
p13,2019-12-21,4,2,9,2,7,2,467.0,48.0,96.0,515.0,0.0,84.0,270.0,113.0,48.0,1.0,81.0,22.0,17.0,42.0,83.0,0.0484966052376333,17831.0,128.0,4020.16,65.86156560795636,9.988454197225241,47.0,122.0,52.0,,,356.0,124,52,393,2.0,37.55,301.0,2216.0,106.5,5,1,1
p13,2019-12-21,3,2,8,2,7,3,467.0,48.0,96.0,515.0,0.0,84.0,270.0,113.0,48.0,1.0,81.0,22.0,17.0,42.0,83.0,0.0484966052376333,17831.0,128.0,4020.16,65.86156560795636,9.988454197225241,47.0,122.0,52.0,,,356.0,124,52,393,2.0,37.55,301.0,2216.0,106.5,5,1,0
p13,2019-12-22,3,3,8,2,7,2,511.0,76.0,97.0,587.0,0.0,102.0,277.0,132.0,76.0,1.0,88.0,22.0,22.0,44.0,102.0,0.0553191489361702,13994.0,122.0,3457.73,62.619142324425106,9.978376995743037,42.0,118.0,51.0,,,305.0,91,21,436,1.0,31.583333333333332,210.0,1846.0,101.0,6,1,0
p13,2019-12-24,1,2,3,3,10,2,,,,,,,,,,,,,,,,,,,1828.8,,,,,,,,0.0,0,0,1440,,,,,,1,0,0
p13,2019-12-25,2,3,3,0,6,2,,,,,,,,,,,,,,,,,,,1828.8,,,,,,,,0.0,0,0,1440,,,,,,2,0,0
p13,2019-12-25,2,2,3,2,5,2,,,,,,,,,,,,,,,,,,,1828.8,,,,,,,,0.0,0,0,1440,,,,,,2,0,0
p13,2019-12-27,3,2,9,2,7,3,474.0,72.0,89.0,546.0,0.0,122.0,241.0,111.0,72.0,2.0,80.0,23.0,16.0,41.0,122.0,0.0762711864406779,4851.0,85.0,2691.81,68.59126416547475,10.659691430246287,45.0,106.0,54.0,,,222.0,8,0,664,,,,,,4,0,0
p13,2019-12-28,4,3,9,3,7,4,323.0,89.0,92.0,412.0,0.0,73.0,191.0,59.0,89.0,2.0,56.0,17.0,18.0,21.0,72.0,0.12,9400.0,138.0,3116.68,65.58547847166109,10.426045775996474,44.0,113.0,50.0,,,289.0,12,22,705,,,,,,5,1,1
p13,2019-12-30,3,3,9,3,7,3,,,,,,,,,,,,,,,,,,,1843.2,,,,,,,,0.0,0,0,1440,,,,,,0,0,0
p13,2020-01-02,3,3,9,3,7,3,412.0,67.0,95.0,479.0,0.0,116.0,226.0,70.0,67.0,0.0,77.0,19.0,21.0,37.0,116.0,0.0969116080937167,16762.0,177.0,3707.08,67.28052660449808,24.115495665003085,43.0,186.0,47.0,,,248.0,18,74,621,2.0,63.71666666666667,730.0,3223.0,132.5,3,0,0
p13,2020-01-06,1,2,1,2,5,2,358.0,54.0,90.0,412.0,0.0,63.0,217.0,78.0,54.0,23.0,68.0,20.0,13.0,35.0,63.0,0.0746634026927784,13189.0,166.0,3768.26,73.27245916515426,12.293819968807249,45.0,163.0,56.0,,,251.0,80,67,509,2.0,53.75,407.0,1999.0,108.0,0,0,0
p13,2020-01-07,3,3,8,2,7,3,411.0,64.0,93.0,475.0,0.0,107.0,212.0,92.0,64.0,23.0,75.0,22.0,16.0,37.0,106.0,0.0710498409331919,13332.0,166.0,3497.18,75.82989144823934,28.244938785465653,47.0,174.0,55.0,,,259.0,20,46,640,1.0,25.516666666666666,400.0,4080.0,165.0,1,0,0
p13,2020-01-09,3,3,9,3,7,3,356.0,51.0,94.0,407.0,0.0,88.0,170.0,98.0,51.0,0.0,73.0,22.0,16.0,35.0,88.0,0.0723926380368098,7381.0,119.0,2778.84,65.0495867768595,7.946185150626846,48.0,114.0,54.0,,,231.0,4,12,786,,,,,,3,0,0
p13,2020-01-11,3,2,9,3,7,2,432.0,45.0,97.0,477.0,0.0,98.0,216.0,118.0,45.0,2.0,83.0,22.0,18.0,43.0,98.0,0.0454545454545454,7332.0,117.0,2668.01,63.99109792284867,9.22759622771696,49.0,118.0,54.0,,,182.0,14,7,760,,,,,,5,1,0
p13,2020-01-15,2,3,9,3,7,3,,,,,,,,,,,,,,,,,,,1843.2,,,,,,,,0.0,0,0,1440,,,,,,2,0,0
p13,2020-01-18,3,3,10,3,7,3,,,,,,,,,,,,,,,,,,,1843.2,,,,,,,,0.0,0,0,1440,,,,,,5,1,0
p13,2020-01-20,2,3,6,2,10,2,,,,,,,,,,,,,,,,,,,1843.2,,,,,,,,0.0,0,0,1440,,,,,,0,0,0
p13,2020-01-26,3,2,8,3,7,3,455.0,52.0,94.0,507.0,0.0,141.0,172.0,142.0,52.0,1.0,84.0,24.0,18.0,42.0,141.0,0.0847457627118644,18753.0,184.0,3832.38,66.84808654181691,10.986579660924415,46.0,130.0,51.0,,,322.0,16,93,502,1.0,99.03333333333333,926.0,0.0,113.0,6,1,0
p13,2020-01-27,4,4,10,4,7,4,373.0,42.0,95.0,415.0,0.0,93.0,195.0,85.0,42.0,1.0,78.0,22.0,18.0,38.0,93.0,0.0685434516523867,10270.0,129.0,3271.05,66.58645707376058,10.942199547896033,44.0,118.0,51.0,,,355.0,7,4,659,,,,,,0,0,1
p13,2020-01-28,3,2,9,3,7,2,441.0,56.0,95.0,497.0,0.0,98.0,236.0,107.0,56.0,0.0,84.0,22.0,20.0,42.0,98.0,0.0596707818930041,5988.0,140.0,2543.97,61.213013487079174,8.05179302976391,43.0,111.0,49.0,,,183.0,0,0,760,,,,,,1,0,0
p13,2020-01-31,5,3,10,2,7,3,,,,,,,,,,,,,,,,,3806.0,84.0,2305.9,73.81637426900585,9.801790522010341,54.0,110.0,63.0,,,93.0,15,4,1328,,,,,,4,0,1
p13,2020-02-01,4,4,9,4,7,4,,,,,,,,,,,,,,,,,908.0,68.0,2030.89,62.333409246185376,7.845691312975086,44.0,111.0,52.0,,,34.0,7,2,1397,,,,,,5,1,1
p13,2020-02-03,4,3,10,2,8,4,,,,,,,,,,,,,,,,,11547.0,121.0,3268.06,60.3864998002929,9.163371412482913,45.0,111.0,49.0,,,258.0,59,32,1091,,,,,,0,0,1
p13,2020-02-06,3,3,9,3,7,4,,,,,,,,,,,,,,,,,6160.0,91.0,2760.2,65.5052519768677,5.777345129707992,49.0,127.0,57.0,,,186.0,38,13,1203,,,,,,3,0,0
p13,2020-02-07,3,2,8,2,7,4,,,,,,,,,,,,,,,,,6506.0,117.0,2637.2,58.51535433070866,8.379557525383467,44.0,112.0,49.0,,,181.0,22,12,1225,,,,,,4,0,0
p13,2020-02-08,2,3,7,3,5,2,,,,,,,,,,,,,,,,,40.0,13.0,1920.03,61.85240017945267,4.885053949664303,48.0,96.0,56.0,,,19.0,0,0,1421,,,,,,5,1,0
p13,2020-02-10,3,3,7,3,7,4,,,,,,,,,,,,,,,,,4724.0,129.0,2307.16,60.34297242770679,8.137608492489901,44.0,114.0,50.0,,,112.0,0,0,1328,,,,,,0,0,0
p13,2020-02-11,3,4,8,4,7,4,,,,,,,,,,,,,,,,,23.0,19.0,1963.33,59.50389105058366,3.439959035155139,53.0,81.0,56.0,,,9.0,1,11,1419,,,,,,1,0,0
p13,2020-02-14,4,3,8,3,7,4,,,,,,,,,,,,,,,,,8500.0,133.0,2756.49,63.38122665006227,11.095226891545346,44.0,118.0,50.0,,,154.0,22,16,1248,,,,,,4,0,1
p13,2020-02-15,4,3,8,3,7,3,,,,,,,,,,,,,,,,,38.0,31.0,1848.05,,,,,,,,2.0,0,0,1438,,,,,,5,1,1
p13,2020-02-18,3,5,7,3,6,3,,,,,,,,,,,,,,,,,8646.0,170.0,2857.74,74.80899983576943,33.17467327020607,44.0,183.0,50.0,,,106.0,13,44,1277,1.0,38.25,494.0,5561.0,150.0,1,0,0
p13,2020-02-23,3,3,7,3,7,3,,,,,,,,,,,,,,,,,,,1843.2,,,,,,,,0.0,0,0,1440,,,,,,6,1,0
p13,2020-02-24,2,2,10,2,5,2,,,,,,,,,,,,,,,,,,,1843.2,,,,,,,,0.0,0,0,1440,,,,,,0,0,0
p13,2020-02-26,2,4,5,2,7,3,,,,,,,,,,,,,,,,,,,1843.2,,,,,,,,0.0,0,0,1440,,,,,,2,0,0
p13,2020-02-27,5,2,10,2,7,4,,,,,,,,,,,,,,,,,,,1843.2,,,,,,,,0.0,0,0,1440,,,,,,3,0,1
p13,2020-02-28,2,2,7,2,7,3,,,,,,,,,,,,,,,,,,,1843.2,,,,,,,,0.0,0,0,1440,,,,,,4,0,0
p13,2020-03-02,4,2,10,2,7,3,,,,,,,,,,,,,,,,,,,1843.2,,,,,,,,0.0,0,0,1440,,,,,,0,0,1
p13,2020-03-08,5,3,10,3,8,3,,,,,,,,,,,,,,,,,,,1843.2,,,,,,,,0.0,0,0,1440,,,,,,6,1,1
p13,2020-03-12,3,3,7,3,7,3,,,,,,,,,,,,,,,,,,,1843.2,,,,,,,,0.0,0,0,1440,,,,,,3,0,0
p13,2020-03-18,2,2,5,1,5,2,,,,,,,,,,,,,,,,,,,1843.2,,,,,,,,0.0,0,0,1440,,,,,,2,0,0
p13,2020-03-24,4,4,8,4,7,4,,,,,,,,,,,,,,,,,,,1843.2,,,,,,,,0.0,0,0,1440,,,,,,1,0,1
p14,2019-11-17,2,4,5,3,10,4,486.0,78.0,91.0,564.0,0.0,100.0,318.0,68.0,78.0,20.0,83.0,18.0,20.0,45.0,99.0,0.0974313551815766,8845.0,141.0,2392.0699999999997,65.44992543306184,7.9598680205446035,51.0,125.0,56.0,64.53385543823242,7.369269371032715,168.0,9,39,660,2.0,50.53333333333333,389.0,5006.0,101.0,6,1,0
p14,2019-11-18,3,3,6,3,10,3,396.0,83.0,97.0,479.0,0.0,83.0,266.0,47.0,83.0,21.0,73.0,17.0,21.0,35.0,83.0,0.0858960763520678,10527.0,163.0,2576.18,68.05496805463758,8.056848602391963,53.0,124.0,57.0,62.88513374328613,6.9761505126953125,139.0,28,48,682,2.0,55.46666666666667,411.0,5279.0,100.5,0,0,0
p14,2019-11-19,3,3,7,3,7,2,387.0,85.0,94.0,472.0,0.0,39.0,288.0,60.0,85.0,20.0,64.0,16.0,16.0,32.0,39.0,0.1121693121693121,16672.0,169.0,3398.02,86.11383347788379,32.33903076224877,54.0,174.0,60.0,64.19821357727051,6.849348068237305,184.0,20,132,632,4.0,135.05,1135.0,9882.0,128.0,1,0,0
p14,2019-11-20,2,2,5,2,8,3,490.0,108.0,91.0,598.0,0.0,77.0,316.0,97.0,108.0,18.0,78.0,20.0,16.0,42.0,77.0,0.1269841269841269,9928.0,126.0,2435.85,65.23965923102791,8.558566425287623,53.0,126.0,57.0,62.988253593444824,6.807683944702148,142.0,19,42,549,2.0,43.53333333333333,336.0,4515.0,102.5,2,0,0
p14,2019-11-21,2,3,4,3,8,2,518.0,116.0,89.0,634.0,0.0,46.0,366.0,106.0,116.0,19.0,77.0,19.0,16.0,42.0,45.0,0.1583924349881796,6067.0,122.0,2184.42,66.20327542325992,7.842980856887226,49.0,130.0,55.0,61.454726219177246,6.793910980224609,101.0,6,29,670,2.0,49.5,316.0,3937.0,101.5,3,0,0
p14,2019-11-22,2,3,6,2,8,3,454.0,95.0,96.0,549.0,0.0,113.0,227.0,114.0,95.0,19.0,75.0,23.0,15.0,37.0,112.0,0.1146496815286624,1146.0,84.0,1818.56,64.48739606704501,5.779006611301283,49.0,91.0,56.0,61.37740993499756,6.789348602294922,65.0,0,0,826,,,,,,4,0,0
p14,2019-11-23,3,3,6,2,7,2,415.0,102.0,92.0,517.0,0.0,96.0,188.0,131.0,102.0,20.0,71.0,22.0,14.0,35.0,96.0,0.1093117408906882,17345.0,122.0,2989.19,68.25514638609332,11.505091237153575,52.0,127.0,57.0,62.077860832214355,6.787837028503418,175.0,32,75,573,4.0,77.66666666666667,567.0,7168.0,107.25,5,1,0
p14,2019-11-24,3,3,6,2,9,2,597.0,109.0,91.0,706.0,0.0,94.0,369.0,134.0,109.0,18.0,82.0,22.0,18.0,42.0,94.0,0.121726822363765,23292.0,128.0,3331.11,68.89346016646849,11.362995922553482,51.0,131.0,57.0,62.02260398864746,6.787335395812988,192.0,42,124,376,4.0,186.03333333333333,1330.0,16041.0,106.5,6,1,0
p14,2019-11-25,3,4,7,3,7,3,350.0,78.0,95.0,428.0,0.0,71.0,241.0,38.0,78.0,1.0,68.0,16.0,19.0,33.0,70.0,0.1175059952038369,5977.0,129.0,2288.96,64.18168242906918,7.961628134091556,53.0,132.0,57.0,61.950029373168945,6.787169456481934,78.0,11,47,876,1.0,35.85,294.0,3118.0,118.0,0,0,0
p14,2019-11-26,3,3,7,3,9,4,554.0,103.0,95.0,657.0,0.0,106.0,390.0,58.0,103.0,20.0,79.0,17.0,19.0,43.0,106.0,0.0979342004590665,9814.0,125.0,2653.16,72.45150945482693,15.982348587351344,51.0,146.0,56.0,62.066633224487305,6.787114143371582,133.0,32,61,557,3.0,84.13333333333334,584.0,4585.0,102.66666666666667,1,0,0
p14,2019-11-27,3,4,6,3,8,4,386.0,77.0,95.0,463.0,0.0,58.0,252.0,76.0,77.0,22.0,68.0,19.0,15.0,34.0,58.0,0.1111111111111111,10753.0,126.0,2553.23,67.08174259280946,8.80617492200087,54.0,184.0,59.0,63.27063179016113,6.78709602355957,128.0,14,61,774,3.0,65.71666666666667,571.0,6761.0,120.66666666666667,2,0,0
p14,2019-11-28,4,4,8,3,7,4,393.0,69.0,98.0,462.0,0.0,76.0,243.0,74.0,69.0,21.0,77.0,20.0,20.0,37.0,76.0,0.0633333333333333,11064.0,131.0,2617.71,68.1364911886856,10.763855153391697,54.0,180.0,58.0,63.38948154449463,6.787090301513672,164.0,9,46,759,2.0,51.2,466.0,5142.0,116.5,3,0,1
p14,2019-11-29,4,4,8,2,8,3,489.0,96.0,94.0,585.0,0.0,79.0,302.0,108.0,96.0,20.0,84.0,21.0,20.0,43.0,79.0,0.0981754995655951,514.0,48.0,1713.9999999999998,62.801580066848985,5.970989434579299,52.0,89.0,56.0,0.0,0.0,36.0,0,0,819,,,,,,4,0,1
p14,2019-11-30,3,4,8,3,8,2,,,,,,,,,,,,,,,,,,,1627.1999999999998,,,,,,0.0,0.0,0.0,0,0,1440,,,,,,5,1,0
p14,2019-12-01,3,3,8,3,8,4,,,,,,,,,,,,,,,,,,,1627.1999999999998,,,,,,0.0,0.0,0.0,0,0,1440,,,,,,6,1,0
p14,2019-12-02,2,2,7,2,4,2,,,,,,,,,,,,,,,,,16616.0,143.0,3428.69,87.9154880993446,21.5397566363023,62.0,153.0,68.0,64.27088356018066,13.664541244506836,172.0,54,109,1105,4.0,113.0,931.0,7804.0,118.75,0,0,0
p14,2019-12-03,3,3,7,2,6,2,361.0,82.0,80.0,443.0,0.0,66.0,255.0,40.0,82.0,20.0,57.0,16.0,8.0,33.0,66.0,0.2298980747451868,10993.0,123.0,2702.64,77.14153193745031,8.136157783086508,60.0,125.0,67.0,66.67873954772949,12.990199089050293,165.0,22,46,764,2.0,50.349999999999994,388.0,5170.0,109.0,1,0,0
p14,2019-12-04,3,3,7,2,7,3,368.0,128.0,82.0,496.0,0.0,88.0,218.0,62.0,128.0,21.0,51.0,18.0,13.0,20.0,88.0,0.1742195367573011,11020.0,128.0,2681.0099999999998,75.37371338083928,9.17686479125776,57.0,133.0,63.0,67.4242057800293,8.468416213989258,223.0,12,30,679,1.0,21.333333333333332,184.0,2332.0,125.0,2,0,0
p14,2019-12-05,3,3,7,2,6,2,412.0,121.0,83.0,533.0,0.0,74.0,257.0,81.0,121.0,22.0,58.0,19.0,10.0,29.0,74.0,0.1968134957825679,7162.0,118.0,2471.27,79.1041493282606,9.632157083533341,56.0,125.0,65.0,69.23947143554688,7.312732696533203,164.0,11,23,709,1.0,23.033333333333335,164.0,2163.0,102.0,3,0,0
p14,2019-12-06,3,3,8,2,8,4,440.0,63.0,94.0,503.0,0.0,98.0,172.0,170.0,63.0,20.0,78.0,19.0,17.0,42.0,98.0,0.0765357502517623,13555.0,126.0,2812.79,73.53180255402751,9.044921548216958,53.0,126.0,61.0,67.40154838562012,6.958130836486816,231.0,15,41,650,2.0,69.98333333333333,498.0,6041.0,102.5,4,0,0
p14,2019-12-07,2,4,7,3,10,4,563.0,151.0,89.0,714.0,0.0,129.0,291.0,143.0,151.0,21.0,81.0,24.0,16.0,41.0,129.0,0.1303724928366762,12952.0,133.0,2788.89,71.37321470381643,10.13291940535778,56.0,188.0,61.0,67.49485683441162,10.840601921081543,186.0,22,63,455,3.0,80.23333333333333,654.0,7984.0,117.0,5,1,0
p14,2019-12-08,4,4,8,3,8,4,376.0,59.0,93.0,435.0,0.0,67.0,224.0,85.0,59.0,23.0,79.0,21.0,21.0,37.0,66.0,0.0754936120789779,1223.0,61.0,1835.8799999999999,68.58738127544098,6.467600666990253,55.0,109.0,60.0,66.63847160339355,7.9599504470825195,70.0,0,0,935,,,,,,6,1,1
p14,2019-12-09,4,4,8,3,8,4,486.0,121.0,93.0,607.0,0.0,51.0,386.0,49.0,121.0,21.0,75.0,16.0,17.0,42.0,51.0,0.112141652613828,9042.0,122.0,2916.84,79.69583811411286,20.40809154975511,56.0,183.0,64.0,66.8273401260376,7.160205841064453,162.0,27,84,560,2.0,65.26666666666667,552.0,3154.0,122.5,0,0,1
p14,2019-12-10,3,3,8,3,8,4,360.0,79.0,91.0,439.0,0.0,50.0,283.0,27.0,79.0,21.0,61.0,15.0,16.0,30.0,50.0,0.1296928327645051,17335.0,173.0,3288.0099999999998,93.38412077159632,29.433859432659997,59.0,190.0,65.0,67.8953504562378,6.909156799316406,163.0,41,103,694,3.0,133.0,1006.0,12655.0,122.66666666666667,1,0,0
p14,2019-12-11,3,4,7,3,8,4,408.0,93.0,87.0,501.0,0.0,33.0,301.0,74.0,93.0,22.0,67.0,17.0,15.0,35.0,33.0,0.1260162601626016,10756.0,126.0,2521.52,72.12836604290278,9.082907643043145,56.0,128.0,61.0,68.7201566696167,6.827383041381836,145.0,9,52,733,3.0,61.43333333333334,469.0,5904.0,107.0,2,0,0
p14,2019-12-12,2,4,7,3,8,4,557.0,134.0,91.0,691.0,0.0,92.0,360.0,105.0,134.0,21.0,80.0,19.0,20.0,41.0,91.0,0.1330441070137382,9290.0,129.0,2333.18,67.70242494226328,8.579204083378778,52.0,128.0,59.0,66.7816801071167,6.80042839050293,112.0,8,51,578,1.0,27.3,212.0,2803.0,111.0,3,0,0
p14,2019-12-13,4,4,8,3,8,4,413.0,99.0,95.0,512.0,0.0,52.0,338.0,23.0,99.0,20.0,67.0,15.0,20.0,32.0,51.0,0.0957551826258637,17971.0,158.0,3349.74,82.67708333333333,24.02675830198928,53.0,159.0,61.0,65.73664474487305,6.791508674621582,173.0,37,130,588,5.0,139.95,722.0,10139.0,106.8,4,0,1
p14,2019-12-14,4,4,8,3,7,4,200.0,20.0,95.0,220.0,0.0,18.0,123.0,59.0,20.0,23.0,73.0,19.0,22.0,32.0,18.0,0.0399061032863849,54.0,17.0,1638.0299999999997,63.8640350877193,4.372265274835796,56.0,88.0,59.0,0.0,0.0,5.0,0,0,1215,,,,,,5,1,1
p14,2019-12-15,2,4,6,2,9,4,,,,,,,,,,,,,,,,,,,1627.1999999999998,,,,,,0.0,0.0,0.0,0,0,1440,,,,,,6,1,0
p14,2019-12-16,2,4,7,3,5,3,231.0,46.0,95.0,277.0,0.0,57.0,121.0,53.0,46.0,1.0,64.0,21.0,20.0,23.0,57.0,0.0756756756756756,9089.0,134.0,2428.21,69.53749370910921,10.180229563934999,54.0,164.0,59.0,64.43187808990479,7.406947135925293,148.0,9,37,969,2.0,47.8,383.0,4849.0,105.0,0,0,0
p14,2019-12-17,3,4,7,3,8,4,338.0,75.0,85.0,413.0,0.0,48.0,214.0,76.0,75.0,21.0,68.0,21.0,16.0,31.0,48.0,0.115527950310559,9971.0,127.0,2457.45,69.32320293135037,8.39025570891953,52.0,123.0,60.0,65.02585506439209,6.988119125366211,175.0,5,40,807,2.0,58.866666666666674,425.0,5482.0,99.5,1,0,0
p14,2019-12-18,2,3,7,3,8,4,450.0,74.0,94.0,524.0,0.0,47.0,311.0,92.0,74.0,21.0,78.0,20.0,18.0,40.0,47.0,0.0628019323671497,9373.0,122.0,2636.9,83.76355592139109,13.103136447469174,54.0,134.0,61.0,65.06847476959229,6.853261947631836,128.0,14,50,724,2.0,48.65,374.0,4988.0,108.0,2,0,0
p14,2019-12-19,2,3,5,3,8,4,650.0,114.0,85.0,764.0,0.0,74.0,516.0,60.0,114.0,19.0,69.0,16.0,11.0,42.0,74.0,0.1196860693263571,4747.0,120.0,2253.6,82.00858085808581,7.050259900941162,63.0,178.0,72.0,67.67055225372314,10.323649406433105,116.0,3,22,471,1.0,25.6,219.0,2696.0,115.0,3,0,0
p14,2019-12-20,2,3,6,3,10,2,537.0,122.0,84.0,659.0,0.0,52.0,461.0,24.0,122.0,18.0,67.0,14.0,11.0,42.0,52.0,0.1623672230652503,16968.0,130.0,3127.09,83.459291084855,13.74801256673054,56.0,164.0,64.0,70.3452844619751,7.827260971069336,202.0,41,71,467,3.0,94.71666666666667,655.0,8580.0,106.33333333333333,4,0,0
p14,2019-12-21,3,3,5,3,7,3,471.0,85.0,89.0,556.0,0.0,74.0,286.0,111.0,85.0,20.0,78.0,21.0,17.0,40.0,74.0,0.1624319419237749,15757.0,121.0,2847.02,72.41916097101108,10.27933974080571,52.0,122.0,59.0,68.92012214660645,7.119516372680664,187.0,35,65,597,3.0,108.38333333333333,708.0,9705.0,101.0,5,1,0
p14,2019-12-22,3,4,6,3,8,3,527.0,105.0,94.0,632.0,0.0,64.0,386.0,77.0,105.0,21.0,79.0,17.0,19.0,43.0,64.0,0.1153540175019888,14911.0,120.0,2740.11,75.76275336688886,10.093469579179926,57.0,115.0,63.0,67.1286211013794,6.896001815795898,146.0,48,62,552,1.0,115.2,800.0,11606.0,96.0,6,1,0
p14,2019-12-23,3,3,7,3,8,3,491.0,82.0,88.0,573.0,0.0,52.0,361.0,78.0,82.0,22.0,76.0,18.0,13.0,45.0,52.0,0.1517000871839581,6797.0,111.0,2429.2599999999998,72.08590156393744,7.306490230343935,50.0,118.0,63.0,68.28105449676514,6.823057174682617,234.0,3,6,624,,,,,,0,0,0
p14,2019-12-24,3,3,7,3,8,3,463.0,122.0,87.0,585.0,0.0,33.0,341.0,89.0,122.0,22.0,72.0,18.0,19.0,35.0,32.0,0.167381974248927,5368.0,88.0,2268.31,71.41152263374485,7.8158211684479095,53.0,104.0,60.0,66.76136875152588,6.79899787902832,185.0,0,0,670,,,,,,1,0,0
p14,2019-12-25,3,3,6,3,8,3,496.0,91.0,88.0,587.0,0.0,33.0,381.0,82.0,91.0,22.0,75.0,17.0,14.0,44.0,32.0,0.1474850809889173,14140.0,108.0,2748.24,74.28467843631778,9.391344535952234,55.0,104.0,61.0,66.51541423797607,6.791034698486328,180.0,61,40,572,1.0,134.83333333333334,807.0,11128.0,89.0,2,0,0
p14,2019-12-26,3,3,6,3,8,3,457.0,133.0,85.0,590.0,0.0,64.0,324.0,69.0,133.0,22.0,67.0,17.0,15.0,35.0,63.0,0.151877133105802,10475.0,117.0,2749.68,74.61076137308469,9.19921196163492,56.0,116.0,61.0,66.52790451049805,6.788395881652832,261.0,7,33,549,1.0,44.36666666666667,323.0,4643.0,100.0,3,0,0
p14,2019-12-27,4,3,7,3,8,4,414.0,104.0,91.0,518.0,0.0,59.0,307.0,48.0,104.0,23.0,62.0,16.0,15.0,31.0,59.0,0.1137026239067055,12293.0,169.0,2788.13,85.42309913378249,23.464015445171224,58.0,172.0,65.0,68.09179019927979,6.7875213623046875,150.0,8,65,699,1.0,60.88333333333333,395.0,6129.0,139.0,4,0,1
p14,2019-12-28,2,3,7,3,7,2,417.0,141.0,94.0,558.0,0.0,76.0,273.0,68.0,141.0,21.0,61.0,17.0,16.0,28.0,76.0,0.1401098901098901,9953.0,122.0,2503.93,74.95136862581631,10.507712955155693,55.0,123.0,62.0,68.53031826019287,6.7872314453125,179.0,10,26,667,1.0,21.35,170.0,2333.0,109.0,5,1,0
p14,2019-12-29,4,4,7,4,7,3,,,,,,,,,,,,,,,,,8352.0,127.0,2498.25,78.61253071253071,8.680496317882488,62.0,167.0,68.0,68.57364177703857,10.69996452331543,165.0,6,22,1247,1.0,19.633333333333333,177.0,1993.0,130.0,6,1,1
p14,2019-12-30,4,4,7,4,7,4,380.0,45.0,98.0,425.0,0.0,52.0,265.0,63.0,45.0,0.0,70.0,18.0,14.0,38.0,52.0,0.065398335315101,9495.0,119.0,2722.85,79.7987134502924,7.8780964412849865,62.0,121.0,70.0,70.74984836578369,11.3015775680542,199.0,25,33,758,2.0,37.55,268.0,3157.0,108.5,0,0,1
p14,2019-12-31,4,4,7,4,8,4,385.0,57.0,99.0,442.0,0.0,65.0,243.0,77.0,57.0,1.0,72.0,20.0,15.0,37.0,65.0,0.0598388952819332,8441.0,117.0,2658.42,80.67169627646629,8.967835894578633,64.0,126.0,70.0,73.45028781890869,8.074689865112305,198.0,45,16,739,,,,,,1,0,1
p14,2020-01-02,4,4,8,4,7,4,320.0,42.0,98.0,362.0,0.0,89.0,164.0,67.0,42.0,0.0,76.0,21.0,21.0,34.0,89.0,0.0949720670391061,14414.0,135.0,2662.29,79.08540229885058,9.394702631383536,59.0,132.0,67.0,73.72400665283203,7.8332624435424805,205.0,16,30,827,2.0,60.583333333333336,413.0,5357.0,108.5,3,0,1
p14,2020-01-06,4,3,8,3,8,4,483.0,97.0,93.0,580.0,0.0,65.0,344.0,74.0,97.0,22.0,82.0,17.0,21.0,44.0,65.0,0.1068635968722849,15513.0,169.0,3006.71,82.04790228359002,22.684176203205425,53.0,170.0,62.0,70.60910415649414,7.140826225280762,150.0,47,83,580,4.0,96.48333333333333,763.0,9243.0,119.0,0,0,1
p14,2020-01-07,3,3,7,3,8,4,474.0,114.0,89.0,588.0,0.0,70.0,337.0,67.0,114.0,21.0,71.0,17.0,18.0,36.0,70.0,0.1292808219178082,11182.0,132.0,2594.24,73.62892861315574,11.182573523332719,56.0,162.0,61.0,69.06604766845703,6.902895927429199,149.0,18,45,640,2.0,64.86666666666667,501.0,6398.0,111.0,1,0,0
p14,2020-01-08,3,3,7,3,9,4,564.0,150.0,87.0,714.0,0.0,53.0,474.0,37.0,150.0,20.0,73.0,15.0,17.0,41.0,53.0,0.1404011461318051,16395.0,178.0,2949.0299999999997,82.62939621874365,24.526394879965974,56.0,179.0,62.0,69.25015544891357,6.825325012207031,161.0,17,68,480,3.0,90.15,607.0,8499.0,122.33333333333333,2,0,0
p14,2020-01-09,2,3,7,3,7,3,352.0,82.0,97.0,434.0,0.0,51.0,282.0,19.0,82.0,1.0,70.0,15.0,20.0,35.0,51.0,0.0985221674876847,18755.0,124.0,3111.47,74.16395732791466,11.729460895583097,56.0,176.0,61.0,68.52878761291504,6.799747467041016,166.0,27,105,708,5.0,135.68333333333334,1048.0,13780.0,108.6,3,0,0
p14,2020-01-10,3,3,7,3,8,4,563.0,170.0,88.0,733.0,0.0,111.0,357.0,95.0,170.0,20.0,75.0,19.0,16.0,40.0,110.0,0.1519337016574585,11099.0,179.0,2648.35,78.75,27.681577296751264,53.0,182.0,59.0,68.83415794372559,6.791282653808594,132.0,21,58,496,2.0,67.96666666666667,515.0,7052.0,137.5,4,0,0
p14,2020-01-11,3,3,7,3,9,3,465.0,99.0,92.0,564.0,0.0,81.0,311.0,73.0,99.0,23.0,76.0,18.0,21.0,37.0,81.0,0.1104185218165627,17918.0,170.0,3046.11,85.50686406460296,29.912998584017434,54.0,172.0,60.0,66.68851470947266,6.788477897644043,167.0,7,100,602,1.0,92.81666666666666,667.0,10472.0,141.0,5,1,0
p14,2020-01-12,3,3,7,3,8,3,485.0,62.0,97.0,547.0,0.0,71.0,326.0,88.0,62.0,0.0,86.0,19.0,22.0,45.0,71.0,0.0867579908675799,10707.0,122.0,2322.2,67.33065476190477,12.667507123917122,51.0,138.0,57.0,66.0896348953247,10.85814094543457,65.0,38,47,743,1.0,87.05,609.0,8990.0,101.0,6,1,0
p14,2020-01-13,3,3,7,3,6,5,332.0,50.0,94.0,382.0,0.0,29.0,287.0,16.0,50.0,23.0,71.0,13.0,23.0,35.0,28.0,0.0620782726045884,9647.0,125.0,2441.45,67.20651090687632,9.38401752161208,53.0,133.0,57.0,63.81476020812988,7.964376449584961,180.0,7,40,831,2.0,46.08333333333333,346.0,4646.0,100.5,0,0,0
p14,2020-01-14,3,3,7,3,9,3,483.0,144.0,86.0,627.0,0.0,61.0,343.0,79.0,144.0,22.0,74.0,17.0,16.0,41.0,61.0,0.1577689243027888,18400.0,171.0,3419.89,85.10254204892966,31.384651750733266,53.0,181.0,59.0,64.49068927764893,7.161556243896484,169.0,25,124,495,4.0,118.98333333333333,937.0,11169.0,126.0,1,0,0
p14,2020-01-15,3,3,7,3,9,3,474.0,132.0,92.0,606.0,0.0,60.0,373.0,41.0,132.0,22.0,67.0,16.0,16.0,35.0,60.0,0.1399832355406538,17044.0,174.0,3034.45,78.99182871328092,23.854586793878607,55.0,164.0,60.0,65.5712194442749,6.909592628479004,155.0,18,93,568,3.0,106.05,799.0,11162.0,116.33333333333333,2,0,0
p14,2020-01-16,3,3,7,3,7,4,361.0,77.0,92.0,438.0,0.0,45.0,240.0,76.0,77.0,21.0,68.0,20.0,17.0,31.0,45.0,0.1220068415051311,25773.0,176.0,3489.27,79.14108618654073,24.95650389632326,53.0,169.0,59.0,66.04477310180664,6.827526092529297,197.0,44,136,625,4.0,185.71666666666667,1368.0,19357.0,115.25,3,0,0
p14,2020-01-17,3,4,7,3,9,4,465.0,117.0,96.0,582.0,0.0,93.0,308.0,64.0,117.0,21.0,68.0,17.0,17.0,34.0,92.0,0.1133047210300429,14873.0,164.0,2931.63,76.0288471005218,19.981166171064352,52.0,161.0,59.0,66.57000541687012,6.800475120544434,208.0,43,53,554,4.0,113.26666666666667,757.0,8275.0,112.0,4,0,0
p14,2020-01-18,3,4,7,3,9,4,522.0,107.0,90.0,629.0,0.0,89.0,333.0,100.0,107.0,22.0,82.0,20.0,19.0,43.0,89.0,0.1127098321342925,25060.0,176.0,3443.4,85.77456940222898,32.22660270915576,51.0,175.0,58.0,65.6075325012207,6.7915239334106445,96.0,36,159,520,5.0,190.14999999999998,1212.0,18140.0,111.8,5,1,0
p14,2020-01-19,2,3,6,3,11,4,726.0,168.0,93.0,894.0,0.0,84.0,536.0,106.0,168.0,17.0,77.0,17.0,18.0,42.0,84.0,0.1314717859220477,14575.0,179.0,2639.5299999999997,75.91174393975054,25.47901408294499,54.0,179.0,58.0,65.37825202941895,6.788558006286621,91.0,23,72,360,3.0,90.68333333333334,650.0,9724.0,113.33333333333333,6,1,0
p14,2020-01-20,2,3,6,3,7,4,372.0,61.0,92.0,433.0,0.0,56.0,279.0,37.0,61.0,21.0,72.0,16.0,19.0,37.0,56.0,0.1365227537922987,11051.0,120.0,2467.45,66.84110941356211,9.7003117690334,51.0,116.0,55.0,64.35809993743896,6.787574768066406,173.0,6,39,789,2.0,61.43333333333334,394.0,5450.0,93.0,0,0,0
p14,2020-01-21,3,3,7,3,8,4,475.0,111.0,93.0,586.0,0.0,28.0,395.0,52.0,111.0,21.0,71.0,15.0,20.0,36.0,27.0,0.0978354978354978,21716.0,173.0,3481.16,83.49099344978166,29.39507339892895,52.0,175.0,57.0,63.00251865386963,6.787248611450195,177.0,33,131,513,4.0,120.26666666666667,943.0,11486.0,122.0,1,0,0
p14,2020-01-23,3,3,7,3,6,2,310.0,68.0,92.0,378.0,0.0,50.0,229.0,31.0,68.0,23.0,60.0,16.0,17.0,27.0,50.0,0.1202113606340819,19970.0,186.0,3154.49,78.0385968439039,23.807077898455375,50.0,173.0,58.0,63.36495876312256,13.828381538391113,199.0,18,88,757,4.0,98.11666666666667,742.0,10539.0,117.5,3,0,0
p14,2020-01-24,3,3,7,3,8,3,489.0,86.0,96.0,575.0,0.0,74.0,336.0,79.0,86.0,23.0,79.0,18.0,17.0,44.0,74.0,0.103388357949609,13903.0,129.0,2671.31,68.84786053882726,13.171414105271152,54.0,194.0,58.0,63.313992500305176,16.19905376434326,149.0,16,66,634,3.0,87.03333333333333,563.0,7496.0,102.0,4,0,0
p14,2020-01-25,2,3,7,3,9,3,554.0,124.0,92.0,678.0,0.0,81.0,405.0,68.0,124.0,22.0,77.0,17.0,19.0,41.0,81.0,0.1414885777450258,7362.0,171.0,2308.49,73.06817519665923,20.686208101413655,52.0,174.0,58.0,63.419989585876465,17.923521995544434,117.0,4,32,609,1.0,31.266666666666666,216.0,3239.0,143.0,5,1,0
p14,2020-01-26,3,3,7,3,9,3,542.0,103.0,91.0,645.0,0.0,122.0,348.0,72.0,103.0,21.0,78.0,19.0,17.0,42.0,122.0,0.1068938807126258,14724.0,176.0,2775.0099999999998,76.57657474305485,25.331173322600737,51.0,175.0,59.0,65.13426113128662,9.422999382019043,108.0,24,84,579,3.0,101.81666666666666,758.0,10603.0,114.33333333333333,6,1,0
p14,2020-01-27,3,3,7,3,8,3,403.0,69.0,93.0,472.0,0.0,64.0,230.0,109.0,69.0,22.0,77.0,21.0,20.0,36.0,63.0,0.1322751322751322,10442.0,125.0,2531.3399999999997,68.54800349116299,9.054423425867181,55.0,122.0,59.0,65.06856632232666,7.585312843322754,203.0,7,36,722,2.0,44.36666666666667,321.0,4596.0,94.5,0,0,0
p14,2020-01-28,3,3,7,3,9,3,472.0,85.0,92.0,557.0,0.0,54.0,335.0,83.0,85.0,21.0,77.0,18.0,20.0,39.0,54.0,0.0986547085201793,18829.0,175.0,3300.35,88.61500269832703,28.750267916873202,54.0,172.0,59.0,65.45690536499023,7.044351577758789,132.0,44,106,601,3.0,106.18333333333334,860.0,11595.0,119.33333333333333,1,0,0
p14,2020-01-30,2,3,5,3,10,3,212.0,51.0,88.0,263.0,6.0,28.0,164.0,20.0,51.0,19.0,48.0,14.0,10.0,24.0,28.0,0.1395793499043977,13178.0,122.0,2575.74,77.8547352995054,10.296037698317786,57.0,115.0,63.0,69.50303936004639,12.962041854858398,123.0,29,66,959,4.0,166.23333333333335,749.0,9132.0,91.75,3,0,0
p14,2020-01-31,2,3,6,3,9,4,136.0,11.0,93.0,151.0,0.0,,,,,20.0,,,,,,,12282.0,141.0,2532.95,72.9499905642574,11.223826543396099,54.0,123.0,62.0,68.60600757598877,16.06712818145752,160.0,6,43,1080,2.0,51.6,393.0,5351.0,108.5,4,0,0
p14,2020-02-01,2,3,4,3,9,2,,,,,,,,,,,,,,,,,10650.0,123.0,2372.6,74.75370121130551,5.204072056242981,62.0,97.0,68.0,0.0,0.0,83.0,19,60,1278,1.0,88.75,611.0,9028.0,93.0,5,1,0
p14,2020-02-02,2,3,6,2,9,3,597.0,108.0,86.0,705.0,0.0,49.0,452.0,96.0,108.0,20.0,73.0,17.0,14.0,42.0,49.0,0.1842664776754075,4595.0,115.0,2008.1799999999998,67.60229995208434,4.664934909789195,53.0,95.0,60.0,68.9162015914917,9.275036811828613,84.0,14,17,544,1.0,33.28333333333333,222.0,3162.0,93.0,6,1,0
p14,2020-02-03,3,3,5,2,8,3,411.0,80.0,94.0,491.0,0.0,47.0,299.0,65.0,80.0,23.0,74.0,17.0,21.0,36.0,47.0,0.131062951496388,11002.0,132.0,2461.12,64.6714402618658,7.4268595585004755,50.0,100.0,55.0,67.21428489685059,11.582233428955078,154.0,13,45,658,3.0,66.58333333333333,472.0,6565.0,97.0,0,0,0
p14,2020-02-04,2,3,6,2,7,3,,,,,,,,,,,,,,,,,19215.0,170.0,3171.0,73.91800742574257,9.624250938030128,55.0,127.0,60.0,65.89617347717285,8.142956733703613,157.0,24,103,1038,4.0,113.51666666666667,910.0,12941.0,117.25,1,0,0
p14,2020-02-05,3,3,7,3,5,4,144.0,18.0,89.0,163.0,0.0,,,,,22.0,,,,,,,16118.0,149.0,2927.45,67.4868724090281,4.426958515408373,57.0,123.0,62.0,65.29419708251953,7.215715408325195,235.0,8,44,1108,3.0,63.15,536.0,6109.0,128.66666666666666,2,0,0
p14,2020-02-06,3,3,7,3,9,4,406.0,90.0,93.0,496.0,0.0,78.0,243.0,85.0,90.0,21.0,74.0,20.0,19.0,35.0,78.0,0.0910031023784901,14674.0,174.0,2899.1,71.1873121869783,9.333453117185622,51.0,115.0,57.0,64.37614440917969,6.927042007446289,125.0,20,80,719,1.0,68.53333333333333,538.0,8088.0,140.0,3,0,0
p14,2020-02-07,3,3,7,3,7,3,345.0,73.0,96.0,418.0,0.0,53.0,240.0,52.0,73.0,23.0,66.0,17.0,18.0,31.0,53.0,0.1107099879663056,10025.0,126.0,2466.97,69.32375104660899,7.2611624257253,49.0,101.0,58.0,64.05546283721924,6.833256721496582,166.0,3,29,824,1.0,21.333333333333332,152.0,2225.0,87.0,4,0,0
p14,2020-02-09,3,3,7,3,9,3,591.0,96.0,93.0,687.0,0.0,73.0,470.0,48.0,96.0,20.0,78.0,16.0,18.0,44.0,73.0,0.1103752759381898,17831.0,120.0,2909.41,71.83751453729856,8.711859276874577,52.0,103.0,61.0,66.13677883148193,6.79215145111084,217.0,32,61,443,3.0,115.19999999999999,684.0,9424.0,94.33333333333333,6,1,0
p14,2020-02-10,3,3,7,2,5,3,159.0,7.0,96.0,171.0,0.0,,,,,2.0,,,,,,,9144.0,127.0,2499.21,66.176597582038,6.726054292357957,53.0,105.0,59.0,65.49364948272705,6.788765907287598,152.0,17,31,1069,2.0,52.9,368.0,4872.0,102.5,0,0,0
p14,2020-02-11,2,3,7,2,9,3,523.0,91.0,96.0,614.0,0.0,77.0,312.0,134.0,91.0,22.0,84.0,21.0,19.0,44.0,77.0,0.0890183028286189,21822.0,173.0,,69.75988411724607,11.252306369052087,54.0,143.0,59.0,65.72141361236572,6.7876434326171875,125.0,30,131,540,5.0,144.96666666666667,1163.0,16133.0,117.4,1,0,0
p14,2020-02-12,2,3,6,2,8,4,517.0,70.0,95.0,587.0,0.0,75.0,319.0,123.0,70.0,22.0,87.0,21.0,21.0,45.0,74.0,0.0808510638297872,11010.0,120.0,,66.62712177121772,7.199057435325792,53.0,106.0,57.0,64.92607879638672,6.787271499633789,176.0,12,37,628,2.0,59.733333333333334,388.0,5260.0,97.5,2,0,0
p14,2020-02-13,2,3,7,2,8,3,317.0,39.0,97.0,356.0,0.0,55.0,224.0,38.0,39.0,21.0,72.0,17.0,20.0,35.0,55.0,0.0805755395683453,12294.0,129.0,,66.5904761904762,10.534699979962754,53.0,199.0,59.0,64.8047456741333,6.787148475646973,140.0,9,49,886,3.0,59.733333333333334,462.0,6350.0,99.33333333333333,3,0,0
p14,2020-02-14,3,3,7,4,8,3,66.0,3.0,96.0,69.0,0.0,,,,,19.0,,,,,,,16466.0,179.0,,71.42948717948718,6.772275766439719,53.0,106.0,62.0,64.4537935256958,10.699895858764648,189.0,4,80,1098,2.0,80.36666666666667,651.0,9773.0,135.0,4,0,0
p14,2020-02-16,3,3,6,2,9,3,,,,,,,,,,,,,,,,,8378.0,125.0,,66.94924123495552,6.208413654435012,53.0,94.0,58.0,64.69979572296143,11.628644943237305,166.0,14,22,1238,1.0,18.766666666666666,144.0,1963.0,106.0,6,1,0
p14,2020-02-17,3,3,8,2,9,4,559.0,63.0,98.0,622.0,0.0,85.0,383.0,91.0,63.0,20.0,87.0,19.0,22.0,46.0,85.0,0.0612244897959183,9508.0,134.0,,61.32409922143763,5.094860069677631,51.0,101.0,56.0,63.29109191894531,8.154132843017578,153.0,9,33,623,2.0,45.21666666666667,323.0,4246.0,101.5,0,0,0
p14,2020-02-19,2,3,6,3,9,4,489.0,78.0,97.0,567.0,0.0,61.0,368.0,60.0,78.0,22.0,83.0,17.0,21.0,45.0,60.0,0.0952380952380952,6034.0,126.0,,60.47876756066411,4.034601580462626,50.0,87.0,55.0,62.13304805755615,6.92812442779541,115.0,7,22,729,1.0,40.96666666666667,268.0,3664.0,91.0,2,0,0
p14,2020-02-20,3,3,7,2,7,3,306.0,53.0,95.0,359.0,0.0,54.0,181.0,71.0,53.0,22.0,72.0,21.0,20.0,31.0,54.0,0.0822873082287308,18519.0,174.0,,66.52141837220371,8.488711188968914,52.0,129.0,55.0,61.357662200927734,6.833612442016602,142.0,11,107,821,3.0,97.46666666666667,736.0,9738.0,119.33333333333333,3,0,0
p14,2020-02-21,3,3,7,3,9,4,397.0,58.0,97.0,455.0,0.0,100.0,218.0,79.0,58.0,20.0,75.0,21.0,17.0,37.0,100.0,0.0878155872667398,14916.0,174.0,,62.22154222766218,6.6818273979252965,50.0,112.0,55.0,61.55887413024902,6.802487373352051,73.0,8,90,814,2.0,111.36666666666667,875.0,12413.0,120.5,4,0,0
p14,2020-02-22,2,3,5,3,9,3,,,,,,,,,,,,,,,,,6060.0,173.0,,66.41670199236965,5.87967351302813,56.0,110.0,60.0,61.59961128234863,10.712533950805664,66.0,6,25,1343,1.0,37.1,206.0,3479.0,136.0,5,1,0
p14,2020-02-23,2,3,5,3,9,3,552.0,93.0,93.0,645.0,0.0,87.0,376.0,89.0,93.0,21.0,81.0,18.0,19.0,44.0,87.0,0.0640316205533596,6643.0,178.0,,63.2667365845132,5.359765937445588,52.0,145.0,56.0,62.206122398376465,7.927481651306152,96.0,6,32,661,1.0,35.78333333333333,223.0,3412.0,149.0,6,1,0
p14,2020-02-24,3,3,6,3,9,4,522.0,127.0,91.0,649.0,0.0,70.0,306.0,146.0,127.0,20.0,80.0,21.0,18.0,41.0,70.0,0.1116243264049268,9472.0,126.0,,63.27366771159875,6.048196664558179,52.0,94.0,56.0,62.06620788574219,7.1502838134765625,91.0,19,59,622,2.0,69.96666666666667,502.0,7125.0,94.0,0,0,0
p14,2020-02-25,3,3,6,3,8,3,440.0,89.0,92.0,529.0,0.0,49.0,335.0,56.0,89.0,20.0,72.0,16.0,18.0,38.0,49.0,0.1201513718070009,11412.0,123.0,,63.99431922301631,6.404881865509114,51.0,100.0,56.0,62.00037097930908,6.905952453613281,128.0,18,55,710,3.0,89.6,586.0,7363.0,102.0,1,0,0
p14,2020-02-26,4,3,7,3,9,3,516.0,97.0,92.0,613.0,0.0,121.0,324.0,71.0,97.0,20.0,81.0,19.0,19.0,43.0,121.0,0.1062091503267973,14534.0,175.0,,63.10122448979592,6.740027098899696,52.0,94.0,55.0,61.58976078033447,6.826329231262207,122.0,17,82,606,3.0,84.76666666666667,690.0,9651.0,119.66666666666667,2,0,1
p14,2020-02-27,3,3,7,3,9,3,,,,,,,,,,,,,,,,,9784.0,124.0,,65.60944547625365,7.676153269595656,52.0,100.0,56.0,61.62771511077881,10.732172012329102,128.0,9,41,1262,2.0,54.61666666666666,397.0,5273.0,94.5,3,0,0
p14,2020-02-28,3,3,7,3,9,3,494.0,116.0,91.0,610.0,0.0,68.0,332.0,94.0,116.0,20.0,79.0,19.0,19.0,41.0,68.0,0.131040131040131,19760.0,171.0,,64.3109756097561,8.400698152477837,52.0,120.0,56.0,61.47603130340576,7.932476997375488,166.0,29,110,525,3.0,125.91666666666666,921.0,13008.0,113.0,4,0,0
p14,2020-02-29,3,3,7,3,9,3,544.0,125.0,89.0,669.0,0.0,101.0,369.0,74.0,125.0,20.0,76.0,18.0,17.0,41.0,101.0,0.1164537941397445,12973.0,176.0,,63.92258903886811,7.812781184347823,50.0,113.0,54.0,60.81465148925781,7.151811599731445,117.0,16,64,574,2.0,103.33333333333334,644.0,9510.0,115.0,5,1,0
p14,2020-03-01,3,3,7,3,9,3,477.0,86.0,93.0,563.0,0.0,78.0,316.0,83.0,86.0,19.0,73.0,19.0,15.0,39.0,78.0,0.1079393398751115,204.0,49.0,,60.00358637178721,4.2153441005718015,51.0,82.0,54.0,0.0,0.0,11.0,0,0,866,,,,,,6,1,0
p14,2020-03-02,3,3,6,2,9,2,,,,,,,,,,,,,,,,,,,,,,,,,0.0,0.0,0.0,0,0,1440,,,,,,0,0,0
p14,2020-03-03,2,3,6,2,9,2,,,,,,,,,,,,,,,,,21941.0,174.0,,70.10762472544712,10.909231229839513,54.0,148.0,60.0,61.34584999084473,12.613040924072266,144.0,32,129,1135,3.0,141.01666666666665,1058.0,14743.0,117.0,1,0,0
p14,2020-03-04,2,3,5,2,8,4,388.0,125.0,90.0,513.0,0.0,46.0,260.0,82.0,125.0,20.0,59.0,19.0,15.0,25.0,46.0,0.1449559255631733,12857.0,134.0,,62.41134492223239,5.490596523669236,53.0,96.0,56.0,62.22507190704346,8.38390827178955,124.0,22,60,721,3.0,100.68333333333334,659.0,8735.0,95.33333333333333,2,0,0
p14,2020-03-05,2,3,6,2,9,3,500.0,85.0,95.0,585.0,0.0,88.0,348.0,64.0,85.0,20.0,81.0,17.0,20.0,44.0,87.0,0.0947907771135781,372.0,49.0,,60.63580827067669,5.236788575884681,50.0,87.0,55.0,62.00524711608887,11.999431610107422,17.0,0,0,838,,,,,,3,0,0
p14,2020-03-06,2,3,6,2,8,3,,,,,,,,,,,,,,,,,16889.0,129.0,,70.16958041958041,7.596753824286042,55.0,103.0,60.0,62.388023376464844,14.826634407043457,220.0,15,67,1138,3.0,79.36666666666667,600.0,8547.0,96.33333333333333,4,0,0
p14,2020-03-06,2,3,6,2,8,3,,,,,,,,,,,,,,,,,16889.0,129.0,,70.16958041958041,7.596753824286042,55.0,103.0,60.0,62.388023376464844,14.826634407043457,220.0,15,67,1138,3.0,79.36666666666667,600.0,8547.0,96.33333333333333,4,0,0
p14,2020-03-07,2,3,6,2,8,2,413.0,119.0,88.0,532.0,0.0,59.0,314.0,40.0,119.0,21.0,59.0,16.0,14.0,29.0,59.0,0.1639962299717247,285.0,64.0,,63.76767177459219,3.8449683058545356,55.0,83.0,58.0,63.942527770996094,8.854477882385254,11.0,0,0,897,,,,,,5,1,0
p14,2020-03-08,4,3,7,3,8,3,,,,,,,,,,,,,,,,,30956.0,174.0,,69.64990914597213,5.917623312514138,54.0,116.0,59.0,63.73527431488037,12.376310348510742,184.0,31,176,1049,4.0,183.3,1374.0,19653.0,110.75,6,1,1
p14,2020-03-09,3,3,6,2,6,3,341.0,69.0,91.0,410.0,0.0,75.0,195.0,71.0,69.0,0.0,72.0,21.0,17.0,34.0,75.0,0.1166032953105196,19005.0,178.0,,68.03053571428572,8.75061581169678,46.0,112.0,56.0,62.80241012573242,8.329888343811035,207.0,25,67,731,2.0,111.63333333333333,728.0,10926.0,118.0,0,0,0
p14,2020-03-10,3,3,7,2,7,3,336.0,70.0,95.0,406.0,0.0,72.0,223.0,41.0,70.0,0.0,68.0,17.0,21.0,30.0,72.0,0.1070110701107011,11645.0,128.0,,61.008092485549135,5.494573438781017,50.0,85.0,54.0,61.242576599121094,7.271701812744141,185.0,22,25,802,2.0,33.266666666666666,241.0,3109.0,106.5,1,0,0
p14,2020-03-12,3,3,8,2,8,4,499.0,84.0,95.0,583.0,0.0,80.0,315.0,104.0,84.0,21.0,82.0,21.0,17.0,44.0,79.0,0.0839760068551842,237.0,47.0,,60.927786499215074,3.878945245988951,53.0,87.0,56.0,61.89365005493164,6.839150428771973,15.0,0,0,842,,,,,,3,0,0
p14,2020-03-13,3,3,6,3,9,4,,,,,,,,,,,,,,,,,11953.0,177.0,,61.93226600985221,7.0573587881752635,49.0,115.0,52.0,61.36636257171631,10.742729187011719,121.0,12,66,1241,2.0,82.66666666666666,649.0,8894.0,121.0,4,0,0
p14,2020-03-14,3,3,7,2,10,3,528.0,90.0,93.0,618.0,0.0,101.0,341.0,86.0,90.0,20.0,84.0,19.0,19.0,46.0,101.0,0.1103678929765886,18203.0,178.0,,58.778301886792455,5.920126328490385,48.0,118.0,52.0,59.5143928527832,7.9351606369018555,101.0,14,108,599,2.0,128.08333333333334,1032.0,15188.0,112.5,5,1,0
p14,2020-03-15,3,3,6,2,10,3,,,,,,,,,,,,,,,,,8218.0,176.0,,65.29819694868239,6.650682219952717,54.0,117.0,57.0,59.66343307495117,11.637466430664062,51.0,8,49,1332,1.0,50.0,442.0,6463.0,146.0,6,1,0
p14,2020-03-16,2,3,5,2,9,3,436.0,78.0,96.0,514.0,0.0,96.0,272.0,68.0,78.0,21.0,74.0,18.0,15.0,41.0,95.0,0.1088435374149659,46.0,30.0,,60.06311745334797,3.7864277909634754,51.0,80.0,55.0,0.0,0.0,3.0,0,0,923,,,,,,0,0,0
p14,2020-03-17,3,3,6,3,8,3,,,,,,,,,,,,,,,,,6305.0,177.0,,64.82521008403361,8.897229483030724,53.0,126.0,57.95,59.57587242126465,15.309674263000488,51.0,7,41,1341,1.0,36.18333333333333,314.0,4308.0,152.0,1,0,0
p14,2020-03-18,3,3,5,2,8,3,488.0,83.0,96.0,571.0,0.0,96.0,313.0,79.0,83.0,20.0,79.0,19.0,16.0,44.0,96.0,0.0781387181738367,2770.0,113.0,,63.0640291514836,5.117355385766978,51.0,88.0,56.0,60.23234176635742,8.94953727722168,117.0,0,0,621,,,,,,2,0,0
p14,2020-03-19,3,3,6,2,8,3,339.0,66.0,95.0,405.0,0.0,42.0,232.0,65.0,66.0,22.0,71.0,19.0,17.0,35.0,42.0,0.0796344647519582,14346.0,181.0,,63.316905675621086,7.591858677609728,51.0,129.0,55.0,60.081058502197266,7.452288627624512,119.0,17,90,809,2.0,87.61666666666667,798.0,10411.0,140.5,3,0,0
p14,2020-03-20,3,3,5,2,8,3,213.0,47.0,89.0,260.0,0.0,37.0,137.0,39.0,47.0,21.0,56.0,17.0,16.0,23.0,37.0,0.1036468330134357,2225.0,95.0,,59.6396992481203,4.740446079332756,48.0,97.0,54.0,61.14246845245361,7.002480506896973,113.0,0,0,1067,,,,,,4,0,0
p14,2020-03-21,3,3,6,3,8,3,334.0,53.0,98.0,387.0,0.0,53.0,240.0,41.0,53.0,20.0,73.0,17.0,23.0,33.0,52.0,0.0390117035110533,18482.0,185.0,,63.06130099228225,7.38333700082737,48.0,101.0,54.0,59.45655536651611,6.857952117919922,118.0,8,109,645,1.0,113.45,1022.0,14898.0,148.0,5,1,0
p14,2020-03-22,2,3,6,2,8,3,442.0,73.0,98.0,515.0,0.0,112.0,245.0,85.0,73.0,21.0,76.0,21.0,15.0,40.0,111.0,0.0649854510184287,6888.0,178.0,,62.683095347766006,6.4979248583757885,51.0,145.0,56.0,60.19571590423584,6.81052303314209,67.0,5,38,815,1.0,34.96666666666667,326.0,4538.0,158.0,6,1,0
p14,2020-03-23,3,3,5,2,6,2,110.0,3.0,97.0,113.0,0.0,,,,,12.0,,,,,,,5137.0,126.0,,63.02886994775914,5.07116486140648,53.0,90.0,56.0,60.36244297027588,10.71915340423584,108.0,1,25,1193,1.0,25.6,239.0,2753.0,122.0,0,0,0
p14,2020-03-24,3,3,6,2,9,4,431.0,89.0,94.0,520.0,0.0,58.0,273.0,100.0,89.0,19.0,77.0,21.0,18.0,38.0,57.0,0.114975845410628,7779.0,176.0,,65.33577270770556,5.401434936246255,50.0,117.0,57.0,60.239386558532715,7.929165840148926,126.0,8,35,751,1.0,35.36666666666667,312.0,4394.0,143.0,1,0,0
p14,2020-03-25,3,3,6,2,9,4,550.0,111.0,96.0,661.0,0.0,58.0,380.0,112.0,111.0,19.0,76.0,20.0,14.0,42.0,58.0,0.080547112462006,6400.0,178.0,,65.13944993553932,6.872991913002623,53.0,119.0,57.0,61.116074562072754,7.150798797607422,59.0,4,36,680,1.0,34.5,276.0,4313.0,146.0,2,0,0
p14,2020-03-26,3,3,6,2,9,4,487.0,77.0,95.0,564.0,0.0,69.0,296.0,122.0,77.0,20.0,81.0,21.0,16.0,44.0,69.0,0.0823737821080602,6917.0,129.0,,64.91820113314448,4.859495822613067,53.0,88.0,57.0,61.61845111846924,6.906119346618652,139.0,9,24,704,1.0,39.25,275.0,3335.0,104.0,3,0,0
p14,2020-03-27,3,3,7,2,9,4,455.0,100.0,92.0,555.0,0.0,54.0,332.0,69.0,100.0,19.0,68.0,17.0,15.0,36.0,54.0,0.0941176470588235,19622.0,174.0,,68.3252345441424,7.709104321260202,53.0,94.0,57.0,62.2726936340332,6.826384544372559,118.0,20,127,620,4.0,143.75,1135.0,15566.0,118.0,4,0,0
p14,2020-03-29,3,3,6,3,8,3,418.0,95.0,0.0,573.0,0.0,63.0,242.0,113.0,95.0,19.0,71.0,21.0,16.0,34.0,63.0,0.1129744042365401,27173.0,182.0,,65.3806237924372,6.472259963180186,49.0,91.0,54.0,61.742183685302734,13.875027656555176,154.0,22,150,601,2.0,173.83333333333331,1505.0,22609.0,120.5,6,1,0
p14,2020-03-30,3,3,5,2,7,3,289.0,44.0,95.0,333.0,0.0,54.0,156.0,79.0,44.0,22.0,68.0,21.0,15.0,32.0,54.0,0.0789074355083459,1640.0,84.0,,64.39155783582089,4.8678255214822626,53.0,88.0,57.0,61.63831901550293,16.233570098876953,83.0,0,0,1024,,,,,,0,0,0
p15,2019-11-17,4,4,8,2,7,2,464.0,68.0,96.0,532.0,0.0,64.0,310.0,90.0,68.0,23.0,80.0,20.0,18.0,42.0,63.0,0.079696394686907,14947.0,117.0,3287.48,61.34539848515316,11.160702446507448,47.0,161.0,51.0,56.99093246459961,6.789348602294922,198.0,34,87,589,2.0,90.46666666666667,833.0,8409.0,116.0,6,1,1
p15,2019-11-18,4,4,9,3,7,5,396.0,43.0,97.0,439.0,0.0,60.0,250.0,86.0,43.0,22.0,80.0,21.0,20.0,39.0,59.0,0.0580204778156996,16353.0,135.0,3273.27,62.649532710280376,10.828737790025208,48.0,135.0,51.0,57.32547950744629,6.787837028503418,240.0,44,80,637,2.0,102.41666666666667,733.0,8141.0,106.5,0,0,1
p15,2019-11-19,5,4,10,4,8,5,481.0,62.0,95.0,543.0,0.0,67.0,319.0,95.0,62.0,23.0,89.0,21.0,22.0,46.0,67.0,0.0592044403330249,11871.0,164.0,2842.1,71.39798376304755,23.513094128722376,46.0,167.0,51.0,57.10204601287842,6.787335395812988,224.0,6,44,623,2.0,163.63333333333333,215.0,2865.0,91.0,1,0,1
p15,2019-11-20,4,4,8,3,8,3,446.0,57.0,97.0,503.0,0.0,59.0,285.0,102.0,57.0,22.0,84.0,21.0,21.0,42.0,59.0,0.0536246276067527,12089.0,126.0,3170.23,59.351567711807874,9.641150206230096,45.0,128.0,49.0,55.96010780334473,6.787169456481934,183.0,16,109,629,2.0,106.5,909.0,5195.0,114.5,2,0,1
p15,2019-11-21,5,4,9,4,8,5,465.0,51.0,97.0,516.0,0.0,60.0,325.0,80.0,51.0,21.0,84.0,19.0,23.0,42.0,59.0,0.0584795321637426,15729.0,125.0,3230.64,62.80738341968912,18.4875618777206,44.0,181.0,48.0,54.93721866607666,6.787114143371582,213.0,19,73,619,3.0,84.43333333333334,771.0,6950.0,118.33333333333333,3,0,1
p15,2019-11-22,2,3,7,3,7,3,359.0,86.0,97.0,445.0,0.0,67.0,232.0,60.0,86.0,22.0,68.0,18.0,21.0,29.0,67.0,0.0785634118967452,12649.0,126.0,3280.14,62.391850301612706,12.051384589978788,45.0,121.0,48.0,54.33335494995117,6.78709602355957,256.0,24,90,625,3.0,127.93333333333332,990.0,6575.0,107.33333333333333,4,0,0
p15,2019-11-22,2,3,6,3,7,3,359.0,86.0,97.0,445.0,0.0,67.0,232.0,60.0,86.0,22.0,68.0,18.0,21.0,29.0,67.0,0.0785634118967452,12649.0,126.0,3280.14,62.391850301612706,12.051384589978788,45.0,121.0,48.0,54.33335494995117,6.78709602355957,256.0,24,90,625,3.0,127.93333333333332,990.0,6575.0,107.33333333333333,4,0,0
p15,2019-11-23,3,4,7,3,8,3,484.0,79.0,96.0,563.0,0.0,54.0,365.0,65.0,79.0,22.0,82.0,17.0,21.0,44.0,54.0,0.0727595385980479,18950.0,169.0,3501.42,70.96699029126214,20.35903737331611,45.0,162.0,48.0,54.1515474319458,6.787090301513672,338.0,63,57,419,1.0,114.0,737.0,10290.0,99.0,5,1,0
p15,2019-11-24,1,3,1,3,6,1,329.0,43.0,94.0,372.0,0.0,32.0,258.0,39.0,43.0,2.0,65.0,16.0,14.0,35.0,32.0,0.0571428571428571,11003.0,122.0,2588.5899999999997,63.234404035041145,8.265137466586934,46.0,117.0,52.0,55.445197105407715,10.252728462219238,166.0,12,49,841,1.0,61.45,487.0,6870.0,97.0,6,1,0
p15,2019-11-25,3,3,9,4,8,4,501.0,42.0,97.0,543.0,0.0,73.0,295.0,133.0,42.0,22.0,91.0,22.0,22.0,47.0,73.0,0.0643974241030358,12472.0,124.0,3021.27,61.04132035146046,11.468857376752304,45.0,115.0,49.0,54.85158824920654,7.808714866638184,184.0,35,73,605,3.0,115.13333333333333,816.0,6046.0,101.33333333333333,0,0,0
p15,2019-11-26,3,3,7,3,7,3,420.0,49.0,95.0,469.0,0.0,60.0,250.0,110.0,49.0,22.0,86.0,21.0,22.0,43.0,59.0,0.0519337016574585,12602.0,130.0,3239.88,67.96348931253611,26.37730986016326,44.0,156.0,48.0,53.7756462097168,7.113800048828125,225.0,18,80,648,2.0,80.11666666666667,732.0,4832.0,116.0,1,0,0
p15,2019-11-27,2,3,6,2,7,3,443.0,54.0,96.0,497.0,0.0,43.0,351.0,49.0,54.0,21.0,78.0,16.0,20.0,42.0,43.0,0.0623115577889447,9624.0,106.0,2840.59,60.878832116788324,8.454022505219159,47.0,109.0,50.0,54.55968379974365,6.894150733947754,327.0,12,5,599,,,,,,2,0,0
p15,2019-11-28,3,4,7,4,8,5,485.0,51.0,97.0,536.0,0.0,59.0,342.0,84.0,51.0,23.0,84.0,20.0,17.0,47.0,59.0,0.0445920303605313,11908.0,113.0,2959.3399999999997,70.87053140096619,22.11122221470256,48.0,141.0,53.0,56.007134437561035,6.822447776794434,191.0,14,70,629,1.0,69.7,579.0,5984.0,115.0,3,0,0
p15,2019-11-29,2,3,4,4,8,3,502.0,55.0,95.0,557.0,0.0,71.0,321.0,110.0,55.0,23.0,89.0,22.0,21.0,46.0,71.0,0.0552536231884058,11669.0,116.0,2920.6,77.13438685208597,29.606169002185972,48.0,163.0,52.0,57.30809020996094,6.798795700073242,154.0,2,81,646,1.0,81.73333333333333,815.0,7659.0,124.0,4,0,0
p15,2019-11-30,2,2,6,3,7,3,437.0,65.0,95.0,502.0,0.0,77.0,233.0,127.0,65.0,22.0,86.0,22.0,21.0,43.0,77.0,0.0691489361702127,13488.0,120.0,3192.47,76.58564013840831,28.069985789031495,48.0,180.0,54.0,58.386549949645996,6.79096794128418,206.0,15,82,635,1.0,75.2,699.0,6340.0,128.0,5,1,0
p15,2019-12-01,3,4,5,4,8,4,436.0,63.0,97.0,499.0,0.0,71.0,274.0,91.0,63.0,22.0,87.0,22.0,22.0,43.0,71.0,0.0573514077163712,10408.0,123.0,2967.44,64.30060764923151,12.507378979800308,46.0,130.0,53.0,58.50502014160156,6.788373947143555,231.0,18,48,644,2.0,70.31666666666666,532.0,1962.0,108.5,6,1,0
p15,2019-12-02,2,3,3,2,8,2,404.0,54.0,95.0,458.0,0.0,51.0,297.0,56.0,54.0,23.0,76.0,17.0,20.0,39.0,50.0,0.0520487264673311,11133.0,130.0,3131.5899999999997,63.846503287507474,11.161390022676454,48.0,179.0,52.0,57.85385608673096,6.787513732910156,273.0,12,61,636,3.0,54.266666666666666,461.0,2572.0,125.0,0,0,0
p15,2019-12-03,2,3,5,3,8,3,487.0,74.0,95.0,561.0,0.0,71.0,366.0,50.0,74.0,22.0,83.0,17.0,20.0,46.0,71.0,0.0601295097132284,9338.0,126.0,2795.31,61.16097447254925,8.609929189859603,48.0,134.0,52.0,57.801695823669434,6.787228584289551,164.0,13,69,633,4.0,73.98333333333333,624.0,3868.0,106.5,1,0,0
p15,2019-12-04,3,4,7,4,7,3,406.0,68.0,96.0,474.0,0.0,72.0,284.0,50.0,68.0,23.0,76.0,17.0,22.0,37.0,72.0,0.0611169652265542,6417.0,121.0,2318.89,59.081994645247654,7.928264887578315,46.0,114.0,50.0,56.779991149902344,6.787134170532227,189.0,2,10,765,1.0,11.1,83.0,977.0,100.0,2,0,0
p15,2019-12-05,4,4,8,4,8,3,467.0,56.0,96.0,523.0,0.0,92.0,267.0,108.0,56.0,22.0,87.0,23.0,22.0,42.0,92.0,0.0697230181470869,16487.0,125.0,2988.06,58.586532162976546,8.125498658350072,45.0,134.0,48.0,54.92530536651611,6.787102699279785,148.0,49,79,641,4.0,91.3,660.0,7614.0,105.0,3,0,1
p15,2019-12-06,3,4,6,4,6,4,352.0,50.0,98.0,402.0,0.0,66.0,219.0,67.0,50.0,1.0,76.0,20.0,20.0,36.0,66.0,0.0609137055837563,12803.0,111.0,3077.46,68.67751610753166,18.32056278320278,45.0,122.0,50.0,54.534077644348145,6.787092208862305,239.0,23,72,704,1.0,73.33333333333333,585.0,6277.0,100.0,4,0,0
p15,2019-12-06,3,4,6,4,6,3,352.0,50.0,98.0,402.0,0.0,66.0,219.0,67.0,50.0,1.0,76.0,20.0,20.0,36.0,66.0,0.0609137055837563,12803.0,111.0,3077.46,68.67751610753166,18.32056278320278,45.0,122.0,50.0,54.534077644348145,6.787092208862305,239.0,23,72,704,1.0,73.33333333333333,585.0,6277.0,100.0,4,0,0
p15,2019-12-07,2,3,7,3,9,2,542.0,76.0,95.0,618.0,0.0,92.0,348.0,102.0,76.0,22.0,83.0,21.0,17.0,45.0,92.0,0.0746513535684987,10565.0,118.0,2741.92,70.47976277182396,21.896518555589367,45.0,139.0,52.0,55.31774044036865,6.787088394165039,144.0,8,69,601,1.0,82.06666666666666,693.0,7072.0,109.0,5,1,0
p15,2019-12-08,5,5,10,4,8,5,516.0,56.0,97.0,572.0,0.0,68.0,352.0,96.0,56.0,23.0,87.0,20.0,21.0,46.0,67.0,0.0654288240495137,13271.0,126.0,3029.66,70.3955612190719,22.52121046529005,47.0,163.0,51.0,56.21711540222168,6.787087440490723,221.0,18,65,564,1.0,70.36666666666666,604.0,6307.0,112.0,6,1,1
p15,2019-12-10,2,3,7,3,8,5,477.0,44.0,97.0,521.0,0.0,102.0,260.0,115.0,44.0,22.0,88.0,23.0,22.0,43.0,101.0,0.0410958904109589,18728.0,169.0,3326.75,71.17206369562894,27.837264866486112,46.0,172.0,49.0,55.32680797576904,6.787087440490723,198.0,22,93,606,3.0,80.71666666666667,809.0,9465.0,113.66666666666667,1,0,0
p15,2019-12-11,4,4,9,4,7,4,420.0,62.0,97.0,482.0,0.0,59.0,307.0,54.0,62.0,22.0,75.0,17.0,19.0,39.0,59.0,0.0549222797927461,14518.0,122.0,3045.24,60.26558337773042,8.964700149686303,47.0,133.0,51.0,55.94547080993652,6.787087440490723,195.0,11,89,663,3.0,90.61666666666667,784.0,7931.0,113.0,2,0,1
p15,2019-12-12,3,3,7,2,8,3,432.0,69.0,95.0,501.0,0.0,100.0,235.0,97.0,69.0,22.0,88.0,23.0,23.0,42.0,100.0,0.0481675392670157,16456.0,167.0,3044.12,70.35589543334419,27.21462973291366,46.0,172.0,50.0,55.41680908203125,6.787087440490723,162.0,10,91,676,2.0,93.30000000000001,885.0,10834.0,114.0,3,0,0
p15,2019-12-14,3,3,7,3,7,3,454.0,59.0,97.0,513.0,0.0,42.0,324.0,88.0,59.0,0.0,84.0,20.0,22.0,42.0,42.0,0.0462143559488692,17569.0,169.0,3147.24,69.12789494985834,17.210664533382644,45.0,173.0,51.0,55.35256290435791,6.787087440490723,256.0,27,63,581,1.0,865.0166666666667,2340.0,16693.0,72.0,5,1,0
p15,2019-12-16,2,2,7,3,7,2,495.0,77.0,96.0,572.0,0.0,76.0,326.0,93.0,77.0,22.0,87.0,20.0,22.0,45.0,75.0,0.0700525394045534,14587.0,127.0,3412.0099999999998,59.40788415124698,11.63170937809416,46.0,126.0,49.0,55.138407707214355,6.787087440490723,174.0,27,128,539,3.0,173.58333333333334,1410.0,9443.0,112.0,0,0,0
p15,2019-12-17,2,3,5,3,8,2,465.0,91.0,96.0,556.0,0.0,96.0,258.0,111.0,91.0,21.0,86.0,23.0,22.0,41.0,96.0,0.058206106870229,19255.0,150.0,3316.58,62.61081552551243,17.18836638081519,45.0,128.0,47.0,55.389580726623535,6.787087440490723,271.0,5,92,516,3.0,789.0166666666667,1889.0,12785.0,87.66666666666667,1,0,0
p15,2019-12-18,2,3,4,3,8,4,386.0,40.0,96.0,426.0,0.0,88.0,174.0,124.0,40.0,23.0,84.0,22.0,23.0,39.0,88.0,0.0609613130128956,16951.0,143.0,3268.0,55.31578517125807,8.540075581179762,45.0,128.0,48.0,55.2614049911499,10.699845314025879,221.0,34,94,665,4.0,121.26666666666667,929.0,8701.0,99.0,2,0,0
p15,2019-12-21,3,3,6,4,8,4,495.0,58.0,93.0,553.0,0.0,103.0,257.0,135.0,58.0,23.0,90.0,23.0,21.0,46.0,103.0,0.061427280939476,23554.0,170.0,3678.13,72.27190624664014,30.980440150948066,43.0,174.0,48.0,54.016783714294434,6.905632972717285,188.0,41,138,520,3.0,155.31666666666666,1433.0,17391.0,103.33333333333333,5,1,0
p15,2019-12-22,3,4,8,4,8,4,432.0,84.0,97.0,516.0,0.0,85.0,251.0,96.0,84.0,0.0,86.0,22.0,23.0,41.0,84.0,0.0541082164328657,15790.0,116.0,3439.63,76.02559882976779,29.72837447165663,44.0,174.0,48.0,53.526339530944824,6.826224327087402,164.0,9,135,616,1.0,134.28333333333333,1345.0,11870.0,119.0,6,1,0
p15,2019-12-23,3,3,6,4,8,4,539.0,88.0,96.0,627.0,0.0,67.0,351.0,121.0,88.0,22.0,85.0,22.0,20.0,43.0,67.0,0.0764940239043824,20847.0,120.0,4106.86,82.47395529640427,33.464201856776654,45.0,162.0,49.0,54.02453327178955,6.800045013427734,182.0,63,165,403,2.0,174.5666666666667,1734.0,14709.0,110.0,0,0,0
p15,2019-12-24,1,3,0,4,8,2,543.0,78.0,95.0,621.0,0.0,65.0,371.0,107.0,78.0,22.0,87.0,21.0,20.0,46.0,65.0,0.0613090306545153,5759.0,86.0,2502.34,58.85743047690953,8.257355816822969,42.0,105.0,49.0,54.75826358795166,6.791380882263184,265.0,0,0,554,,,,,,1,0,0
p15,2019-12-25,3,4,7,4,8,1,503.0,92.0,95.0,595.0,0.0,41.0,372.0,90.0,92.0,0.0,83.0,19.0,20.0,44.0,41.0,0.0786136939983093,19403.0,117.0,3701.18,80.91493528610354,31.45678931217291,44.0,154.0,48.0,54.3559513092041,6.788510322570801,135.0,8,171,531,1.0,180.08333333333334,1771.0,16399.0,118.0,2,0,0
p15,2019-12-26,2,4,4,4,7,1,552.0,73.0,99.0,625.0,0.0,101.0,339.0,112.0,73.0,23.0,90.0,22.0,23.0,45.0,101.0,0.052757793764988,10691.0,113.0,2931.5699999999997,64.84788029925187,22.907088831246206,44.0,143.0,48.0,54.47832489013672,6.787558555603027,239.0,31,46,499,1.0,57.28333333333333,504.0,4137.0,113.0,3,0,0
p15,2019-12-28,3,4,7,4,8,3,487.0,54.0,96.0,541.0,0.0,62.0,304.0,121.0,54.0,0.0,91.0,21.0,23.0,47.0,62.0,0.0569259962049335,13861.0,120.0,3297.52,57.36668960770819,11.702248191350849,43.0,158.0,46.0,53.42056369781494,6.787138938903809,168.0,21,112,598,3.0,109.51666666666667,1096.0,9656.0,113.66666666666667,5,1,0
p15,2019-12-29,2,3,4,4,8,2,529.0,68.0,96.0,597.0,0.0,96.0,318.0,115.0,68.0,23.0,90.0,23.0,22.0,45.0,96.0,0.0644351464435146,8828.0,119.0,2620.77,67.94961143143645,24.773274895093895,44.0,136.0,48.0,54.03110122680664,6.787104606628418,103.0,30,62,648,1.0,74.11666666666666,631.0,5633.0,110.0,6,1,0
p15,2019-12-30,2,4,7,4,7,2,429.0,63.0,94.0,492.0,0.0,43.0,272.0,114.0,63.0,0.0,84.0,21.0,22.0,41.0,42.0,0.0710659898477157,16041.0,117.0,3516.29,77.99238363892806,32.284263760823166,44.0,169.0,47.0,53.51182460784912,6.787093162536621,190.0,9,127,622,1.0,133.93333333333334,1381.0,11722.0,121.0,0,0,0
p15,2019-12-31,2,3,6,4,8,2,452.0,57.0,97.0,509.0,0.0,54.0,310.0,88.0,57.0,0.0,87.0,21.0,23.0,43.0,53.0,0.0581632653061224,14366.0,119.0,3378.83,78.58731679279624,34.885681094465326,43.0,188.0,46.0,53.341278076171875,6.7870893478393555,130.0,3,123,675,1.0,123.73333333333333,1367.0,11346.0,129.0,1,0,0
p15,2020-01-01,2,3,3,4,8,3,426.0,63.0,98.0,489.0,0.0,56.0,333.0,37.0,63.0,0.0,75.0,16.0,17.0,42.0,56.0,0.0589473684210526,16394.0,121.0,3607.38,81.68841038632046,31.536008070873226,46.0,169.0,51.0,55.57780456542969,6.787087440490723,158.0,16,143,634,1.0,147.75,1519.0,13268.0,122.0,2,0,0
p15,2020-01-06,4,4,10,3,8,2,411.0,60.0,96.0,471.0,0.0,44.0,292.0,75.0,60.0,22.0,80.0,19.0,23.0,38.0,44.0,0.056203605514316,15656.0,124.0,3685.77,60.18631675153414,12.200612255505341,44.0,124.0,47.0,53.44004726409912,6.787087440490723,264.0,25,137,543,3.0,160.33333333333331,1348.0,8906.0,102.66666666666667,0,0,1
p15,2020-01-07,4,4,8,4,8,4,400.0,46.0,98.0,446.0,0.0,96.0,206.0,98.0,46.0,22.0,86.0,23.0,23.0,40.0,96.0,0.056581986143187,16709.0,162.0,3106.69,65.81944444444444,24.723241788985646,44.0,148.0,46.0,53.02932262420654,6.787087440490723,198.0,23,84,689,2.0,86.21666666666667,758.0,10166.0,103.0,1,0,1
p15,2020-01-08,3,3,8,3,8,4,438.0,53.0,98.0,491.0,0.0,60.0,301.0,77.0,53.0,22.0,84.0,19.0,23.0,42.0,60.0,0.0610376398779247,12504.0,127.0,3234.89,57.03901334004531,10.333055987928498,43.0,122.0,46.0,52.755282402038574,6.787087440490723,199.0,18,110,622,3.0,126.75,1040.0,6540.0,109.33333333333333,2,0,0
p15,2020-01-10,3,4,7,4,8,4,493.0,65.0,94.0,558.0,0.0,83.0,325.0,85.0,65.0,23.0,87.0,20.0,22.0,45.0,83.0,0.072515666965085,10342.0,118.0,2978.94,68.61635094715852,30.15751799731487,43.0,188.0,47.0,52.73064994812012,6.787087440490723,209.0,7,70,596,1.0,71.15,766.0,5989.0,127.0,4,0,0
p15,2020-01-12,3,4,7,4,9,4,600.0,82.0,96.0,682.0,0.0,71.0,373.0,156.0,82.0,22.0,90.0,22.0,21.0,47.0,71.0,0.0395348837209302,14325.0,119.0,3615.24,80.40610743878597,41.33728568764039,42.0,197.0,47.0,53.8531436920166,6.787087440490723,170.0,25,117,446,1.0,131.81666666666666,1478.0,9587.0,134.0,6,1,0
p15,2020-01-13,3,4,8,4,7,4,388.0,59.0,95.0,447.0,0.0,62.0,260.0,66.0,59.0,22.0,76.0,19.0,20.0,37.0,62.0,0.0614525139664804,11119.0,124.0,3216.08,58.26062091503268,9.418709840250646,44.0,118.0,48.0,54.34998035430908,6.787087440490723,148.0,30,115,700,2.0,129.96666666666667,1074.0,5507.0,105.5,0,0,0
p15,2020-01-14,3,3,8,2,7,2,359.0,57.0,96.0,416.0,0.0,70.0,254.0,35.0,57.0,23.0,75.0,17.0,21.0,37.0,69.0,0.0650306748466257,19788.0,164.0,3323.21,67.9214533235325,24.43219777422336,45.0,154.0,49.0,55.11507034301758,6.787087440490723,225.0,24,106,669,4.0,168.81666666666666,1109.0,12690.0,101.25,1,0,0
p15,2020-01-15,4,4,8,4,7,4,402.0,48.0,98.0,450.0,0.0,50.0,281.0,71.0,48.0,23.0,81.0,19.0,23.0,39.0,50.0,0.0521642619311875,13415.0,124.0,3218.5299999999997,58.78512648582749,10.113070766435543,45.0,120.0,48.0,54.981438636779785,6.787087440490723,226.0,21,97,646,3.0,113.8,916.0,6173.0,105.0,2,0,1
p15,2020-01-16,2,3,6,4,7,2,427.0,44.0,96.0,471.0,0.0,69.0,307.0,51.0,44.0,1.0,83.0,17.0,23.0,43.0,69.0,0.068157614483493,18350.0,120.0,3727.07,83.92711021009953,34.785580607603855,43.0,180.0,47.0,54.112525939941406,6.787087440490723,144.0,4,163,658,1.0,165.41666666666666,1740.0,15465.0,125.0,3,0,0
p15,2020-01-18,2,3,7,3,8,2,438.0,71.0,96.0,509.0,0.0,41.0,304.0,93.0,71.0,23.0,81.0,20.0,21.0,40.0,41.0,0.0686947988223748,13252.0,121.0,3220.19,78.72970918076412,31.469402378912843,48.0,197.0,51.0,57.10157299041748,6.787087440490723,121.0,18,113,679,1.0,117.6,1206.0,9934.0,126.0,5,1,0
p15,2020-01-19,3,4,7,4,8,4,475.0,68.0,97.0,543.0,0.0,79.0,251.0,145.0,68.0,23.0,85.0,22.0,22.0,41.0,79.0,0.0544783010156971,15075.0,117.0,3309.84,79.51187585770083,31.102593072212958,46.0,162.0,52.0,57.56239891052246,6.787087440490723,144.0,18,122,613,1.0,116.96666666666667,1197.0,10666.0,123.0,6,1,0
p15,2020-01-21,4,4,8,4,8,4,461.0,66.0,95.0,527.0,0.0,57.0,314.0,90.0,66.0,0.0,85.0,20.0,23.0,42.0,57.0,0.0673724735322425,14777.0,169.0,3101.87,75.1792934063858,36.745924746316334,44.0,183.0,48.0,55.95334720611572,6.787087440490723,153.0,17,78,665,1.0,114.31666666666666,997.0,10347.0,139.0,1,0,1
p15,2020-01-22,2,3,5,4,7,2,386.0,70.0,95.0,456.0,0.0,25.0,277.0,84.0,70.0,22.0,78.0,19.0,24.0,35.0,25.0,0.0525739320920043,10352.0,122.0,3360.0299999999997,57.963790975174874,9.333365967149366,46.0,122.0,48.0,55.156211853027344,6.787087440490723,284.0,29,76,595,3.0,98.11666666666666,835.0,3190.0,103.33333333333333,2,0,0
p15,2020-01-23,2,3,6,3,7,3,423.0,45.0,97.0,468.0,0.0,49.0,261.0,113.0,45.0,22.0,87.0,21.0,24.0,42.0,49.0,0.0514469453376205,14818.0,121.0,3397.79,66.17709218996721,25.256949220261106,43.0,149.0,46.0,53.83052921295166,6.787087440490723,242.0,34,97,599,3.0,104.0,505.0,5906.0,107.0,3,0,0
p15,2020-01-25,1,4,2,5,6,2,347.0,61.0,95.0,408.0,0.0,37.0,287.0,23.0,61.0,1.0,63.0,15.0,14.0,34.0,37.0,0.0566037735849056,17005.0,118.0,3230.39,62.721819124125425,8.0960425259522,47.0,123.0,52.0,55.285231590270996,10.273416519165039,209.0,49,82,692,4.0,113.51666666666667,824.0,8731.0,101.5,5,1,0
p15,2020-01-26,2,4,6,4,9,5,539.0,47.0,97.0,586.0,0.0,92.0,322.0,125.0,47.0,23.0,92.0,23.0,22.0,47.0,91.0,0.0511508951406649,19254.0,165.0,3089.0099999999998,68.15113285272915,21.1983145465462,45.0,149.0,48.0,54.394680976867676,7.814133644104004,142.0,28,105,579,1.0,164.86666666666667,1228.0,16057.0,90.0,6,1,0
p15,2020-01-27,3,3,8,3,8,4,464.0,55.0,97.0,519.0,0.0,86.0,286.0,92.0,55.0,21.0,86.0,22.0,22.0,42.0,86.0,0.049466537342386,10129.0,124.0,3183.41,57.941744966442954,10.223615507452589,43.0,120.0,47.0,53.513153076171875,7.115470886230469,202.0,27,88,604,1.0,79.61666666666666,743.0,1819.0,122.0,0,0,0
p15,2020-01-30,2,3,7,3,8,4,527.0,68.0,96.0,595.0,0.0,60.0,354.0,113.0,68.0,22.0,89.0,21.0,22.0,46.0,60.0,0.0546541417591801,12037.0,115.0,3008.16,71.80089418777943,26.553570563922175,45.0,157.0,49.0,54.438395500183105,6.798854827880859,167.0,9,86,583,1.0,92.7,899.0,8572.0,117.0,3,0,0
p15,2020-01-31,3,4,8,4,9,5,477.0,83.0,96.0,560.0,0.0,86.0,295.0,96.0,83.0,23.0,82.0,21.0,22.0,39.0,86.0,0.0714924039320822,12250.0,117.0,3120.95,72.04235072675938,29.162739375957557,45.0,165.0,49.0,54.67650032043457,6.790987014770508,215.0,3,80,582,1.0,78.83333333333333,829.0,7404.0,126.0,4,0,0
p15,2020-02-01,3,3,8,3,8,4,416.0,68.0,97.0,484.0,0.0,52.0,296.0,68.0,68.0,23.0,76.0,18.0,20.0,38.0,52.0,0.0758835758835758,12368.0,122.0,3109.23,75.84750511908611,31.51616265143269,46.0,170.0,49.0,54.81351852416992,6.788379669189453,119.0,14,104,719,1.0,101.85,1062.0,9128.0,124.0,5,1,0
p15,2020-02-04,3,4,8,4,7,4,462.0,58.0,96.0,520.0,0.0,65.0,288.0,109.0,58.0,21.0,88.0,22.0,23.0,43.0,65.0,0.0487562189054726,17495.0,169.0,3472.14,69.27382660381225,26.95229850918506,44.0,183.0,47.0,53.00606727600098,6.787134170532227,214.0,50,95,561,1.0,233.56666666666666,1059.0,10855.0,88.0,1,0,0
p15,2020-02-05,2,3,5,3,8,4,484.0,54.0,96.0,538.0,0.0,61.0,320.0,103.0,54.0,21.0,91.0,21.0,24.0,46.0,61.0,0.0550887021475256,13214.0,124.0,2941.47,55.130710659898476,8.641843056280864,43.0,105.0,46.0,52.48157215118408,6.787102699279785,291.0,31,35,545,1.0,35.833333333333336,276.0,4034.0,93.0,2,0,0
p15,2020-02-06,4,5,8,4,7,4,371.0,56.0,95.0,427.0,0.0,53.0,267.0,51.0,56.0,0.0,78.0,17.0,23.0,38.0,53.0,0.0595382746051032,15784.0,116.0,3604.19,76.81135962330782,30.216330201827162,42.0,155.0,45.0,51.07762908935547,6.787092208862305,180.0,22,142,669,1.0,155.4,1466.0,12130.0,112.0,3,0,1
p15,2020-02-07,2,3,6,4,7,4,377.0,49.0,98.0,426.0,0.0,44.0,232.0,101.0,49.0,1.0,77.0,21.0,19.0,37.0,44.0,0.0493537015276145,17029.0,106.0,3668.64,78.36055917003692,29.19766565138974,43.0,152.0,49.0,52.649657249450684,6.787088394165039,201.0,19,140,654,1.0,169.4,1454.0,11482.0,111.0,4,0,0
p15,2020-02-08,2,3,6,3,7,2,444.0,87.0,96.0,531.0,0.0,73.0,309.0,62.0,87.0,0.0,70.0,18.0,14.0,38.0,73.0,0.0708215297450425,9556.0,113.0,2813.62,63.01571962375982,18.22596596440942,44.0,140.0,51.0,54.27710819244385,6.787087440490723,188.0,33,55,633,1.0,32.733333333333334,303.0,2842.0,113.0,5,1,0
p15,2020-02-09,2,4,5,2,8,2,503.0,81.0,94.0,584.0,0.0,45.0,372.0,86.0,81.0,22.0,85.0,19.0,21.0,45.0,44.0,0.061900610287707,15059.0,124.0,2881.5499999999997,64.72935919569412,19.567774537515994,44.0,125.0,46.0,53.69105529785156,6.787087440490723,123.0,22,94,617,1.0,141.41666666666666,970.0,12220.0,91.0,6,1,0
p15,2020-02-10,2,2,0,3,7,2,440.0,91.0,94.0,531.0,0.0,49.0,299.0,92.0,91.0,21.0,81.0,20.0,23.0,38.0,48.0,0.0838095238095238,4348.0,79.0,2184.22,51.62498070094179,5.903434346110999,42.0,98.0,44.0,51.83596706390381,6.787087440490723,201.0,0,0,708,,,,,,0,0,0
p15,2020-02-11,3,4,5,4,8,4,486.0,65.0,95.0,551.0,0.0,84.0,303.0,99.0,65.0,23.0,90.0,22.0,22.0,46.0,84.0,0.0722781335773101,14919.0,122.0,3133.0,52.862141584318806,9.968548096310384,42.0,121.0,45.0,50.800506591796875,6.787087440490723,174.0,57,84,574,2.0,67.41666666666666,530.0,7432.0,90.0,1,0,0
p15,2020-02-12,4,4,6,4,7,4,412.0,66.0,96.0,478.0,0.0,57.0,269.0,86.0,66.0,22.0,81.0,21.0,22.0,38.0,57.0,0.0704375667022411,13852.0,122.0,2977.16,52.619219653179194,6.908713258275926,43.0,110.0,46.0,51.11022472381592,6.787087440490723,219.0,29,65,649,2.0,71.68333333333334,549.0,7420.0,86.5,2,0,1
p15,2020-02-13,3,3,4,4,7,2,455.0,63.0,94.0,518.0,0.0,74.0,278.0,103.0,63.0,22.0,86.0,22.0,22.0,42.0,74.0,0.0705190989226248,13446.0,122.0,2921.0699999999997,52.17121184757089,8.91763137925515,42.0,126.0,44.0,49.893311500549316,6.787087440490723,182.0,15,76,649,2.0,78.51666666666667,657.0,8107.0,100.5,3,0,0
p15,2020-02-15,3,3,3,4,8,4,456.0,56.0,95.0,512.0,0.0,88.0,286.0,82.0,56.0,23.0,76.0,21.0,13.0,42.0,88.0,0.0741463414634146,19953.0,167.0,3353.98,74.06774418836676,29.33405238940778,45.0,169.0,50.0,51.487457275390625,6.787087440490723,151.0,23,121,633,2.0,147.83333333333331,1319.0,15792.0,112.0,5,1,0
p15,2020-02-16,3,3,6,4,8,3,541.0,87.0,96.0,628.0,0.0,103.0,310.0,128.0,87.0,21.0,86.0,23.0,19.0,44.0,103.0,0.0712570056044835,6658.0,116.0,2479.56,54.73013493253373,6.456075391595372,43.0,89.0,47.0,52.10250473022461,6.787087440490723,269.0,4,3,536,,,,,,6,1,0
p15,2020-02-17,3,3,8,4,8,4,410.0,56.0,94.0,466.0,0.0,63.0,271.0,76.0,56.0,0.0,79.0,20.0,20.0,39.0,62.0,0.0596026490066225,14382.0,113.0,3239.24,72.64049498613186,26.48263255344463,47.0,154.0,50.0,53.342894554138184,6.787087440490723,166.0,27,104,677,2.0,131.96666666666667,1156.0,10528.0,105.5,0,0,0
p15,2020-02-18,3,3,7,3,8,3,565.0,61.0,93.0,626.0,0.0,83.0,363.0,119.0,61.0,22.0,90.0,22.0,22.0,46.0,82.0,0.0575539568345323,17397.0,121.0,3656.67,78.48521505376344,31.11564263187648,45.0,149.0,48.0,53.59341239929199,6.787087440490723,137.0,54,151,472,2.0,168.76666666666665,1568.0,13955.0,109.5,1,0,0
p15,2020-02-19,3,4,7,4,8,4,508.0,62.0,97.0,570.0,0.0,78.0,300.0,130.0,62.0,23.0,90.0,22.0,22.0,46.0,78.0,0.0595968448729184,15571.0,132.0,3436.59,76.78673286151896,31.163538177350603,44.0,167.0,48.0,53.359418869018555,6.787087440490723,169.0,13,131,557,1.0,123.33333333333333,1221.0,9981.0,121.0,2,0,0
p15,2020-02-22,3,3,5,4,8,4,548.0,69.0,96.0,617.0,0.0,84.0,343.0,121.0,69.0,22.0,88.0,22.0,21.0,45.0,83.0,0.0582995951417004,14646.0,118.0,3536.85,74.43095238095238,27.441113957540956,46.0,137.0,50.0,54.59869956970215,6.787087440490723,202.0,62,117,442,1.0,124.76666666666667,1106.0,8539.0,109.0,5,1,0
p15,2020-02-23,3,4,7,4,9,5,555.0,70.0,95.0,625.0,0.0,81.0,371.0,103.0,70.0,23.0,88.0,21.0,21.0,46.0,81.0,0.0516962843295638,19967.0,121.0,3090.0099999999998,67.68065591995553,18.103765838342,46.0,118.0,50.0,54.92684078216553,6.787087440490723,146.0,59,103,507,1.0,184.56666666666666,1179.0,16254.0,88.0,6,1,0
p15,2020-02-24,2,3,6,3,8,4,353.0,71.0,95.0,424.0,0.0,63.0,207.0,83.0,71.0,23.0,79.0,22.0,22.0,35.0,63.0,0.0521091811414392,13130.0,123.0,2932.35,55.1211665098777,7.794548155594054,44.0,122.0,47.0,53.66111469268799,6.787087440490723,197.0,12,73,734,2.0,72.15,638.0,7790.0,104.0,0,0,0
p15,2020-02-26,3,4,8,4,8,3,483.0,61.0,96.0,544.0,0.0,82.0,278.0,123.0,61.0,22.0,86.0,22.0,19.0,45.0,82.0,0.0633608815426997,17773.0,128.0,3589.12,55.527332431910374,8.245629989401522,43.0,122.0,47.0,52.48948955535889,6.787087440490723,245.0,61,108,482,2.0,67.41666666666666,609.0,6388.0,110.5,2,0,0
p15,2020-02-27,3,3,7,3,7,4,391.0,47.0,96.0,438.0,0.0,64.0,241.0,86.0,47.0,22.0,83.0,22.0,21.0,40.0,63.0,0.0435835351089588,11439.0,125.0,2781.7599999999998,54.78772736358185,6.379955466876015,43.0,110.0,47.0,52.62321949005127,6.787087440490723,211.0,16,45,730,1.0,40.96666666666667,341.0,4229.0,97.0,3,0,0
p15,2020-02-28,3,4,8,4,8,4,413.0,65.0,96.0,478.0,0.0,87.0,239.0,87.0,65.0,23.0,78.0,22.0,19.0,37.0,86.0,0.0658307210031347,17036.0,114.0,3572.0099999999998,59.303690685413,9.628950372135405,45.0,150.0,49.0,53.252747535705566,6.787087440490723,225.0,30,123,584,3.0,132.06666666666666,1146.0,10869.0,107.0,4,0,0
p15,2020-03-01,3,3,7,3,8,3,433.0,45.0,98.0,478.0,0.0,55.0,293.0,85.0,45.0,1.0,85.0,21.0,21.0,43.0,55.0,0.056544502617801,15142.0,110.0,3296.81,73.84849388607218,23.485193112981214,45.0,143.0,51.0,55.15640068054199,6.787087440490723,214.0,34,111,603,1.0,167.23333333333332,1272.0,11722.0,99.0,6,1,0
p15,2020-03-02,3,3,7,4,6,4,323.0,46.0,97.0,369.0,0.0,46.0,215.0,62.0,46.0,1.0,76.0,20.0,23.0,33.0,46.0,0.0595399188092016,10536.0,123.0,2787.98,56.760149812734085,7.747871805100368,45.0,124.0,48.0,53.78923034667969,6.787087440490723,204.0,23,45,799,2.0,30.71666666666667,270.0,2837.0,105.0,0,0,0
p15,2020-03-17,3,4,5,4,8,4,433.0,63.0,97.0,496.0,0.0,84.0,240.0,109.0,63.0,23.0,87.0,22.0,23.0,42.0,84.0,0.0508298755186722,12505.0,140.0,3454.22,51.00469249201278,7.550970283146529,44.0,140.0,46.0,52.56961727142334,16.255444526672363,168.0,20,136,620,2.0,171.1,1349.0,6463.0,106.5,1,0,0
p15,2020-03-18,4,4,7,4,8,3,489.0,53.0,96.0,542.0,0.0,99.0,275.0,115.0,53.0,22.0,92.0,23.0,23.0,46.0,98.0,0.0514499532273152,16445.0,140.0,3885.97,53.53190376569037,17.9828012970823,42.0,159.0,45.0,52.48140621185303,17.963815689086914,152.0,14,181,551,2.0,190.73333333333335,1897.0,11724.0,125.0,2,0,1
p15,2020-03-20,2,3,7,4,8,4,458.0,49.0,96.0,507.0,0.0,76.0,293.0,89.0,49.0,23.0,88.0,21.0,24.0,43.0,75.0,0.0446428571428571,15865.0,126.0,3035.09,48.5004095004095,6.368609644187727,42.0,111.0,44.0,52.36586284637451,20.00162410736084,131.0,11,115,676,1.0,151.16666666666666,1109.0,13714.0,98.0,4,0,0
p15,2020-03-22,2,3,7,3,8,4,483.0,52.0,98.0,535.0,0.0,80.0,310.0,93.0,52.0,23.0,91.0,21.0,24.0,46.0,80.0,0.0438512869399428,9364.0,135.0,3996.23,59.693466116103956,28.16996499212527,41.0,159.0,43.0,49.79665565490723,7.676513671875,171.0,75,154,505,2.0,161.96666666666667,1380.0,1379.0,110.5,6,1,0
p15,2020-03-23,3,3,8,3,7,3,390.0,68.0,98.0,458.0,0.0,14.0,306.0,70.0,68.0,0.0,73.0,16.0,22.0,35.0,14.0,0.0588876772082878,8809.0,124.0,2728.2799999999997,48.56362354599929,5.125497187687922,40.0,101.0,44.0,49.68869686126709,7.072833061218262,156.0,3,55,768,1.0,56.31666666666667,500.0,6282.0,104.0,0,0,0
p15,2020-03-26,3,3,8,4,7,3,456.0,69.0,96.0,525.0,0.0,80.0,282.0,94.0,69.0,23.0,85.0,22.0,22.0,41.0,80.0,0.0522749273959341,4076.0,108.0,2286.4,49.53830369357045,4.051866520650702,42.0,107.0,46.0,50.29250907897949,6.79734992980957,137.0,10,13,755,1.0,114.03333333333333,538.0,0.0,127.0,3,0,0
p15,2020-03-27,2,4,7,4,8,4,507.0,79.0,97.0,586.0,0.0,70.0,317.0,120.0,79.0,23.0,89.0,22.0,22.0,45.0,70.0,0.0580589254766031,8976.0,121.0,3404.72,48.05613496932515,4.035920613833987,41.0,100.0,44.0,49.91049671173096,6.790488243103027,226.0,38,84,506,1.0,47.78333333333333,407.0,4595.0,106.0,4,0,0
p15,2020-03-28,4,4,8,4,8,3,440.0,63.0,93.0,503.0,0.0,21.0,325.0,94.0,63.0,23.0,84.0,20.0,21.0,43.0,21.0,0.0643153526970954,6581.0,136.0,3705.36,53.178285714285714,18.84353491649764,41.0,171.0,44.0,49.79629898071289,6.788214683532715,160.0,10,119,648,1.0,131.35,1520.0,0.0,150.0,5,1,1
p15,2020-03-29,2,3,6,3,7,4,497.0,51.0,98.0,608.0,0.0,78.0,249.0,170.0,51.0,23.0,90.0,22.0,22.0,46.0,77.0,0.0444078947368421,13796.0,118.0,3199.5699999999997,49.49470967741936,4.095486565558457,41.0,128.0,45.0,49.70303249359131,6.787461280822754,211.0,24,92,565,3.0,56.3,461.0,4558.0,105.66666666666667,6,1,0
p15,2020-03-30,2,3,5,3,7,2,498.0,62.0,96.0,560.0,0.0,68.0,315.0,115.0,62.0,23.0,87.0,22.0,20.0,45.0,68.0,0.0561998215878679,5241.0,105.0,3566.68,50.06990348054987,16.264456980613872,41.0,166.0,43.0,49.322346687316895,6.7872114181518555,186.0,10,104,580,1.0,128.8,1035.0,0.0,133.0,0,0,0
p16,2019-11-15,3,4,5,4,6,3,388.0,44.0,94.0,432.0,0.0,93.0,221.0,74.0,44.0,2.0,78.0,19.0,21.0,38.0,93.0,0.0971098265895953,4553.0,120.0,2126.85,69.33333333333333,8.591706713012533,48.0,127.0,58.0,68.85928726196289,6.787087440490723,102.0,5,8,893,,,,,,4,0,0
p16,2019-11-16,3,4,4,4,7,3,433.0,59.0,91.0,492.0,0.0,117.0,224.0,92.0,59.0,3.0,85.0,22.0,21.0,42.0,117.0,0.1097308488612836,2679.0,113.0,2078.7,67.24920962199313,8.948261013498804,49.0,129.0,56.0,67.79998588562012,6.787087440490723,135.0,0,0,813,,,,,,5,1,0
p16,2019-11-17,3,4,4,3,7,3,445.0,82.0,96.0,527.0,0.0,140.0,257.0,48.0,82.0,5.0,79.0,19.0,22.0,38.0,139.0,0.0976303317535545,1594.0,47.0,1943.83,69.11058627396498,7.661466239136734,51.0,109.0,59.0,68.6587142944336,6.787087440490723,89.0,0,0,824,,,,,,6,1,0
p16,2019-11-18,3,3,4,3,8,3,463.0,79.0,89.0,542.0,0.0,106.0,295.0,62.0,79.0,5.0,77.0,18.0,20.0,39.0,106.0,0.1470860314523589,1838.0,116.0,1970.24,68.30140777283118,9.069924736220587,49.0,111.0,56.0,67.63545989990234,6.787087440490723,67.0,9,4,818,,,,,,0,0,0
p16,2019-11-19,3,4,5,4,6,3,355.0,60.0,92.0,415.0,0.0,92.0,207.0,56.0,60.0,6.0,73.0,18.0,21.0,34.0,92.0,0.103030303030303,1998.0,111.0,1976.1599999999999,70.63089581643295,8.378445832233307,49.0,116.0,58.0,67.5720911026001,6.787087440490723,90.0,0,0,935,1.0,15.366666666666667,82.0,942.0,106.0,1,0,0
p16,2019-11-20,2,3,3,3,7,2,404.0,74.0,88.0,478.0,0.0,93.0,250.0,61.0,74.0,4.0,72.0,17.0,19.0,36.0,93.0,0.1661409043112513,1233.0,53.0,1952.9599999999998,71.24400844405811,8.887953547203956,51.0,113.0,58.0,68.00915813446045,6.787087440490723,91.0,0,0,871,,,,,,2,0,0
p16,2019-11-21,2,3,4,3,7,3,372.0,60.0,90.0,432.0,0.0,95.0,212.0,65.0,60.0,3.0,74.0,18.0,21.0,35.0,95.0,0.1028901734104046,5438.0,149.0,2213.5,71.01928374655647,10.16531829995214,51.0,122.0,58.0,68.19139003753662,6.787087440490723,117.0,3,8,880,,,,,,3,0,0
p16,2019-11-22,2,3,5,3,8,2,494.0,90.0,87.0,584.0,0.0,130.0,278.0,86.0,90.0,4.0,83.0,20.0,19.0,44.0,129.0,0.1432246998284734,4593.0,117.0,2245.97,71.96266901822457,11.524348176845665,51.0,127.0,58.0,68.89485454559326,6.787087440490723,118.0,22,7,709,,,,,,4,0,0
p16,2019-11-23,3,3,4,3,7,3,413.0,66.0,91.0,479.0,0.0,103.0,245.0,65.0,66.0,6.0,74.0,18.0,19.0,37.0,103.0,0.132429614181439,2103.0,113.0,1974.9499999999998,70.3136087176888,8.124153979904957,50.0,108.0,59.0,69.17442226409912,6.787087440490723,88.0,0,0,873,,,,,,5,1,0
p16,2019-11-24,4,4,5,3,7,3,410.0,64.0,93.0,474.0,0.0,108.0,249.0,53.0,64.0,6.0,77.0,18.0,21.0,38.0,108.0,0.1067235859124866,1124.0,73.0,1880.3899999999999,69.52542615671108,7.821456207137441,52.0,108.0,58.0,68.77592372894287,6.787087440490723,79.0,0,0,887,,,,,,6,1,1
p16,2019-11-25,3,3,4,3,7,3,400.0,72.0,94.0,472.0,0.0,102.0,235.0,63.0,72.0,6.0,75.0,18.0,21.0,36.0,102.0,0.126865671641791,847.0,53.0,1871.1599999999999,69.71705963938973,8.867083129280884,52.0,107.0,57.0,68.20621109008789,6.787087440490723,56.0,0,0,912,,,,,,0,0,0
p16,2019-11-26,3,3,4,3,7,3,446.0,80.0,92.0,526.0,0.0,112.0,252.0,82.0,80.0,6.0,80.0,20.0,21.0,39.0,112.0,0.110576923076923,907.0,70.0,1896.58,68.2873030583874,9.38059545139223,48.0,105.0,55.0,66.95436668395996,6.787087440490723,67.0,0,0,847,,,,,,1,0,0
p16,2019-11-27,2,2,4,3,5,2,232.0,46.0,91.0,278.0,0.0,59.0,161.0,12.0,46.0,5.0,57.0,15.0,21.0,21.0,58.0,0.1059245960502693,4527.0,133.0,2168.77,70.83917083631165,9.463836827145178,51.0,124.0,59.0,67.5731029510498,6.787087440490723,104.0,9,12,1037,,,,,,2,0,0
p16,2019-11-28,3,3,4,3,6,4,367.0,53.0,93.0,420.0,0.0,80.0,226.0,61.0,53.0,3.0,75.0,18.0,21.0,36.0,80.0,0.1022592152199762,4089.0,145.0,2175.72,69.28245134309152,11.656522631500204,49.0,123.0,55.0,66.02267265319824,6.787087440490723,98.0,8,14,900,,,,,,3,0,0
p16,2019-11-29,3,3,4,3,9,3,533.0,84.0,87.0,617.0,0.0,142.0,293.0,98.0,84.0,3.0,85.0,21.0,20.0,44.0,142.0,0.1324611610793131,2965.0,121.0,2103.7799999999997,68.16278101582014,9.621021815423678,48.0,107.0,56.0,66.24518871307373,6.787087440490723,121.0,0,0,702,,,,,,4,0,0
p16,2019-11-30,3,4,4,3,8,3,506.0,63.0,96.0,569.0,0.0,132.0,255.0,119.0,63.0,5.0,91.0,24.0,22.0,45.0,132.0,0.0913081650570676,2061.0,112.0,2029.31,67.2740552130796,9.591583096827337,49.0,121.0,55.0,65.89618587493896,6.787087440490723,91.0,7,3,770,,,,,,5,1,0
p16,2019-12-01,3,4,5,3,7,3,413.0,46.0,96.0,459.0,0.0,105.0,244.0,64.0,46.0,6.0,80.0,18.0,22.0,40.0,104.0,0.092511013215859,1007.0,38.0,1873.8999999999999,65.90746489283075,7.363904898976083,49.0,95.0,56.0,66.12990474700928,6.787087440490723,69.0,0,0,912,,,,,,6,1,0
p16,2019-12-03,3,3,5,3,7,2,403.0,59.0,93.0,462.0,0.0,89.0,250.0,64.0,59.0,6.0,75.0,18.0,19.0,38.0,89.0,0.1184782608695652,865.0,54.0,1891.49,67.33608031165717,7.032957160188491,50.0,110.0,58.0,67.38138675689697,6.787087440490723,77.0,0,0,901,,,,,,1,0,0
p16,2019-12-04,4,3,5,2,8,4,473.0,68.0,94.0,541.0,0.0,106.0,277.0,90.0,68.0,5.0,83.0,20.0,22.0,41.0,106.0,0.0895660203139427,2232.0,70.0,2124.98,66.72003618272275,10.840695253595126,50.0,141.0,55.0,66.4039535522461,6.787087440490723,126.0,8,4,761,,,,,,2,0,1
p16,2019-12-05,3,3,4,3,7,4,404.0,56.0,94.0,460.0,0.0,88.0,255.0,61.0,56.0,5.0,77.0,17.0,21.0,39.0,88.0,0.1196013289036544,2445.0,114.0,2336.86,71.43533430941923,13.191923821586663,50.0,138.0,57.0,66.7825288772583,6.787087440490723,170.0,8,3,799,,,,,,3,0,0
p16,2019-12-06,3,3,4,3,6,3,384.0,37.0,93.0,421.0,0.0,98.0,209.0,77.0,37.0,6.0,76.0,20.0,18.0,38.0,97.0,0.1198102016607354,1866.0,110.0,2039.62,73.84037951723175,9.012003919662913,51.0,118.0,61.0,68.55153179168701,6.787087440490723,75.0,6,3,935,1.0,16.216666666666665,94.0,841.0,112.0,4,0,0
p16,2019-12-07,3,3,5,2,6,3,390.0,62.0,93.0,452.0,0.0,87.0,240.0,63.0,62.0,7.0,74.0,18.0,19.0,37.0,87.0,0.1053227633069082,487.0,56.0,1784.9299999999998,69.62124600638978,7.3880738660314185,49.0,106.0,57.0,68.08191299438477,6.787087440490723,36.0,0,0,952,,,,,,5,1,0
p16,2019-12-08,3,3,4,1,6,3,399.0,82.0,87.0,481.0,0.0,127.0,193.0,79.0,82.0,6.0,73.0,21.0,19.0,33.0,126.0,0.142707240293809,771.0,51.0,1844.52,69.8141649590164,7.417842165664764,52.0,104.0,58.0,68.24287223815918,6.787087440490723,56.0,0,0,903,,,,,,6,1,0
p16,2019-12-09,3,3,4,1,3,2,167.0,39.0,89.0,206.0,0.0,37.0,109.0,21.0,39.0,8.0,55.0,16.0,14.0,25.0,37.0,0.1259259259259259,5002.0,117.0,2233.22,73.20552260934025,9.76045885582361,58.0,121.0,62.0,69.79262924194336,9.654245376586914,124.0,9,6,1095,,,,,,0,0,0
p16,2019-12-10,3,3,5,3,8,3,483.0,56.0,94.0,539.0,0.0,81.0,296.0,106.0,56.0,5.0,88.0,21.0,21.0,46.0,81.0,0.0917516218721038,2938.0,131.0,2140.56,68.15522771007056,8.95681606801867,50.0,118.0,56.0,67.55006313323975,7.648791313171387,144.0,0,0,757,,,,,,1,0,0
p16,2019-12-11,3,4,5,4,8,3,466.0,66.0,94.0,532.0,0.0,133.0,275.0,58.0,66.0,6.0,81.0,19.0,21.0,41.0,133.0,0.0953729933899905,871.0,52.0,1954.6999999999998,71.40104238101769,11.838159637572488,50.0,115.0,57.0,66.6323356628418,7.064194679260254,71.0,0,0,837,,,,,,2,0,0
p16,2019-12-12,3,3,4,3,8,3,478.0,70.0,90.0,548.0,0.0,87.0,302.0,89.0,70.0,5.0,80.0,19.0,20.0,41.0,87.0,0.1261595547309833,1608.0,117.0,1959.4699999999998,68.6438321536906,10.376336071702914,47.0,109.0,56.0,65.75046253204346,6.878055572509766,60.0,6,4,822,,,,,,3,0,0
p16,2019-12-13,3,5,4,4,7,3,401.0,62.0,91.0,463.0,0.0,86.0,230.0,85.0,62.0,7.0,75.0,20.0,19.0,36.0,86.0,0.1326860841423948,2942.0,113.0,2128.46,70.04677861549006,11.042367807365387,51.0,140.0,58.0,66.47550773620605,6.8171491622924805,104.0,3,6,864,,,,,,4,0,0
p16,2019-12-21,3,3,5,3,10,4,505.0,66.0,92.0,571.0,0.0,154.0,250.0,101.0,66.0,5.0,89.0,23.0,21.0,45.0,154.0,0.1076115485564304,866.0,81.0,1921.85,68.71573327522336,8.34941250188448,51.0,113.0,57.0,65.60495948791504,6.807579040527344,60.0,0,0,809,,,,,,5,1,0
p16,2019-12-22,3,3,4,3,8,3,495.0,70.0,93.0,565.0,0.0,137.0,312.0,46.0,70.0,5.0,85.0,19.0,21.0,45.0,137.0,0.1078691423519009,947.0,79.0,1947.6999999999998,69.19249329758713,9.400016170397555,48.0,108.0,56.0,65.19553184509277,6.793876647949219,69.0,0,0,806,,,,,,6,1,0
p16,2019-12-23,3,4,4,4,7,3,402.0,69.0,94.0,471.0,0.0,113.0,231.0,58.0,69.0,5.0,75.0,18.0,22.0,35.0,112.0,0.1157112526539278,1828.0,70.0,2094.49,68.10672823218998,11.219520625869292,47.0,107.0,53.0,64.71516513824463,6.789338111877441,126.0,0,0,843,,,,,,0,0,0
p16,2019-12-24,3,5,3,4,6,4,362.0,51.0,91.0,413.0,0.0,69.0,219.0,74.0,51.0,5.0,77.0,19.0,22.0,36.0,69.0,0.1127450980392156,4974.0,107.0,2372.85,72.13427127441607,12.264063029272311,48.0,111.0,54.0,64.67836952209473,6.787833213806152,147.0,27,0,853,1.0,29.0,169.0,2223.0,101.0,1,0,0
p16,2019-12-25,3,3,4,3,8,3,504.0,58.0,92.0,562.0,0.0,132.0,239.0,133.0,58.0,6.0,89.0,24.0,19.0,46.0,132.0,0.105829596412556,2354.0,101.0,2071.02,70.40647341739243,10.994479052409963,49.0,112.0,55.0,65.35145664215088,6.787334442138672,92.0,8,2,776,,,,,,2,0,0
p16,2019-12-26,3,3,4,3,8,4,475.0,79.0,92.0,554.0,0.0,130.0,271.0,74.0,79.0,4.0,80.0,20.0,20.0,40.0,130.0,0.1253381424706943,1224.0,52.0,1968.73,67.16815945502712,9.763380496475389,49.0,100.0,54.0,65.22792339324951,6.787169456481934,85.0,0,0,801,,,,,,3,0,0
p16,2019-12-27,2,3,4,3,6,2,357.0,56.0,92.0,413.0,0.0,74.0,235.0,48.0,56.0,5.0,72.0,17.0,21.0,34.0,73.0,0.0931076178960096,8280.0,105.0,2749.09,72.10874389702619,12.814906243263279,48.0,125.0,56.0,65.66787052154541,6.787114143371582,228.0,48,12,739,1.0,27.3,164.0,2160.0,102.0,4,0,0
p16,2019-12-29,3,4,4,4,6,3,391.0,53.0,90.0,444.0,0.0,106.0,206.0,79.0,53.0,6.0,78.0,20.0,21.0,37.0,106.0,0.1124859392575928,1556.0,67.0,1955.9599999999998,67.88592046675879,8.178316739830397,52.0,102.0,57.0,68.18885040283203,6.787090301513672,89.0,0,0,907,,,,,,6,1,0
p16,2019-12-30,2,3,4,3,5,3,291.0,35.0,91.0,326.0,0.0,54.0,209.0,28.0,35.0,5.0,67.0,16.0,20.0,31.0,54.0,0.1056661562021439,7533.0,115.0,2756.74,80.1842700015067,13.959165226466729,56.0,138.0,62.0,70.4347152709961,7.7206621170043945,274.0,16,7,817,1.0,24.75,147.0,1858.0,108.0,0,0,0
p16,2019-12-31,3,4,5,4,8,4,476.0,49.0,98.0,525.0,0.0,132.0,243.0,101.0,49.0,6.0,87.0,23.0,22.0,42.0,132.0,0.0761179828734538,1659.0,43.0,2020.9099999999999,74.74488332681528,12.704605703634432,51.0,133.0,59.0,70.72243881225586,7.086556434631348,100.0,0,0,815,,,,,,1,0,0
p16,2020-01-01,2,4,3,4,7,3,458.0,78.0,87.0,536.0,0.0,98.0,266.0,94.0,78.0,7.0,74.0,20.0,14.0,40.0,98.0,0.1446241674595623,1731.0,60.0,2381.29,82.50814155449414,14.867351777818529,55.0,137.0,65.0,72.97884845733643,7.9307355880737305,184.0,10,0,710,,,,,,2,0,0
p16,2020-01-07,2,3,3,3,5,2,334.0,65.0,91.0,399.0,0.0,68.0,238.0,28.0,65.0,8.0,68.0,16.0,22.0,30.0,67.0,0.1031446540880503,644.0,61.0,1841.12,69.8208143651998,7.992812424671743,50.0,102.0,56.0,66.49956130981445,6.788517951965332,50.0,0,0,991,,,,,,1,0,0
p16,2020-01-08,3,3,4,3,6,3,369.0,53.0,92.0,422.0,0.0,64.0,232.0,73.0,53.0,7.0,77.0,19.0,21.0,37.0,64.0,0.0968944099378882,1071.0,58.0,1942.23,69.38953635672662,7.611239960519621,51.0,105.0,59.0,67.52813816070557,6.787561416625977,91.0,0,0,927,,,,,,2,0,0
p16,2020-01-09,3,3,4,3,6,3,373.0,67.0,88.0,440.0,0.0,116.0,219.0,38.0,67.0,6.0,70.0,18.0,18.0,34.0,115.0,0.1078320090805902,614.0,33.0,1852.36,69.80282719961004,6.824222678267451,52.0,105.0,59.0,67.79741954803467,6.78724479675293,57.0,0,0,943,,,,,,3,0,0
p16,2020-01-10,3,4,5,3,8,4,479.0,74.0,94.0,553.0,0.0,119.0,286.0,74.0,74.0,6.0,80.0,19.0,21.0,40.0,119.0,0.1120144534778681,2089.0,112.0,1955.32,66.07862777012646,8.988058846226734,48.0,122.0,54.0,65.60892963409424,6.787138938903809,67.0,8,5,807,1.0,15.366666666666667,94.0,991.0,110.0,4,0,0
p16,2020-01-11,2,3,3,3,5,2,299.0,52.0,87.0,351.0,0.0,53.0,199.0,47.0,52.0,8.0,63.0,17.0,16.0,30.0,53.0,0.1806543385490754,1609.0,89.0,2003.6999999999998,71.39580981056329,8.342467583162701,53.0,118.0,59.0,66.7468729019165,6.787104606628418,100.0,0,0,989,,,,,,5,1,0
p16,2020-01-12,3,3,4,3,8,4,473.0,90.0,93.0,563.0,0.0,105.0,306.0,62.0,90.0,6.0,77.0,18.0,21.0,38.0,105.0,0.1053571428571428,1249.0,54.0,1917.37,65.6901796060255,8.872658882487208,48.0,100.0,54.0,65.36594009399414,6.787093162536621,84.0,0,0,793,,,,,,6,1,0
p16,2020-01-13,3,4,4,4,6,3,389.0,64.0,90.0,453.0,0.0,94.0,229.0,66.0,64.0,7.0,73.0,18.0,19.0,36.0,94.0,0.1234840132304299,861.0,46.0,1874.0,68.48802356859228,7.968380298180755,51.0,103.0,57.0,65.60023021697998,6.7870893478393555,62.0,0,0,925,,,,,,0,0,0
p16,2020-01-14,3,3,4,3,7,4,430.0,57.0,95.0,487.0,0.0,86.0,254.0,90.0,57.0,6.0,83.0,20.0,21.0,42.0,86.0,0.0985324947589098,693.0,25.0,1865.1299999999999,67.37083171143117,7.666485614865362,49.0,98.0,56.0,65.29620933532715,6.787087440490723,66.0,0,0,887,,,,,,1,0,0
p16,2020-01-15,2,3,4,2,6,3,372.0,60.0,92.0,432.0,0.0,111.0,195.0,66.0,60.0,8.0,75.0,19.0,20.0,36.0,110.0,0.128235294117647,827.0,64.0,1904.1,68.54571007897202,7.930100755541693,50.0,106.0,57.0,65.65274333953857,6.787087440490723,69.0,0,0,939,,,,,,2,0,0
p16,2020-01-16,2,3,4,3,6,2,358.0,47.0,98.0,405.0,0.0,98.0,196.0,64.0,47.0,6.0,76.0,19.0,22.0,35.0,98.0,0.0939431396786155,1205.0,64.0,1937.48,68.17423754986488,8.46148121761622,50.0,122.0,55.0,64.55492687225342,6.787087440490723,82.0,0,0,953,,,,,,3,0,0
p16,2020-01-17,3,3,4,2,7,2,443.0,53.0,91.0,496.0,0.0,114.0,256.0,73.0,53.0,6.0,79.0,19.0,18.0,42.0,113.0,0.1311806256306761,2789.0,112.0,2194.49,71.19707355655154,11.794596569798145,49.0,145.0,56.0,65.17023658752441,6.787087440490723,129.0,9,3,803,1.0,15.35,87.0,993.0,102.0,4,0,0
p16,2020-01-19,3,3,5,3,6,3,363.0,51.0,95.0,414.0,0.0,86.0,219.0,58.0,51.0,5.0,76.0,18.0,22.0,36.0,85.0,0.0920245398773006,1129.0,51.0,1909.7099999999998,67.07527144077102,8.220860495211463,48.0,105.0,55.0,64.79638195037842,6.787087440490723,84.0,0,0,942,,,,,,6,1,0
p16,2020-01-20,3,3,4,3,6,3,378.0,50.0,93.0,428.0,0.0,69.0,233.0,76.0,50.0,5.0,76.0,19.0,20.0,37.0,69.0,0.0921820303383897,1975.0,111.0,1997.5,67.95809863992307,9.065850361146643,46.0,115.0,55.0,64.9463119506836,6.787087440490723,89.0,0,0,923,1.0,17.916666666666668,96.0,951.0,105.0,0,0,0
p16,2020-01-21,2,3,3,2,4,3,279.0,48.0,89.0,327.0,0.0,58.0,181.0,40.0,48.0,5.0,66.0,17.0,18.0,31.0,58.0,0.1137440758293838,4620.0,114.0,2298.0899999999997,73.19281094901488,10.417176760290555,51.0,147.0,57.0,65.75829410552979,6.787087440490723,110.0,6,18,979,,,,,,1,0,0
p16,2020-01-22,3,3,5,4,7,3,462.0,65.0,92.0,527.0,0.0,123.0,256.0,83.0,65.0,6.0,79.0,20.0,18.0,41.0,123.0,0.1004739336492891,2130.0,104.0,2027.8799999999999,70.59705524787249,10.092901455738332,50.0,113.0,57.0,66.80061626434326,6.787087440490723,90.0,0,0,823,,,,,,2,0,0
p16,2020-01-24,4,3,4,4,8,4,477.0,67.0,89.0,544.0,0.0,120.0,280.0,77.0,67.0,6.0,80.0,19.0,20.0,41.0,120.0,0.1204044117647058,802.0,48.0,1886.4099999999999,68.31770968579589,8.696304176125938,49.0,99.0,56.0,67.46186542510986,6.787087440490723,69.0,0,0,827,,,,,,4,0,1
p16,2020-01-25,3,3,5,3,6,3,370.0,34.0,97.0,404.0,0.0,94.0,204.0,72.0,34.0,8.0,80.0,20.0,21.0,39.0,94.0,0.1022443890274314,1980.0,106.0,2007.59,70.45722207552151,10.060477626941745,50.0,113.0,56.0,67.26166534423828,6.787087440490723,88.0,0,0,948,,,,,,5,1,0
p16,2020-01-26,4,4,4,4,6,4,383.0,68.0,97.0,451.0,0.0,97.0,254.0,32.0,68.0,7.0,71.0,16.0,20.0,35.0,97.0,0.1023359288097886,757.0,49.0,1922.77,71.64881565396499,8.855098418774379,50.0,107.0,58.0,67.64591312408447,6.787087440490723,57.0,0,0,932,,,,,,6,1,1
p16,2020-01-27,3,3,5,4,7,3,411.0,51.0,90.0,462.0,0.0,98.0,270.0,43.0,51.0,7.0,77.0,17.0,21.0,39.0,98.0,0.112938596491228,2118.0,109.0,2015.78,69.89308510638298,10.270461691289546,49.0,122.0,56.0,67.22856903076172,6.787087440490723,101.0,0,0,877,,,,,,0,0,0
p16,2020-01-28,2,2,4,2,5,3,307.0,44.0,92.0,351.0,0.0,79.0,192.0,36.0,44.0,8.0,68.0,16.0,20.0,32.0,79.0,0.1219512195121951,954.0,54.0,1936.83,71.30956352515986,7.31545370611982,54.0,105.0,61.0,68.8093614578247,6.787087440490723,78.0,0,0,1011,,,,,,1,0,0
p16,2020-01-29,3,3,4,2,6,3,371.0,56.0,93.0,427.0,0.0,70.0,214.0,87.0,56.0,8.0,79.0,21.0,22.0,36.0,70.0,0.0887573964497041,2126.0,109.0,2018.8799999999999,70.78726807421626,11.243235521458935,51.0,123.0,57.0,68.32095527648926,6.787087440490723,94.0,5,4,910,,,,,,2,0,0
p16,2020-02-01,4,3,4,3,6,4,388.0,45.0,91.0,433.0,0.0,97.0,187.0,104.0,45.0,8.0,81.0,22.0,21.0,38.0,97.0,0.1352601156069364,1217.0,48.0,1991.28,71.0977240398293,9.630252573533713,51.0,113.0,58.0,68.60857105255127,7.149294853210449,95.0,0,0,912,,,,,,5,1,1
p16,2020-02-02,3,3,5,2,6,3,376.0,41.0,93.0,417.0,0.0,92.0,227.0,57.0,41.0,7.0,76.0,18.0,20.0,38.0,91.0,0.1209580838323353,1372.0,51.0,1952.8899999999999,67.9861131413536,8.35339410610298,50.0,111.0,55.0,66.86806964874268,6.905632972717285,102.0,0,0,921,,,,,,6,1,0
p16,2020-02-04,3,3,4,3,6,3,393.0,60.0,94.0,453.0,0.0,85.0,219.0,89.0,60.0,7.0,79.0,21.0,21.0,37.0,85.0,0.1046770601336302,589.0,35.0,1839.02,66.96477794793262,8.67495739543799,48.0,103.0,54.0,66.08078193664551,6.800045013427734,50.0,0,0,937,,,,,,1,0,0
p16,2020-02-07,3,3,4,3,7,4,433.0,70.0,93.0,503.0,0.0,81.0,254.0,98.0,70.0,7.0,82.0,21.0,21.0,40.0,81.0,0.1027944111776447,2583.0,113.0,2070.54,64.47379324632277,10.761894169232098,47.0,104.0,52.0,64.73645305633545,6.787558555603027,108.0,0,0,829,,,,,,4,0,0
p16,2020-02-10,1,3,3,2,6,3,,,,,,,,,,,,,,,,,337.0,53.0,1763.9699999999998,69.54800238521169,4.603839440539418,59.0,87.0,63.0,65.97100353240967,13.375149726867676,24.0,0,0,1416,,,,,,0,0,0
p16,2020-02-11,4,4,4,4,12,4,733.0,113.0,88.0,846.0,0.0,178.0,354.0,201.0,113.0,1.0,87.0,25.0,20.0,42.0,178.0,0.1213735938425103,1974.0,112.0,2011.04,64.80280416101311,10.543222457259603,47.0,104.0,51.0,64.16094207763672,8.552759170532227,87.0,0,0,507,,,,,,1,0,1
p16,2020-02-12,3,3,5,3,5,3,349.0,50.0,92.0,399.0,0.0,67.0,234.0,48.0,50.0,9.0,72.0,17.0,20.0,35.0,67.0,0.1212121212121212,1052.0,44.0,1956.1799999999998,67.68791796700847,8.661851228286135,49.0,99.0,56.0,65.4623966217041,7.337525367736816,76.0,0,0,965,,,,,,2,0,0
p16,2020-02-13,3,3,5,3,6,3,348.0,49.0,96.0,397.0,0.0,75.0,207.0,66.0,49.0,7.0,75.0,19.0,21.0,35.0,75.0,0.0943396226415094,1929.0,113.0,2063.93,67.61957484499557,10.45526704530487,50.0,117.0,56.0,66.13138675689697,6.966041564941406,99.0,0,0,944,,,,,,3,0,0
p16,2020-02-16,2,3,5,3,5,3,294.0,32.0,96.0,326.0,0.0,69.0,168.0,57.0,32.0,9.0,74.0,19.0,23.0,32.0,68.0,0.0781010719754977,782.0,54.0,1875.54,67.07722184144392,7.552253967848242,51.0,100.0,57.0,67.2634973526001,6.793549537658691,56.0,0,0,1058,,,,,,6,1,0
p16,2020-02-17,2,2,3,2,7,2,458.0,114.0,87.0,572.0,0.0,119.0,289.0,50.0,114.0,7.0,73.0,18.0,20.0,35.0,118.0,0.1502183406113537,1957.0,107.0,2003.09,65.0075723830735,9.768878970129133,51.0,129.0,55.0,66.91415977478027,6.789229393005371,66.0,13,1,788,,,,,,0,0,0
p16,2020-02-18,1,3,3,2,5,4,285.0,48.0,94.0,333.0,0.0,57.0,136.0,92.0,48.0,9.0,76.0,21.0,23.0,32.0,57.0,0.0957792207792207,928.0,45.0,1954.25,66.75800256081946,10.547646380262577,48.0,119.0,53.0,65.24983787536621,6.787796974182129,75.0,0,0,1032,,,,,,1,0,0
p16,2020-02-20,3,4,4,3,6,2,398.0,59.0,94.0,457.0,0.0,107.0,217.0,74.0,59.0,8.0,78.0,20.0,21.0,37.0,106.0,0.1049180327868852,1144.0,61.0,2000.82,65.71731299004026,9.208789315819107,49.0,123.0,55.0,65.45466804504395,6.787164688110352,87.0,0,0,896,,,,,,3,0,0
p16,2020-02-22,2,3,3,3,6,2,395.0,100.0,87.0,495.0,0.0,82.0,279.0,34.0,100.0,9.0,66.0,16.0,20.0,30.0,82.0,0.1366396761133603,7433.0,122.0,2939.7999999999997,72.02629981792434,20.62361718515968,48.0,146.0,55.0,66.37638664245605,6.78709602355957,161.0,79,51,654,2.0,54.63333333333333,372.0,4638.0,110.5,5,1,0
p16,2020-02-27,2,3,4,2,5,3,320.0,61.0,91.0,381.0,0.0,76.0,192.0,52.0,61.0,9.0,67.0,17.0,20.0,30.0,76.0,0.1297509829619921,848.0,52.0,1911.32,67.42853123241419,8.181936729077258,49.0,100.0,57.0,67.46240520477295,6.787087440490723,66.0,0,0,993,,,,,,3,0,0
p16,2020-02-28,3,3,4,3,6,3,378.0,61.0,90.0,439.0,0.0,85.0,200.0,93.0,61.0,10.0,76.0,22.0,19.0,35.0,85.0,0.1413911060433295,1989.0,112.0,2008.03,68.19721066797162,8.11368453301737,51.0,98.0,58.0,68.03761386871338,6.787087440490723,91.0,0,0,910,,,,,,4,0,0
p16,2020-03-05,3,3,4,3,6,3,397.0,71.0,86.0,468.0,0.0,112.0,242.0,43.0,71.0,21.0,66.0,18.0,13.0,35.0,111.0,0.1196581196581196,748.0,48.0,1910.9199999999998,72.17692820626806,6.83518031181493,54.0,102.0,62.0,67.73857021331787,12.658143997192383,60.0,0,0,912,,,,,,3,0,0
p16,2020-03-06,3,3,4,2,9,2,522.0,80.0,89.0,602.0,0.0,107.0,360.0,55.0,80.0,2.0,79.0,17.0,18.0,44.0,107.0,0.1238570241064006,1995.0,115.0,1974.6399999999999,68.7070432735832,8.961727913121328,52.0,109.0,56.0,67.28505611419678,8.394113540649414,83.0,0,0,755,,,,,,4,0,0
p16,2020-03-08,3,3,4,3,6,2,404.0,91.0,90.0,495.0,0.0,72.0,270.0,62.0,91.0,19.0,67.0,17.0,18.0,32.0,72.0,0.1951466127401415,1241.0,56.0,1934.3999999999999,67.1845166466105,8.713266435323957,51.0,98.0,56.0,66.59546375274658,6.951112747192383,78.0,0,0,608,,,,,,6,1,0
p16,2020-03-11,2,3,4,2,6,2,367.0,62.0,89.0,429.0,0.0,86.0,198.0,83.0,62.0,3.0,75.0,21.0,19.0,35.0,85.0,0.1423529411764706,2144.0,109.0,2043.35,69.63565891472868,9.30009288754915,54.0,110.0,58.70000000000002,69.75253868103027,6.7930145263671875,95.0,0,0,916,,,,,,2,0,0
p16,2020-03-15,4,4,4,4,10,4,574.0,92.0,91.0,666.0,0.0,164.0,331.0,79.0,92.0,21.0,84.0,20.0,21.0,43.0,163.0,0.1217129977460556,1219.0,67.0,1995.3799999999999,69.8196450680974,9.586393541526784,49.0,120.0,57.0,68.06121635437012,7.924386978149414,85.0,0,0,689,,,,,,6,1,1
p16,2020-03-17,2,3,4,3,5,3,314.0,48.0,88.0,362.0,0.0,61.0,193.0,60.0,48.0,1.0,69.0,19.0,16.0,34.0,61.0,0.1069364161849711,1263.0,55.0,1953.83,70.91964285714286,5.865397444582128,55.0,99.0,63.0,70.08468723297119,6.905646324157715,96.0,0,0,982,,,,,,1,0,0
p16,2020-03-18,3,4,4,4,8,4,519.0,84.0,90.0,603.0,0.0,132.0,272.0,115.0,84.0,0.0,87.0,23.0,20.0,44.0,132.0,0.1284175642087821,2194.0,115.0,2058.1,71.82688005506797,10.338969621234698,51.0,131.0,59.0,69.48232936859131,6.826229095458984,94.0,6,1,736,,,,,,2,0,0
